{"type": "FeatureCollection", "features": [{"type": "Feature", "properties": {"name": "\u6ee8\u7ee5\u7ebf", "name:en": null, "railway": "rail", "ele": null, "operator:type": null, "layer": null, "addr:full": null, "addr:city": null, "source": null, "name:zh": null, "osm_id": 1092822120, "osm_type": "ways_line"}, "geometry": {"type": "LineString", "coordinates": [[131.1138211, 44.403532], [131.1088158, 44.4036082], [131.1081996, 44.4036136], [131.1073247, 44.4036064], [131.1068621, 44.4035915], [131.1064957, 44.4035712]]}}, {"type": "Feature", "properties": {"name": "\u8001\u6ee8\u7ee5\u94c1\u8def", "name:en": null, "railway": "rail", "ele": null, "operator:type": null, "layer": null, "addr:full": null, "addr:city": null, "source": null, "name:zh": null, "osm_id": 1177294036, "osm_type": "ways_line"}, "geometry": {"type": "LineString", "coordinates": [[130.4368666, 44.6658068], [130.4365054, 44.6655426], [130.4360122, 44.6651818], [130.4356707, 44.6648999], [130.4353203, 44.6646167], [130.4346021, 44.6639819]]}}, {"type": "Feature", "properties": {"name": "\u6ee8\u7ee5\u7ebf", "name:en": null, "railway": "rail", "ele": null, "operator:type": null, "layer": null, "addr:full": null, "addr:city": null, "source": null, "name:zh": null, "osm_id": 1092822121, "osm_type": "ways_line"}, "geometry": {"type": "LineString", "coordinates": [[131.1138386, 44.4035706], [131.1088143, 44.4036461], [131.1080105, 44.4036547], [131.1075356, 44.4036539], [131.1072231, 44.4036495], [131.106804, 44.4036346], [131.1064846, 44.4036154]]}}, {"type": "Feature", "properties": {"name": "\u6ee8\u7ee5\u7ebf", "name:en": null, "railway": "rail", "ele": null, "operator:type": null, "layer": null, "addr:full": null, "addr:city": null, "source": null, "name:zh": null, "osm_id": 1092822113, "osm_type": "ways_line"}, "geometry": {"type": "LineString", "coordinates": [[131.1149731, 44.4035535], [131.1138386, 44.4035706]]}}, {"type": "Feature", "properties": {"name": "\u6ee8\u7ee5\u7ebf", "name:en": null, "railway": "rail", "ele": null, "operator:type": null, "layer": null, "addr:full": null, "addr:city": null, "source": null, "name:zh": null, "osm_id": 1092822112, "osm_type": "ways_line"}, "geometry": {"type": "LineString", "coordinates": [[131.114949, 44.4035148], [131.1138211, 44.403532]]}}, {"type": "Feature", "properties": {"name": "\u6ee8\u7ee5\u7ebf", "name:en": null, "railway": "rail", "ele": null, "operator:type": null, "layer": null, "addr:full": null, "addr:city": null, "source": null, "name:zh": null, "osm_id": 1092822116, "osm_type": "ways_line"}, "geometry": {"type": "LineString", "coordinates": [[131.146105, 44.3995638], [131.1453242, 44.4003129]]}}, {"type": "Feature", "properties": {"name": "\u6ee8\u7ee5\u7ebf", "name:en": null, "railway": "rail", "ele": null, "operator:type": null, "layer": null, "addr:full": null, "addr:city": null, "source": null, "name:zh": null, "osm_id": 1268585961, "osm_type": "ways_line"}, "geometry": {"type": "LineString", "coordinates": [[131.1375889, 44.4032135], [131.1373206, 44.403196], [131.137049, 44.4031782], [131.1363208, 44.4031894], [131.1358118, 44.4031973], [131.1346583, 44.4032147]]}}, {"type": "Feature", "properties": {"name": "\u6ee8\u7ee5\u7ebf", "name:en": null, "railway": "rail", "ele": null, "operator:type": null, "layer": null, "addr:full": null, "addr:city": null, "source": null, "name:zh": null, "osm_id": 1092822115, "osm_type": "ways_line"}, "geometry": {"type": "LineString", "coordinates": [[131.1358098, 44.4032408], [131.1289484, 44.4033441], [131.1198822, 44.4034806]]}}, {"type": "Feature", "properties": {"name": "\u6ee8\u7ee5\u7ebf", "name:en": null, "railway": "rail", "ele": null, "operator:type": null, "layer": null, "addr:full": null, "addr:city": null, "source": null, "name:zh": null, "osm_id": 1092822119, "osm_type": "ways_line"}, "geometry": {"type": "LineString", "coordinates": [[131.1367788, 44.4034009], [131.1347267, 44.4035977], [131.1344198, 44.4036223], [131.1341154, 44.4036387], [131.1259551, 44.4037695]]}}, {"type": "Feature", "properties": {"name": "\u6ee8\u7ee5\u5bbd\u8f68\u7ebf", "name:en": null, "railway": "rail", "ele": null, "operator:type": null, "layer": null, "addr:full": null, "addr:city": null, "source": null, "name:zh": null, "osm_id": 1092834015, "osm_type": "ways_line"}, "geometry": {"type": "LineString", "coordinates": [[131.1449744, 44.40056], [131.1444226, 44.4010916], [131.1442081, 44.4012862], [131.1439943, 44.4014647], [131.1437259, 44.4016675], [131.1434487, 44.4018541], [131.1431345, 44.4020386], [131.142797, 44.4022142], [131.1424639, 44.4023692], [131.1421048, 44.4025166], [131.1417669, 44.4026399], [131.1414217, 44.4027465], [131.1410042, 44.4028576], [131.1406463, 44.4029327], [131.140213, 44.4030047], [131.1397259, 44.4030721], [131.1383456, 44.4032022], [131.1354137, 44.4034785], [131.1351099, 44.4034973], [131.1348558, 44.4035116], [131.1346531, 44.4035148]]}}, {"type": "Feature", "properties": {"name": "\u6ee8\u7ee5\u5bbd\u8f68\u7ebf", "name:en": null, "railway": "rail", "ele": null, "operator:type": null, "layer": null, "addr:full": null, "addr:city": null, "source": null, "name:zh": null, "osm_id": 1249120052, "osm_type": "ways_line"}, "geometry": {"type": "LineString", "coordinates": [[131.1486413, 44.3920437], [131.14856, 44.392339], [131.1484838, 44.3926644], [131.148399, 44.3931364], [131.1483563, 44.393302], [131.1482866, 44.3935527], [131.1479444, 44.3947992], [131.1478259, 44.3952281], [131.1477078, 44.3956551], [131.1473848, 44.3968282]]}}, {"type": "Feature", "properties": {"name": "\u6ee8\u7ee5\u7ebf", "name:en": null, "railway": "rail", "ele": null, "operator:type": null, "layer": null, "addr:full": null, "addr:city": null, "source": null, "name:zh": null, "osm_id": 1268585955, "osm_type": "ways_line"}, "geometry": {"type": "LineString", "coordinates": [[131.1453242, 44.4003129], [131.1445491, 44.4010564], [131.1443157, 44.4012732], [131.144136, 44.4014283], [131.1439591, 44.4015684], [131.1437297, 44.4017356], [131.1434727, 44.4019045], [131.1432155, 44.4020578], [131.1429425, 44.4022038], [131.1426605, 44.402338], [131.1423503, 44.4024798], [131.1420284, 44.4026008], [131.1416719, 44.4027248], [131.1412813, 44.4028337], [131.1408444, 44.4029402], [131.1403644, 44.4030304], [131.1399225, 44.4030932], [131.1395252, 44.4031363], [131.1389344, 44.4031934], [131.1367788, 44.4034009]]}}, {"type": "Feature", "properties": {"name": "\u6ee8\u7ee5\u5bbd\u8f68\u7ebf", "name:en": null, "railway": "rail", "ele": null, "operator:type": null, "layer": null, "addr:full": null, "addr:city": null, "source": null, "name:zh": null, "osm_id": 1268585957, "osm_type": "ways_line"}, "geometry": {"type": "LineString", "coordinates": [[131.1452649, 44.4002816], [131.1449744, 44.40056]]}}, {"type": "Feature", "properties": {"name": "\u6ee8\u7ee5\u5bbd\u8f68\u7ebf", "name:en": null, "railway": "rail", "ele": null, "operator:type": null, "layer": null, "addr:full": null, "addr:city": null, "source": null, "name:zh": null, "osm_id": 1268585958, "osm_type": "ways_line"}, "geometry": {"type": "LineString", "coordinates": [[131.1473848, 44.3968282], [131.1471364, 44.39773], [131.1470594, 44.3979808], [131.1469808, 44.3981825], [131.1468662, 44.3984356], [131.1467495, 44.398642], [131.1465941, 44.3988808], [131.1464214, 44.3991133], [131.146236, 44.3993368], [131.1460485, 44.3995307]]}}, {"type": "Feature", "properties": {"name": "\u6ee8\u7ee5\u7ebf", "name:en": null, "railway": "rail", "ele": null, "operator:type": null, "layer": null, "addr:full": null, "addr:city": null, "source": null, "name:zh": null, "osm_id": 1268585971, "osm_type": "ways_line"}, "geometry": {"type": "LineString", "coordinates": [[131.1192459, 44.4034494], [131.1186656, 44.4034581], [131.117806, 44.4034716], [131.117345, 44.4034784], [131.1166457, 44.4034883], [131.1162111, 44.403495], [131.114949, 44.4035148]]}}, {"type": "Feature", "properties": {"name": "\u6ee8\u7ee5\u7ebf", "name:en": null, "railway": "rail", "ele": null, "operator:type": null, "layer": null, "addr:full": null, "addr:city": null, "source": null, "name:zh": null, "osm_id": 1268585972, "osm_type": "ways_line"}, "geometry": {"type": "LineString", "coordinates": [[131.1198822, 44.4034806], [131.1190347, 44.4034931], [131.1186656, 44.4034985], [131.1178068, 44.4035114], [131.1171699, 44.4035208], [131.1155205, 44.4035455], [131.1149731, 44.4035535]]}}, {"type": "Feature", "properties": {"name": "\u8001\u6ee8\u7ee5\u94c1\u8def", "name:en": null, "railway": "rail", "ele": null, "operator:type": null, "layer": null, "addr:full": null, "addr:city": null, "source": null, "name:zh": null, "osm_id": 560612084, "osm_type": "ways_line"}, "geometry": {"type": "LineString", "coordinates": [[130.4664657, 44.6827161], [130.4619664, 44.6820309], [130.4561617, 44.6811196], [130.4530372, 44.6806325], [130.452525, 44.68054], [130.4519314, 44.6804215], [130.4514598, 44.680303], [130.4510289, 44.6801787], [130.4504191, 44.6799648], [130.4499719, 44.679774], [130.4493864, 44.6794878], [130.4488254, 44.6791583], [130.4482725, 44.6788056], [130.4476993, 44.6783141], [130.4472643, 44.6778921], [130.4467357, 44.6772648], [130.4462845, 44.6767357], [130.4433216, 44.6732141], [130.4428284, 44.6726278], [130.4420679, 44.671724], [130.4415424, 44.6710993]]}}, {"type": "Feature", "properties": {"name": "\u8001\u6ee8\u7ee5\u94c1\u8def", "name:en": null, "railway": "rail", "ele": null, "operator:type": null, "layer": null, "addr:full": null, "addr:city": null, "source": null, "name:zh": null, "osm_id": 1177294035, "osm_type": "ways_line"}, "geometry": {"type": "LineString", "coordinates": [[130.4415424, 44.6710993], [130.4406082, 44.6699888], [130.4379216, 44.6667953], [130.4377783, 44.6666266], [130.437589, 44.6664165], [130.4374085, 44.666234], [130.4371926, 44.6660527], [130.4369997, 44.6659042], [130.4368666, 44.6658068]]}}, {"type": "Feature", "properties": {"name": "\u6ee8\u7ee5\u5bbd\u8f68\u7ebf", "name:en": null, "railway": "rail", "ele": null, "operator:type": null, "layer": "1", "addr:full": null, "addr:city": null, "source": null, "name:zh": null, "osm_id": 1092834016, "osm_type": "ways_line"}, "geometry": {"type": "LineString", "coordinates": [[131.1460485, 44.3995307], [131.1452649, 44.4002816]]}}, {"type": "Feature", "properties": {"name": "\u6ee8\u7ee5\u7ebf", "name:en": null, "railway": "rail", "ele": null, "operator:type": null, "layer": null, "addr:full": null, "addr:city": null, "source": null, "name:zh": null, "osm_id": 1268585952, "osm_type": "ways_line"}, "geometry": {"type": "LineString", "coordinates": [[131.1259551, 44.4037695], [131.1247308, 44.4037893]]}}, {"type": "Feature", "properties": {"name": "\u6ee8\u7ee5\u5bbd\u8f68\u7ebf", "name:en": null, "railway": "rail", "ele": null, "operator:type": null, "layer": null, "addr:full": null, "addr:city": null, "source": null, "name:zh": null, "osm_id": 1268585953, "osm_type": "ways_line"}, "geometry": {"type": "LineString", "coordinates": [[131.1252121, 44.4036609], [131.1244592, 44.4036724]]}}, {"type": "Feature", "properties": {"name": "\u6ee8\u7ee5\u5bbd\u8f68\u7ebf", "name:en": null, "railway": "rail", "ele": null, "operator:type": null, "layer": null, "addr:full": null, "addr:city": null, "source": null, "name:zh": null, "osm_id": 1268585954, "osm_type": "ways_line"}, "geometry": {"type": "LineString", "coordinates": [[131.1346531, 44.4035148], [131.1252121, 44.4036609]]}}, {"type": "Feature", "properties": {"name": "\u6ee8\u7ee5\u7ebf", "name:en": null, "railway": "rail", "ele": null, "operator:type": null, "layer": null, "addr:full": null, "addr:city": null, "source": null, "name:zh": null, "osm_id": 1092822114, "osm_type": "ways_line"}, "geometry": {"type": "LineString", "coordinates": [[131.1346583, 44.4032147], [131.1289485, 44.4033016], [131.1192459, 44.4034494]]}}, {"type": "Feature", "properties": {"name": "\u6ee8\u7ee5\u7ebf", "name:en": null, "railway": "rail", "ele": null, "operator:type": null, "layer": null, "addr:full": null, "addr:city": null, "source": null, "name:zh": null, "osm_id": 1268585962, "osm_type": "ways_line"}, "geometry": {"type": "LineString", "coordinates": [[131.1389344, 44.4031934], [131.1383456, 44.4032022], [131.1375889, 44.4032135], [131.137054, 44.4032217], [131.1363201, 44.4032327], [131.1358098, 44.4032408]]}}, {"type": "Feature", "properties": {"name": "\u6ee8\u7ee5\u5bbd\u8f68\u7ebf", "name:en": null, "railway": "rail", "ele": null, "operator:type": null, "layer": null, "addr:full": null, "addr:city": null, "source": null, "name:zh": null, "osm_id": 1092822007, "osm_type": "ways_line"}, "geometry": {"type": "LineString", "coordinates": [[131.1524637, 44.3850349], [131.1522395, 44.3852071], [131.1519829, 44.3853902], [131.1516055, 44.3856482], [131.151382, 44.3858199], [131.1512132, 44.3859681], [131.151039, 44.3861384], [131.1508615, 44.3863216], [131.1506728, 44.3865258], [131.1504836, 44.3867585], [131.1503083, 44.3869948], [131.1501417, 44.3872545], [131.150004, 44.3875003], [131.1499121, 44.3876865], [131.1498147, 44.3879059], [131.149724, 44.3881488], [131.1496512, 44.3883769], [131.1486413, 44.3920437]]}}, {"type": "Feature", "properties": {"name": "\u6ee8\u7ee5\u7ebf", "name:en": null, "railway": "rail", "ele": null, "operator:type": null, "layer": null, "addr:full": null, "addr:city": null, "source": null, "name:zh": null, "osm_id": 1092822117, "osm_type": "ways_line"}, "geometry": {"type": "LineString", "coordinates": [[131.1487464, 44.3923267], [131.1486017, 44.3928508], [131.1485031, 44.3932082], [131.1481491, 44.3944906], [131.1479262, 44.3952973], [131.1478714, 44.3955163], [131.1477515, 44.3960795], [131.1476545, 44.3965022], [131.1473657, 44.3975736], [131.1473077, 44.3977741], [131.1472338, 44.3979828], [131.1471437, 44.3981881], [131.1470272, 44.3984193], [131.1468819, 44.3986599], [131.1467024, 44.3989093], [131.146516, 44.3991379], [131.1463341, 44.3993379], [131.1461603, 44.3995093], [131.146105, 44.3995638]]}}, {"type": "Feature", "properties": {"name": "\u6ee8\u7ee5\u7ebf", "name:en": null, "railway": "rail", "ele": null, "operator:type": null, "layer": null, "addr:full": null, "addr:city": null, "source": null, "name:zh": null, "osm_id": 1092822118, "osm_type": "ways_line"}, "geometry": {"type": "LineString", "coordinates": [[131.151848, 44.3856123], [131.1515129, 44.3858729], [131.1513191, 44.3860427], [131.1511471, 44.3862064], [131.1509602, 44.3863959], [131.1508071, 44.3865703], [131.1506333, 44.3867841], [131.1504656, 44.3870118], [131.1502979, 44.3872773], [131.1501472, 44.3875535], [131.1500195, 44.3878374], [131.1498983, 44.3881531]]}}, {"type": "Feature", "properties": {"name": "\u6ee8\u7ee5\u7ebf", "name:en": null, "railway": "rail", "ele": null, "operator:type": null, "layer": null, "addr:full": null, "addr:city": null, "source": null, "name:zh": null, "osm_id": 1249120050, "osm_type": "ways_line"}, "geometry": {"type": "LineString", "coordinates": [[131.1498983, 44.3881531], [131.1493867, 44.3900069], [131.1487464, 44.3923267]]}}, {"type": "Feature", "properties": {"name": "\u6ee8\u7ee5\u5bbd\u8f68\u7ebf", "name:en": null, "railway": "rail", "ele": null, "operator:type": null, "layer": null, "addr:full": null, "addr:city": null, "source": null, "name:zh": null, "osm_id": 1249120077, "osm_type": "ways_line"}, "geometry": {"type": "LineString", "coordinates": [[131.1534088, 44.3843276], [131.1532312, 44.3844527], [131.1526577, 44.3848864], [131.1524637, 44.3850349]]}}, {"type": "Feature", "properties": {"name": "\u6ee8\u7ee5\u7ebf", "name:en": null, "railway": "rail", "ele": null, "operator:type": null, "layer": null, "addr:full": null, "addr:city": null, "source": null, "name:zh": null, "osm_id": 1249120078, "osm_type": "ways_line"}, "geometry": {"type": "LineString", "coordinates": [[131.1534088, 44.3843276], [131.1530616, 44.3846425], [131.1528576, 44.3848111], [131.152401, 44.3851714], [131.1522215, 44.3853164], [131.151848, 44.3856123]]}}, {"type": "Feature", "properties": {"name": "\u6ee8\u7ee5\u7ebf", "name:en": null, "railway": "rail", "ele": null, "operator:type": null, "layer": null, "addr:full": null, "addr:city": null, "source": null, "name:zh": null, "osm_id": 966779260, "osm_type": "ways_line"}, "geometry": {"type": "LineString", "coordinates": [[129.5716575, 44.5774228], [129.5712976, 44.5770688]]}}, {"type": "Feature", "properties": {"name": "\u6ee8\u7ee5\u7ebf;\u6ee8\u7ee5\u5bbd\u8f68\u7ebf", "name:en": null, "railway": "rail", "ele": null, "operator:type": null, "layer": null, "addr:full": null, "addr:city": null, "source": "bing", "name:zh": null, "osm_id": 654532410, "osm_type": "ways_line"}, "geometry": {"type": "LineString", "coordinates": [[131.1957291, 44.3823335], [131.1959273, 44.3820863], [131.196072, 44.3818628], [131.1963068, 44.3814328], [131.1964611, 44.3812161], [131.1966465, 44.3809936], [131.1968885, 44.3807666], [131.1971151, 44.3806041], [131.1974047, 44.3804349], [131.1976695, 44.3803188], [131.1979815, 44.3802005], [131.1982778, 44.3801107], [131.1985962, 44.3800457], [131.1989458, 44.3800069], [131.1993268, 44.3799928], [131.1997496, 44.3800114], [131.2001157, 44.3800524], [131.2004758, 44.3801316], [131.2008327, 44.3802512], [131.2011287, 44.3803714], [131.2015172, 44.3805669], [131.2018931, 44.3808006], [131.2021308, 44.3809295], [131.2024382, 44.3810622]]}}, {"type": "Feature", "properties": {"name": "\u6ee8\u7ee5\u7ebf", "name:en": null, "railway": "rail", "ele": null, "operator:type": null, "layer": "1", "addr:full": null, "addr:city": null, "source": "bing", "name:zh": null, "osm_id": 660112262, "osm_type": "ways_line"}, "geometry": {"type": "LineString", "coordinates": [[127.4415158, 45.299644], [127.4408694, 45.2999097]]}}, {"type": "Feature", "properties": {"name": "\u6ee8\u7ee5\u7ebf", "name:en": null, "railway": "rail", "ele": null, "operator:type": null, "layer": null, "addr:full": null, "addr:city": null, "source": "GPS", "name:zh": null, "osm_id": 670351066, "osm_type": "ways_line"}, "geometry": {"type": "LineString", "coordinates": [[128.0344963, 45.143311], [128.0328917, 45.1472879], [128.0326021, 45.1479733], [128.0322529, 45.1487636], [128.0319001, 45.1495527], [128.0317115, 45.1500003], [128.030578, 45.1528064], [128.0303884, 45.1532582], [128.0301854, 45.1537062], [128.0299203, 45.1542541], [128.0296545, 45.1547725], [128.0293856, 45.1552522], [128.0122542, 45.1838482], [128.0119532, 45.1842884], [128.0116672, 45.1846769], [128.0113638, 45.1850342], [128.0058764, 45.1910236], [128.0052323, 45.1916835], [128.0048952, 45.1919859], [128.004565, 45.1922752], [128.0039628, 45.1927426], [128.0034346, 45.1930906], [128.0028642, 45.1934591], [127.9919623, 45.2004172], [127.9915279, 45.2006754], [127.9909871, 45.2009825], [127.9904074, 45.2012581], [127.9897963, 45.2015205], [127.9894327, 45.2016625], [127.989061, 45.2017993], [127.988706, 45.2019244], [127.9882729, 45.202067], [127.98781, 45.2022029], [127.9829915, 45.2035695], [127.9824227, 45.2037122], [127.9818364, 45.2038468], [127.9814848, 45.2039085], [127.9810677, 45.2039818], [127.9806152, 45.2040564], [127.9800296, 45.2041275], [127.9773225, 45.2043729], [127.976353, 45.2045135], [127.9754943, 45.2046806], [127.9750911, 45.2047781], [127.9746789, 45.2048844], [127.974112, 45.2050451], [127.970444, 45.2061067], [127.9700308, 45.2062146], [127.9694572, 45.2063406], [127.9690877, 45.2064088], [127.9687685, 45.2064639], [127.9684402, 45.2065146], [127.9681364, 45.2065461], [127.9678678, 45.2065667], [127.9674909, 45.2065967], [127.9671105, 45.2066126], [127.9668857, 45.2066195], [127.9665618, 45.2066201]]}}, {"type": "Feature", "properties": {"name": "\u6ee8\u7ee5\u7ebf", "name:en": null, "railway": "rail", "ele": null, "operator:type": null, "layer": "1", "addr:full": null, "addr:city": null, "source": "DigitalGlobe", "name:zh": null, "osm_id": 670351072, "osm_type": "ways_line"}, "geometry": {"type": "LineString", "coordinates": [[128.0527124, 45.0870667], [128.0526725, 45.0871621]]}}, {"type": "Feature", "properties": {"name": "\u6ee8\u7ee5\u7ebf", "name:en": null, "railway": "rail", "ele": null, "operator:type": null, "layer": null, "addr:full": null, "addr:city": null, "source": null, "name:zh": null, "osm_id": 696130641, "osm_type": "ways_line"}, "geometry": {"type": "LineString", "coordinates": [[130.9795123, 44.3925246], [130.9798255, 44.392208], [130.9801429, 44.3919118], [130.9807634, 44.3913586], [130.9814164, 44.3908141], [130.9820816, 44.3902958], [130.9826484, 44.3898825], [130.9832436, 44.3894924], [130.9844462, 44.3887238], [130.9852839, 44.388262], [130.9875677, 44.3871014], [130.9890721, 44.3864493], [130.9917451, 44.3854201], [130.9929926, 44.3849889], [130.9939355, 44.3846895]]}}, {"type": "Feature", "properties": {"name": "\u6ee8\u7ee5\u7ebf", "name:en": null, "railway": "rail", "ele": null, "operator:type": null, "layer": null, "addr:full": null, "addr:city": null, "source": null, "name:zh": null, "osm_id": 696130642, "osm_type": "ways_line"}, "geometry": {"type": "LineString", "coordinates": [[130.9193131, 44.4264286], [130.9202282, 44.4263776], [130.9211433, 44.4263166]]}}, {"type": "Feature", "properties": {"name": "\u6ee8\u7ee5\u7ebf\uff08\u53cc\u4e30\u96a7\u9053\uff09", "name:en": null, "railway": "rail", "ele": null, "operator:type": null, "layer": "-1", "addr:full": null, "addr:city": null, "source": null, "name:zh": null, "osm_id": 696130703, "osm_type": "ways_line"}, "geometry": {"type": "LineString", "coordinates": [[130.597457, 44.541909], [130.6747519, 44.5241631], [130.6787297, 44.523155], [130.6815512, 44.5222632], [130.6837873, 44.5214411]]}}, {"type": "Feature", "properties": {"name": "\u6ee8\u7ee5\u7ebf", "name:en": null, "railway": "rail", "ele": null, "operator:type": null, "layer": "1", "addr:full": null, "addr:city": null, "source": "GPS", "name:zh": null, "osm_id": 679207562, "osm_type": "ways_line"}, "geometry": {"type": "LineString", "coordinates": [[128.680035, 44.9074324], [128.6789733, 44.9070955]]}}, {"type": "Feature", "properties": {"name": "\u6ee8\u7ee5\u7ebf", "name:en": null, "railway": "rail", "ele": null, "operator:type": null, "layer": null, "addr:full": null, "addr:city": null, "source": "GPS", "name:zh": null, "osm_id": 679207565, "osm_type": "ways_line"}, "geometry": {"type": "LineString", "coordinates": [[128.6789733, 44.9070955], [128.6757582, 44.9060835], [128.6749016, 44.9058231], [128.6742803, 44.905664], [128.6738725, 44.9055905], [128.6734646, 44.905527], [128.6730015, 44.9054827], [128.672529, 44.9054517], [128.6720744, 44.9054426], [128.6716198, 44.9054533], [128.6712905, 44.9054707], [128.6709611, 44.9055014], [128.6706436, 44.905545], [128.670326, 44.9055972], [128.6700199, 44.9056588], [128.6697138, 44.9057269], [128.668936, 44.9059348], [128.626414, 44.9195552], [128.625935, 44.9197231], [128.6255477, 44.9198713], [128.6251604, 44.9200313], [128.6248635, 44.920175], [128.6245776, 44.9203344], [128.6240723, 44.9206462], [128.62367, 44.9209443], [128.6188191, 44.9246673], [128.6185452, 44.9248571], [128.6182665, 44.9250281], [128.6180097, 44.9251714], [128.6176055, 44.9253547], [128.617254, 44.9254893], [128.6169192, 44.9256056], [128.616543, 44.9257099], [128.6160776, 44.9258051], [128.6155881, 44.9258808], [128.6137165, 44.9261471], [128.6130099, 44.9262548]]}}, {"type": "Feature", "properties": {"name": "\u6ee8\u7ee5\u7ebf", "name:en": null, "railway": "rail", "ele": null, "operator:type": null, "layer": null, "addr:full": null, "addr:city": null, "source": null, "name:zh": null, "osm_id": 717426509, "osm_type": "ways_line"}, "geometry": {"type": "LineString", "coordinates": [[126.6229773, 45.7373225], [126.6227872, 45.7373924], [126.6218689, 45.737696], [126.6211105, 45.7379153], [126.6203313, 45.7381651], [126.6195933, 45.7384415], [126.6191512, 45.7386391], [126.618815, 45.7388098], [126.6184553, 45.7390056], [126.6181529, 45.7391877], [126.6176068, 45.7395628], [126.6173101, 45.7397976], [126.617018, 45.7400338], [126.6166502, 45.7403737], [126.6163552, 45.7407004], [126.6160615, 45.7410595], [126.6157678, 45.7414605], [126.6156072, 45.7417601], [126.6154289, 45.7421767], [126.6152943, 45.7425595], [126.6151939, 45.7428839], [126.6150807, 45.7433779], [126.6150205, 45.7437607], [126.6150028, 45.7440991], [126.6150205, 45.7445412], [126.6150453, 45.7448425], [126.6150984, 45.7452846], [126.6151177, 45.7453429], [126.6152647, 45.7457662], [126.6158347, 45.7471662], [126.6160511, 45.7476266]]}}, {"type": "Feature", "properties": {"name": "\u6ee8\u7ee5\u7ebf", "name:en": null, "railway": "rail", "ele": null, "operator:type": null, "layer": null, "addr:full": null, "addr:city": null, "source": "GPS", "name:zh": null, "osm_id": 769998163, "osm_type": "ways_line"}, "geometry": {"type": "LineString", "coordinates": [[131.0816103, 44.3950518], [131.0796689, 44.3942792], [131.0786733, 44.3939153], [131.0776706, 44.3935665], [131.0766679, 44.3932303], [131.0756581, 44.3929043], [131.0736597, 44.3923217], [131.0716897, 44.3917797], [131.069988, 44.3913065], [131.0469371, 44.3849787]]}}, {"type": "Feature", "properties": {"name": "\u6ee8\u7ee5\u7ebf", "name:en": null, "railway": "rail", "ele": null, "operator:type": null, "layer": null, "addr:full": null, "addr:city": null, "source": null, "name:zh": null, "osm_id": 769998164, "osm_type": "ways_line"}, "geometry": {"type": "LineString", "coordinates": [[131.0260964, 44.3823823], [131.00476, 44.3828618], [131.0038672, 44.3829103], [131.0029745, 44.3829849], [131.0011024, 44.3831788], [130.9992232, 44.3834486], [130.9977798, 44.383709], [130.9964423, 44.3839833], [130.9945044, 44.3844753]]}}, {"type": "Feature", "properties": {"name": "\u6ee8\u7ee5\u7ebf", "name:en": null, "railway": "rail", "ele": null, "operator:type": null, "layer": null, "addr:full": null, "addr:city": null, "source": null, "name:zh": null, "osm_id": 769998165, "osm_type": "ways_line"}, "geometry": {"type": "LineString", "coordinates": [[130.9939151, 44.384644], [130.992972, 44.3849481], [130.9917247, 44.3853753], [130.9890424, 44.3864078], [130.9875277, 44.3870629], [130.9852465, 44.3882286], [130.9844233, 44.38869], [130.9832063, 44.3894562], [130.98261, 44.3898495], [130.9820402, 44.3902704], [130.9813721, 44.3907843], [130.9807203, 44.3913273], [130.980095, 44.391892], [130.9797874, 44.3921918], [130.9794838, 44.392509]]}}, {"type": "Feature", "properties": {"name": "\u6ee8\u7ee5\u7ebf\uff08\u5bd2\u8471\u6cb3\u96a7\u9053\uff09", "name:en": null, "railway": "rail", "ele": null, "operator:type": null, "layer": "-1", "addr:full": null, "addr:city": null, "source": null, "name:zh": null, "osm_id": 769998166, "osm_type": "ways_line"}, "geometry": {"type": "LineString", "coordinates": [[130.9794838, 44.392509], [130.9782954, 44.3936405], [130.9774733, 44.3943737], [130.9631353, 44.406205], [130.9612521, 44.4076801], [130.9586201, 44.4095026], [130.9561737, 44.4112286], [130.9535352, 44.4130665], [130.9511551, 44.4145006], [130.9483592, 44.4160663], [130.9448728, 44.4179091], [130.9416925, 44.4195494], [130.9378883, 44.4213538], [130.9347573, 44.4228246], [130.9332712, 44.4234503], [130.9316713, 44.4241016], [130.9303028, 44.4245564], [130.9290348, 44.4249222], [130.9271461, 44.4254161], [130.9255955, 44.4257501], [130.9241213, 44.425973], [130.9228626, 44.4261226], [130.9211373, 44.426268]]}}, {"type": "Feature", "properties": {"name": "\u6ee8\u7ee5\u7ebf", "name:en": null, "railway": "rail", "ele": null, "operator:type": null, "layer": null, "addr:full": null, "addr:city": null, "source": null, "name:zh": null, "osm_id": 769998169, "osm_type": "ways_line"}, "geometry": {"type": "LineString", "coordinates": [[130.9211373, 44.426268], [130.9202178, 44.4263331], [130.9192983, 44.4263849]]}}, {"type": "Feature", "properties": {"name": "\u6ee8\u7ee5\u7ebf\uff08\u7ee5\u82ac\u6cb3\u7279\u5927\u6865\uff09", "name:en": null, "railway": "rail", "ele": null, "operator:type": null, "layer": null, "addr:full": null, "addr:city": null, "source": null, "name:zh": null, "osm_id": 769998170, "osm_type": "ways_line"}, "geometry": {"type": "LineString", "coordinates": [[130.9192983, 44.4263849], [130.9179151, 44.4264548], [130.9163433, 44.4265346], [130.9143073, 44.4266053], [130.9121532, 44.4266083], [130.9026446, 44.4264431], [130.901257, 44.426419], [130.9004263, 44.4264055], [130.9001625, 44.4264012]]}}, {"type": "Feature", "properties": {"name": "\u6ee8\u7ee5\u7ebf", "name:en": null, "railway": "rail", "ele": null, "operator:type": null, "layer": null, "addr:full": null, "addr:city": null, "source": null, "name:zh": null, "osm_id": 769998171, "osm_type": "ways_line"}, "geometry": {"type": "LineString", "coordinates": [[130.9001625, 44.4264012], [130.8996525, 44.4263917], [130.8926564, 44.4262505], [130.881531, 44.4260259], [130.8808651, 44.4260125], [130.8796979, 44.425989], [130.878998, 44.4259749], [130.8773622, 44.425942], [130.87598, 44.4259427], [130.8750899, 44.4259443]]}}, {"type": "Feature", "properties": {"name": "\u6ee8\u7ee5\u7ebf\uff08\u7ee5\u897f\u96a7\u9053\uff09", "name:en": null, "railway": "rail", "ele": null, "operator:type": null, "layer": null, "addr:full": null, "addr:city": null, "source": null, "name:zh": null, "osm_id": 769998172, "osm_type": "ways_line"}, "geometry": {"type": "LineString", "coordinates": [[130.8623945, 44.4280434], [130.8599617, 44.4287965], [130.8573667, 44.4298605], [130.8540554, 44.4314346], [130.8353901, 44.4429851]]}}, {"type": "Feature", "properties": {"name": "\u6ee8\u7ee5\u7ebf", "name:en": null, "railway": "rail", "ele": null, "operator:type": null, "layer": "1", "addr:full": null, "addr:city": null, "source": null, "name:zh": null, "osm_id": 769998173, "osm_type": "ways_line"}, "geometry": {"type": "LineString", "coordinates": [[130.8158489, 44.4550034], [130.8126472, 44.4569723]]}}, {"type": "Feature", "properties": {"name": "\u6ee8\u7ee5\u7ebf", "name:en": null, "railway": "rail", "ele": null, "operator:type": null, "layer": null, "addr:full": null, "addr:city": null, "source": null, "name:zh": null, "osm_id": 769998175, "osm_type": "ways_line"}, "geometry": {"type": "LineString", "coordinates": [[130.7804031, 44.4775619], [130.7792245, 44.4783375], [130.7769535, 44.4797173], [130.7744704, 44.4810444], [130.7723471, 44.4820459], [130.7699513, 44.4830677], [130.7675198, 44.4839613], [130.7653939, 44.4846719], [130.7568137, 44.4873392], [130.7554695, 44.4877571], [130.7528829, 44.4885612], [130.7508373, 44.4891619], [130.7495549, 44.489505], [130.748429, 44.4897743], [130.7474234, 44.4899856], [130.7473709, 44.4899965], [130.7461694, 44.4902463], [130.7450555, 44.4904495], [130.7411597, 44.4911019], [130.7393645, 44.4914026], [130.7372493, 44.4917568], [130.73527, 44.4921325], [130.7340162, 44.4924053], [130.7327055, 44.4927398], [130.7308177, 44.4933007], [130.7292577, 44.4938323], [130.727982, 44.4943141], [130.7267932, 44.4947957], [130.7257104, 44.4952924], [130.7247884, 44.4957466], [130.7236031, 44.4963654], [130.7212114, 44.4978287], [130.695931, 44.5148206]]}}, {"type": "Feature", "properties": {"name": "\u6ee8\u7ee5\u7ebf\uff08\u53cc\u4e30\u96a7\u9053\uff09", "name:en": null, "railway": "rail", "ele": null, "operator:type": null, "layer": "-1", "addr:full": null, "addr:city": null, "source": null, "name:zh": null, "osm_id": 769998176, "osm_type": "ways_line"}, "geometry": {"type": "LineString", "coordinates": [[130.6837664, 44.5214053], [130.6814888, 44.5222324], [130.6787072, 44.5231001], [130.6747352, 44.5241129], [130.5974402, 44.5418723]]}}, {"type": "Feature", "properties": {"name": "\u6ee8\u7ee5\u7ebf\uff08\u7ea2\u623f\u5b50\u96a7\u9053\uff09", "name:en": null, "railway": "rail", "ele": null, "operator:type": null, "layer": "-1", "addr:full": null, "addr:city": null, "source": null, "name:zh": null, "osm_id": 769998177, "osm_type": "ways_line"}, "geometry": {"type": "LineString", "coordinates": [[130.5536809, 44.5536311], [130.4807987, 44.5787206]]}}, {"type": "Feature", "properties": {"name": "\u6ee8\u7ee5\u7ebf", "name:en": null, "railway": "rail", "ele": null, "operator:type": null, "layer": null, "addr:full": null, "addr:city": null, "source": null, "name:zh": null, "osm_id": 846860476, "osm_type": "ways_line"}, "geometry": {"type": "LineString", "coordinates": [[130.8353901, 44.4429851], [130.8158489, 44.4550034]]}}, {"type": "Feature", "properties": {"name": "\u6ee8\u7ee5\u7ebf;\u6ee8\u7ee5\u5bbd\u8f68\u7ebf", "name:en": null, "railway": "rail", "ele": null, "operator:type": null, "layer": null, "addr:full": null, "addr:city": null, "source": "bing", "name:zh": null, "osm_id": 846860479, "osm_type": "ways_line"}, "geometry": {"type": "LineString", "coordinates": [[131.1684466, 44.3791836], [131.1686308, 44.3792972], [131.1688311, 44.3794014], [131.1690795, 44.3794981], [131.1693289, 44.3795683], [131.1695909, 44.3796207], [131.1698629, 44.3796626], [131.1701618, 44.3796945], [131.1704836, 44.379725], [131.1710196, 44.3797476], [131.1713922, 44.3797676], [131.1717068, 44.379804], [131.1720068, 44.3798641], [131.1722891, 44.3799374], [131.17253, 44.3800344], [131.1727712, 44.3801542], [131.1731693, 44.3803599], [131.1734076, 44.3804664], [131.1736874, 44.3805714], [131.173992, 44.3806756], [131.1742947, 44.380767], [131.1745995, 44.3808465], [131.1749358, 44.380914], [131.1752762, 44.3809667], [131.1756557, 44.3810021], [131.1762313, 44.3810337], [131.1786207, 44.3811301], [131.179032, 44.3811295], [131.1794296, 44.3810973], [131.1797701, 44.3810394], [131.1801283, 44.3809432], [131.1804638, 44.3808124], [131.1807787, 44.3806659], [131.1811106, 44.3804745], [131.1813738, 44.3803073]]}}, {"type": "Feature", "properties": {"name": "\u6ee8\u7ee5\u7ebf", "name:en": null, "railway": "rail", "ele": null, "operator:type": null, "layer": null, "addr:full": null, "addr:city": null, "source": "yahoo imagery", "name:zh": null, "osm_id": 858399110, "osm_type": "ways_line"}, "geometry": {"type": "LineString", "coordinates": [[126.9975549, 45.545723], [126.9986857, 45.5451474], [126.9990119, 45.5449944], [126.9992987, 45.5448675], [126.9997005, 45.5447007]]}}, {"type": "Feature", "properties": {"name": "\u6ee8\u7ee5\u7ebf", "name:en": null, "railway": "rail", "ele": null, "operator:type": null, "layer": null, "addr:full": null, "addr:city": null, "source": "yahoo imagery", "name:zh": null, "osm_id": 858399111, "osm_type": "ways_line"}, "geometry": {"type": "LineString", "coordinates": [[126.9996795, 45.5446597], [126.9992742, 45.5448288], [126.9989837, 45.5449549], [126.9986515, 45.5451089], [126.9975125, 45.5456826]]}}, {"type": "Feature", "properties": {"name": "\u6ee8\u7ee5\u7ebf", "name:en": null, "railway": "rail", "ele": null, "operator:type": null, "layer": null, "addr:full": null, "addr:city": null, "source": "GPS", "name:zh": null, "osm_id": 904732952, "osm_type": "ways_line"}, "geometry": {"type": "LineString", "coordinates": [[131.1020487, 44.4029984], [131.1011893, 44.4028172], [131.0997033, 44.402411], [131.0991977, 44.4022402]]}}, {"type": "Feature", "properties": {"name": "\u6ee8\u7ee5\u7ebf\uff08\u91d1\u5bb6\u8c37\u96a7\u9053\uff09", "name:en": null, "railway": "rail", "ele": null, "operator:type": null, "layer": null, "addr:full": null, "addr:city": null, "source": "GPS", "name:zh": null, "osm_id": 904732953, "osm_type": "ways_line"}, "geometry": {"type": "LineString", "coordinates": [[131.0978226, 44.4017376], [131.0816103, 44.3950518]]}}, {"type": "Feature", "properties": {"name": "\u6ee8\u7ee5\u7ebf\uff08\u8de8\u8001\u6ee8\u7ee5\u7ebf\u7279\u5927\u6865\uff09", "name:en": null, "railway": "rail", "ele": null, "operator:type": null, "layer": null, "addr:full": null, "addr:city": null, "source": "GPS", "name:zh": null, "osm_id": 1002184585, "osm_type": "ways_line"}, "geometry": {"type": "LineString", "coordinates": [[131.0335024, 44.3826019], [131.0349481, 44.3827399], [131.0373781, 44.3830236], [131.039272, 44.383313], [131.040739, 44.38357], [131.0438852, 44.3842247], [131.0469076, 44.3850303]]}}, {"type": "Feature", "properties": {"name": "\u6ee8\u7ee5\u7ebf", "name:en": null, "railway": "rail", "ele": null, "operator:type": null, "layer": "1", "addr:full": null, "addr:city": null, "source": "GPS", "name:zh": null, "osm_id": 1081163161, "osm_type": "ways_line"}, "geometry": {"type": "LineString", "coordinates": [[128.6789119, 44.9071989], [128.6799824, 44.9075314]]}}, {"type": "Feature", "properties": {"name": "\u6ee8\u7ee5\u7ebf", "name:en": null, "railway": "rail", "ele": null, "operator:type": null, "layer": null, "addr:full": null, "addr:city": null, "source": "GPS", "name:zh": null, "osm_id": 1081163162, "osm_type": "ways_line"}, "geometry": {"type": "LineString", "coordinates": [[128.6130184, 44.9262963], [128.6144767, 44.9260902], [128.615603, 44.925931], [128.6161011, 44.9258508], [128.6165824, 44.9257556], [128.6169396, 44.9256532], [128.6172856, 44.9255332], [128.6176421, 44.9253951], [128.6180405, 44.9252132], [128.6183048, 44.9250741], [128.6185739, 44.9249008], [128.6188666, 44.9247067], [128.6237151, 44.9209748], [128.6241115, 44.9206822], [128.624621, 44.920375], [128.6249164, 44.9202169], [128.6252173, 44.9200785], [128.6255855, 44.9199215], [128.6259538, 44.9197764], [128.6264277, 44.9196077], [128.6689536, 44.905985], [128.6697302, 44.9057791], [128.6700393, 44.9057154], [128.6703484, 44.9056582], [128.6706696, 44.9056136], [128.6709907, 44.9055762], [128.6713082, 44.9055502], [128.6716258, 44.9055375], [128.6720655, 44.9055263], [128.6725052, 44.9055416], [128.672964, 44.9055747], [128.6734182, 44.9056244], [128.6738112, 44.9056877], [128.6741996, 44.9057676], [128.6748609, 44.9059396], [128.6755925, 44.9061658], [128.6789119, 44.9071989]]}}, {"type": "Feature", "properties": {"name": "\u6ee8\u7ee5\u8d27\u7ebf", "name:en": null, "railway": "rail", "ele": null, "operator:type": null, "layer": null, "addr:full": null, "addr:city": null, "source": null, "name:zh": null, "osm_id": 1085503019, "osm_type": "ways_line"}, "geometry": {"type": "LineString", "coordinates": [[129.565507, 44.5649393], [129.5645498, 44.5644386], [129.5642129, 44.5642896], [129.5636741, 44.5640658], [129.5629169, 44.5637769], [129.5625662, 44.5636501], [129.561162, 44.5632158]]}}, {"type": "Feature", "properties": {"name": "\u6ee8\u7ee5\u7ebf", "name:en": null, "railway": "rail", "ele": null, "operator:type": null, "layer": null, "addr:full": null, "addr:city": null, "source": "bing", "name:zh": null, "osm_id": 1085503020, "osm_type": "ways_line"}, "geometry": {"type": "LineString", "coordinates": [[129.5532395, 44.560753], [129.5524365, 44.5605063], [129.551616, 44.5602647], [129.5505593, 44.5599358], [129.5497457, 44.5596725], [129.5493236, 44.5595209], [129.5485228, 44.5592023]]}}, {"type": "Feature", "properties": {"name": "\u6ee8\u7ee5\u8d27\u7ebf", "name:en": null, "railway": "rail", "ele": null, "operator:type": null, "layer": null, "addr:full": null, "addr:city": null, "source": null, "name:zh": null, "osm_id": 1085503022, "osm_type": "ways_line"}, "geometry": {"type": "LineString", "coordinates": [[129.5618867, 44.5633933], [129.5623095, 44.5635258], [129.5627675, 44.5636703], [129.5641916, 44.5642213], [129.5646181, 44.5644191], [129.5658725, 44.5650729]]}}, {"type": "Feature", "properties": {"name": "\u6ee8\u7ee5\u8d27\u7ebf", "name:en": null, "railway": "rail", "ele": null, "operator:type": null, "layer": null, "addr:full": null, "addr:city": null, "source": null, "name:zh": null, "osm_id": 1082514371, "osm_type": "ways_line"}, "geometry": {"type": "LineString", "coordinates": [[129.591931, 44.582853], [129.5916706, 44.5826987], [129.5913906, 44.5825307], [129.590601, 44.5819496], [129.5902182, 44.5816689], [129.5891306, 44.5808824]]}}, {"type": "Feature", "properties": {"name": "\u6ee8\u7ee5\u7ebf", "name:en": null, "railway": "rail", "ele": null, "operator:type": null, "layer": "1", "addr:full": null, "addr:city": null, "source": "GPS", "name:zh": null, "osm_id": 1084599523, "osm_type": "ways_line"}, "geometry": {"type": "LineString", "coordinates": [[127.965608, 45.206685], [127.9664719, 45.2066925]]}}, {"type": "Feature", "properties": {"name": "\u6ee8\u7ee5\u7ebf", "name:en": null, "railway": "rail", "ele": null, "operator:type": null, "layer": "1", "addr:full": null, "addr:city": null, "source": null, "name:zh": null, "osm_id": 1092867849, "osm_type": "ways_line"}, "geometry": {"type": "LineString", "coordinates": [[129.6243821, 44.5927793], [129.6243002, 44.5928214], [129.623922, 44.5930066], [129.6238255, 44.5930466]]}}, {"type": "Feature", "properties": {"name": "\u6ee8\u7ee5\u7ebf", "name:en": null, "railway": "rail", "ele": null, "operator:type": null, "layer": "1", "addr:full": null, "addr:city": null, "source": "GPS", "name:zh": null, "osm_id": 1092449604, "osm_type": "ways_line"}, "geometry": {"type": "LineString", "coordinates": [[128.1167709, 45.0540453], [128.1182402, 45.0534615]]}}, {"type": "Feature", "properties": {"name": "\u6ee8\u7ee5\u7ebf", "name:en": null, "railway": "rail", "ele": null, "operator:type": null, "layer": "-1", "addr:full": null, "addr:city": null, "source": "bing", "name:zh": null, "osm_id": 147187343, "osm_type": "ways_line"}, "geometry": {"type": "LineString", "coordinates": [[129.2507107, 44.52078], [129.2503257, 44.5209047], [129.2498999, 44.5210827], [129.2495481, 44.5212564], [129.249189, 44.521453], [129.2489249, 44.5216182]]}}, {"type": "Feature", "properties": {"name": "\u6ee8\u7ee5\u7ebf", "name:en": null, "railway": "rail", "ele": null, "operator:type": null, "layer": "1", "addr:full": null, "addr:city": null, "source": "GPS", "name:zh": null, "osm_id": 1107739569, "osm_type": "ways_line"}, "geometry": {"type": "LineString", "coordinates": [[128.8487924, 44.9459251], [128.8491768, 44.946031]]}}, {"type": "Feature", "properties": {"name": "\u6ee8\u7ee5\u7ebf", "name:en": null, "railway": "rail", "ele": null, "operator:type": null, "layer": "1", "addr:full": null, "addr:city": null, "source": "GPS", "name:zh": null, "osm_id": 1107739584, "osm_type": "ways_line"}, "geometry": {"type": "LineString", "coordinates": [[128.9123239, 44.9221722], [128.9125165, 44.9220599]]}}, {"type": "Feature", "properties": {"name": "\u6ee8\u7ee5\u7ebf", "name:en": null, "railway": "rail", "ele": null, "operator:type": null, "layer": "1", "addr:full": null, "addr:city": null, "source": "GPS", "name:zh": null, "osm_id": 1107739588, "osm_type": "ways_line"}, "geometry": {"type": "LineString", "coordinates": [[128.9200123, 44.915604], [128.9202272, 44.915465]]}}, {"type": "Feature", "properties": {"name": "\u6ee8\u7ee5\u7ebf", "name:en": null, "railway": "rail", "ele": null, "operator:type": null, "layer": null, "addr:full": null, "addr:city": null, "source": "GPS", "name:zh": null, "osm_id": 1107739590, "osm_type": "ways_line"}, "geometry": {"type": "LineString", "coordinates": [[128.9472433, 44.9163077], [128.9466229, 44.9157709], [128.9451035, 44.9144337], [128.9446195, 44.9140677], [128.9443169, 44.913884], [128.9440212, 44.9137234], [128.9435955, 44.9135329], [128.9434774, 44.913485], [128.943284, 44.9134191], [128.9430765, 44.9133532], [128.9428822, 44.9132975], [128.9426809, 44.9132518], [128.942321, 44.9131853], [128.9419645, 44.9131339], [128.9416932, 44.913111], [128.9414254, 44.9131006], [128.9411657, 44.9130966], [128.9409166, 44.9131002], [128.940626, 44.9131138], [128.9403354, 44.9131375], [128.939952, 44.9131884], [128.9395738, 44.9132468], [128.9381421, 44.913459]]}}, {"type": "Feature", "properties": {"name": "\u6ee8\u7ee5\u7ebf", "name:en": null, "railway": "rail", "ele": null, "operator:type": null, "layer": "1", "addr:full": null, "addr:city": null, "source": "GPS", "name:zh": null, "osm_id": 1107739594, "osm_type": "ways_line"}, "geometry": {"type": "LineString", "coordinates": [[128.9474677, 44.9165019], [128.9472433, 44.9163077]]}}, {"type": "Feature", "properties": {"name": "\u6ee8\u7ee5\u7ebf", "name:en": null, "railway": "rail", "ele": null, "operator:type": null, "layer": null, "addr:full": null, "addr:city": null, "source": null, "name:zh": null, "osm_id": 1107739606, "osm_type": "ways_line"}, "geometry": {"type": "LineString", "coordinates": [[128.9565767, 44.8633991], [128.9568674, 44.8631276], [128.957095, 44.8628678], [128.9573006, 44.8626055], [128.957471, 44.8623432], [128.9575901, 44.8620949], [128.957717, 44.8617303], [128.9577769, 44.8614081], [128.9577972, 44.8610212], [128.9577792, 44.8606715], [128.957722, 44.8603637], [128.9576158, 44.8600526], [128.9574519, 44.8596983], [128.9561522, 44.8576217], [128.9557907, 44.8569917], [128.9556021, 44.8566042], [128.9554474, 44.8562823], [128.9553658, 44.8559731], [128.9552911, 44.8556119], [128.9552876, 44.8551723], [128.9553293, 44.8548068], [128.9554304, 44.8544408], [128.9555939, 44.8540835], [128.9558594, 44.8536599], [128.9562081, 44.8532666], [128.9565916, 44.8529234], [128.9571083, 44.8525797], [128.9575542, 44.8523488], [128.9581205, 44.8521155], [128.9586832, 44.8519524], [128.9590645, 44.8518664], [128.9595331, 44.8517959], [128.9599381, 44.8517624], [128.9603377, 44.8517508], [128.9607572, 44.851766], [128.9610582, 44.851793], [128.9613431, 44.8518285], [128.961639, 44.8518764], [128.9620847, 44.8519616]]}}, {"type": "Feature", "properties": {"name": "\u6ee8\u7ee5\u7ebf", "name:en": null, "railway": "rail", "ele": null, "operator:type": null, "layer": "1", "addr:full": null, "addr:city": null, "source": null, "name:zh": null, "osm_id": 1107739607, "osm_type": "ways_line"}, "geometry": {"type": "LineString", "coordinates": [[128.9620847, 44.8519616], [128.9624366, 44.8520332]]}}, {"type": "Feature", "properties": {"name": "\u6ee8\u7ee5\u7ebf", "name:en": null, "railway": "rail", "ele": null, "operator:type": null, "layer": null, "addr:full": null, "addr:city": null, "source": "GPS", "name:zh": null, "osm_id": 1107739612, "osm_type": "ways_line"}, "geometry": {"type": "LineString", "coordinates": [[129.0202186, 44.8379389], [129.0198413, 44.8382147], [129.0194351, 44.8384699], [129.0190606, 44.8386583], [129.0186701, 44.8388295], [129.0182617, 44.8389605], [129.0178628, 44.8390715], [129.0174781, 44.8391462], [129.0171822, 44.8391915], [129.0167873, 44.8392343], [129.0164132, 44.8392479], [129.0160002, 44.8392439], [129.0155352, 44.8392295], [129.012285, 44.8390432], [129.0118416, 44.8390388], [129.0113441, 44.8390631], [129.0108974, 44.8391054], [129.0103951, 44.8391863], [129.0099596, 44.8392894], [129.0096238, 44.8393954], [129.0092528, 44.8395302], [129.0088858, 44.8396939], [129.00851, 44.8399046], [129.0081967, 44.8401021], [129.0078874, 44.8403256], [129.0047555, 44.8427037], [128.9981871, 44.8476602], [128.9974766, 44.8482008], [128.9966399, 44.8488176], [128.9961399, 44.8491468], [128.9956624, 44.8494428], [128.9950853, 44.8497583], [128.9946117, 44.8500069], [128.993039, 44.8507864], [128.9924525, 44.8510646], [128.9920322, 44.8512211], [128.9916028, 44.8513549], [128.9911629, 44.8514653], [128.990656, 44.8515605], [128.9901047, 44.8516242], [128.989253, 44.8517145], [128.972941, 44.8533222], [128.9720821, 44.8534106], [128.9712786, 44.8534655], [128.9707229, 44.8534652], [128.9701369, 44.8534379], [128.969471, 44.8533632], [128.9687777, 44.8532339], [128.9624783, 44.851947]]}}, {"type": "Feature", "properties": {"name": "\u6ee8\u7ee5\u7ebf", "name:en": null, "railway": "rail", "ele": null, "operator:type": null, "layer": "1", "addr:full": null, "addr:city": null, "source": null, "name:zh": null, "osm_id": 1107739615, "osm_type": "ways_line"}, "geometry": {"type": "LineString", "coordinates": [[129.0567145, 44.8158906], [129.0569039, 44.8159605], [129.0570904, 44.8160209]]}}, {"type": "Feature", "properties": {"name": "\u6ee8\u7ee5\u7ebf", "name:en": null, "railway": "rail", "ele": null, "operator:type": null, "layer": null, "addr:full": null, "addr:city": null, "source": null, "name:zh": null, "osm_id": 55648770, "osm_type": "ways_line"}, "geometry": {"type": "LineString", "coordinates": [[129.6011301, 44.5877335], [129.6005323, 44.5875524], [129.5999902, 44.5873844], [129.5990124, 44.5870788], [129.5983658, 44.5868751], [129.5976054, 44.5866261], [129.5967838, 44.5863694], [129.5959325, 44.5861094], [129.5948739, 44.5857905], [129.5944504, 44.5856668], [129.5941972, 44.5856007], [129.5939446, 44.5855416], [129.5937057, 44.5854882], [129.5934629, 44.5854398], [129.5931937, 44.5853925], [129.5929441, 44.5853563], [129.5926821, 44.5853223], [129.5882936, 44.5847874], [129.5879151, 44.5847343], [129.5874599, 44.5846631], [129.587143, 44.5846067], [129.5867828, 44.5845442], [129.5864151, 44.5844691], [129.5861847, 44.5844158], [129.5859628, 44.5843559], [129.5851824, 44.5841267], [129.5773255, 44.5816881], [129.5769177, 44.5815571], [129.5766557, 44.5814669], [129.5764177, 44.5813718], [129.5762346, 44.5812943], [129.5760515, 44.5812096], [129.5758577, 44.5811114], [129.5756618, 44.5810067], [129.5754266, 44.5808667], [129.5752551, 44.5807608], [129.5750765, 44.5806369], [129.5748908, 44.5804915], [129.5746786, 44.5803147], [129.5744678, 44.5801149], [129.5716575, 44.5774228]]}}, {"type": "Feature", "properties": {"name": "\u6ee8\u7ee5\u7ebf", "name:en": null, "railway": "rail", "ele": null, "operator:type": null, "layer": "1", "addr:full": null, "addr:city": null, "source": "yahoo imagery", "name:zh": null, "osm_id": 102177228, "osm_type": "ways_line"}, "geometry": {"type": "LineString", "coordinates": [[126.6838248, 45.7168367], [126.6843851, 45.7167609]]}}, {"type": "Feature", "properties": {"name": "\u6ee8\u7ee5\u7ebf", "name:en": null, "railway": "rail", "ele": null, "operator:type": null, "layer": null, "addr:full": null, "addr:city": null, "source": "yahoo imagery", "name:zh": null, "osm_id": 102177239, "osm_type": "ways_line"}, "geometry": {"type": "LineString", "coordinates": [[126.6843851, 45.7167609], [126.7045012, 45.7141846], [126.7052579, 45.7140925], [126.7062783, 45.7139667], [126.7070309, 45.7138884], [126.7182075, 45.7129684], [126.7191489, 45.7129155], [126.7232913, 45.7126496]]}}, {"type": "Feature", "properties": {"name": "\u6ee8\u7ee5\u7ebf", "name:en": null, "railway": "rail", "ele": null, "operator:type": null, "layer": "1", "addr:full": null, "addr:city": null, "source": "GPS", "name:zh": null, "osm_id": 1107739613, "osm_type": "ways_line"}, "geometry": {"type": "LineString", "coordinates": [[129.0521411, 44.8093487], [129.0520768, 44.8091586], [129.0520054, 44.8089686], [129.0518706, 44.8086768], [129.0517273, 44.8084054]]}}, {"type": "Feature", "properties": {"name": "\u6ee8\u7ee5\u7ebf", "name:en": null, "railway": "rail", "ele": null, "operator:type": null, "layer": "1", "addr:full": null, "addr:city": null, "source": "yahoo imagery", "name:zh": null, "osm_id": 35435794, "osm_type": "ways_line"}, "geometry": {"type": "LineString", "coordinates": [[126.7232913, 45.7126496], [126.7241477, 45.7125867]]}}, {"type": "Feature", "properties": {"name": "\u6ee8\u7ee5\u7ebf", "name:en": null, "railway": "rail", "ele": null, "operator:type": null, "layer": null, "addr:full": null, "addr:city": null, "source": "yahoo imagery", "name:zh": null, "osm_id": 35435795, "osm_type": "ways_line"}, "geometry": {"type": "LineString", "coordinates": [[126.9820029, 45.5556405], [126.9816691, 45.5560048], [126.9802871, 45.5575006], [126.979936, 45.5578803], [126.9734149, 45.5649368], [126.972946, 45.5654732], [126.9726145, 45.56589], [126.972274, 45.5663365], [126.9719382, 45.5668533], [126.951609, 45.6005969], [126.9514909, 45.6007913], [126.9513707, 45.6010165], [126.9511741, 45.6014207], [126.9510023, 45.601852], [126.9509057, 45.6021252], [126.9508256, 45.6023946], [126.9507342, 45.6028149], [126.9506784, 45.6031279], [126.9506467, 45.6034441], [126.9504529, 45.6057575], [126.9504139, 45.6059719], [126.9503603, 45.6061951], [126.9502531, 45.6065326], [126.9501254, 45.6068814], [126.9497369, 45.6077516], [126.9442566, 45.6187369], [126.9439482, 45.6192817], [126.9437738, 45.6195587], [126.9435897, 45.6198105], [126.9433813, 45.6200832], [126.9431547, 45.6203495], [126.9428354, 45.620705], [126.9424673, 45.6210695], [126.9420423, 45.6214473], [126.9291962, 45.6322091], [126.9286785, 45.6326418], [126.9284087, 45.6328762], [126.9281416, 45.6331319], [126.9279486, 45.6333236], [126.92775, 45.6335462], [126.9275353, 45.6337913], [126.9248645, 45.6366599], [126.9242389, 45.6372887], [126.923544, 45.6379396], [126.9228156, 45.6386166], [126.9196135, 45.6416186], [126.9192004, 45.6419952], [126.9187644, 45.6423566], [126.91827, 45.6427409], [126.9152936, 45.6449163], [126.9147893, 45.645325], [126.9138732, 45.6461502], [126.9133777, 45.6466555], [126.9129762, 45.647108], [126.9115792, 45.6486995], [126.9109792, 45.6493415], [126.9103312, 45.6499633], [126.9086374, 45.651515], [126.9003214, 45.6589722], [126.8996276, 45.6595613], [126.8985259, 45.66045], [126.8976506, 45.6611549], [126.8969617, 45.6617044], [126.8964091, 45.6621553], [126.8953936, 45.6629803], [126.8945854, 45.6635972], [126.8943177, 45.6637956], [126.8940355, 45.6639944], [126.8934867, 45.6643404], [126.8929452, 45.6646615], [126.8837722, 45.6697206], [126.8833311, 45.6699701], [126.8829346, 45.6702094], [126.8826068, 45.6704097], [126.8822989, 45.6706144], [126.8819994, 45.6708366], [126.8815649, 45.6711865], [126.8813193, 45.6714141], [126.8810821, 45.6716476], [126.8808321, 45.671905], [126.8805821, 45.6721813], [126.873415, 45.6805407], [126.8732244, 45.6807501], [126.8730337, 45.6809482], [126.8728391, 45.6811506], [126.8726444, 45.6813445], [126.8723873, 45.6815738], [126.8721248, 45.68179], [126.8717702, 45.6820625], [126.8714156, 45.6823264], [126.8711142, 45.6825283], [126.8708023, 45.6827253], [126.8705308, 45.6828868], [126.8702187, 45.6830682], [126.869975, 45.6832014], [126.8696417, 45.6833688], [126.8692699, 45.6835554], [126.8688091, 45.683765], [126.8683464, 45.6839561], [126.8680265, 45.6840781], [126.8677067, 45.6841945], [126.8673876, 45.6843006], [126.8670727, 45.6844011], [126.8664783, 45.6845724], [126.8655157, 45.6848165], [126.8643469, 45.6850997]]}}, {"type": "Feature", "properties": {"name": "\u6ee8\u7ee5\u7ebf", "name:en": null, "railway": "rail", "ele": null, "operator:type": null, "layer": null, "addr:full": null, "addr:city": null, "source": null, "name:zh": null, "osm_id": 1107943324, "osm_type": "ways_line"}, "geometry": {"type": "LineString", "coordinates": [[129.0256102, 44.671649], [129.0259721, 44.6707903], [129.026186, 44.6702832], [129.0264102, 44.6697751], [129.0265717, 44.6694313], [129.0273016, 44.6680416], [129.0274193, 44.6678058], [129.0275763, 44.6674784], [129.0292171, 44.6642823], [129.0294916, 44.6637935], [129.0296867, 44.6634709], [129.0299699, 44.6630682], [129.0301884, 44.6628015], [129.0304507, 44.6625376], [129.0308171, 44.6622073], [129.0311813, 44.661924], [129.0315034, 44.6616974], [129.0318629, 44.6614672], [129.0322916, 44.6612096], [129.037487, 44.6580808], [129.0381778, 44.657654], [129.0386283, 44.6573344], [129.0389255, 44.65707], [129.039216, 44.6567804], [129.0393962, 44.6565826], [129.0395781, 44.6563571], [129.039796, 44.6560421], [129.0400208, 44.6556291], [129.0422127, 44.651285], [129.0425324, 44.6506711], [129.0427305, 44.6502656], [129.0432002, 44.6493023], [129.0434353, 44.6488716], [129.0436268, 44.6485667], [129.0439462, 44.6481719], [129.0441151, 44.6479825], [129.0443527, 44.6477414]]}}, {"type": "Feature", "properties": {"name": "\u6ee8\u7ee5\u7ebf", "name:en": null, "railway": "rail", "ele": null, "operator:type": null, "layer": "1", "addr:full": null, "addr:city": null, "source": null, "name:zh": null, "osm_id": 1107943325, "osm_type": "ways_line"}, "geometry": {"type": "LineString", "coordinates": [[129.0204218, 44.69051], [129.0204896, 44.6902222]]}}, {"type": "Feature", "properties": {"name": "\u6ee8\u7ee5\u7ebf", "name:en": null, "railway": "rail", "ele": null, "operator:type": null, "layer": null, "addr:full": null, "addr:city": null, "source": null, "name:zh": null, "osm_id": 1107943326, "osm_type": "ways_line"}, "geometry": {"type": "LineString", "coordinates": [[129.0204896, 44.6902222], [129.0207395, 44.689076], [129.0209226, 44.6883197], [129.0220899, 44.6836425], [129.0221945, 44.6831805], [129.0223427, 44.6825066], [129.0225938, 44.6813636], [129.0228581, 44.6802599]]}}, {"type": "Feature", "properties": {"name": "\u6ee8\u7ee5\u7ebf", "name:en": null, "railway": "rail", "ele": null, "operator:type": null, "layer": "1", "addr:full": null, "addr:city": null, "source": null, "name:zh": null, "osm_id": 1107943327, "osm_type": "ways_line"}, "geometry": {"type": "LineString", "coordinates": [[129.0255082, 44.6718872], [129.0256102, 44.671649]]}}, {"type": "Feature", "properties": {"name": "\u6ee8\u7ee5\u7ebf", "name:en": null, "railway": "rail", "ele": null, "operator:type": null, "layer": null, "addr:full": null, "addr:city": null, "source": "GPS", "name:zh": null, "osm_id": 1107943328, "osm_type": "ways_line"}, "geometry": {"type": "LineString", "coordinates": [[129.0228014, 44.6802521], [129.0225263, 44.681359], [129.0222518, 44.6825062], [129.02116, 44.6869722], [129.020939, 44.6877363], [129.0206501, 44.6886998], [129.0205351, 44.6890775], [129.02042, 44.6895681], [129.0202821, 44.690181]]}}, {"type": "Feature", "properties": {"name": "\u6ee8\u7ee5\u7ebf;\u6ee8\u7ee5\u5bbd\u8f68\u7ebf\uff08\u4e8c\u53f7\u6d1e\uff09", "name:en": null, "railway": "rail", "ele": null, "operator:type": null, "layer": "-1", "addr:full": null, "addr:city": null, "source": "bing", "name:zh": null, "osm_id": 145784124, "osm_type": "ways_line"}, "geometry": {"type": "LineString", "coordinates": [[131.1813738, 44.3803073], [131.1816624, 44.3800819], [131.1819488, 44.3798059], [131.1822498, 44.379484]]}}, {"type": "Feature", "properties": {"name": "\u6ee8\u7ee5\u7ebf;\u6ee8\u7ee5\u5bbd\u8f68\u7ebf", "name:en": null, "railway": "rail", "ele": null, "operator:type": null, "layer": null, "addr:full": null, "addr:city": null, "source": "bing", "name:zh": null, "osm_id": 145784184, "osm_type": "ways_line"}, "geometry": {"type": "LineString", "coordinates": [[131.1822498, 44.379484], [131.1824912, 44.3792546], [131.1827249, 44.3790598], [131.1828959, 44.3789445], [131.1830718, 44.3788556], [131.1832581, 44.3787777], [131.1834683, 44.3787047], [131.1836784, 44.3786421], [131.1839804, 44.3785684], [131.1842794, 44.378509], [131.1845602, 44.3784638], [131.1848556, 44.3784394], [131.1851824, 44.3784401], [131.1854623, 44.3784591], [131.1858399, 44.3785057], [131.186182, 44.3785726], [131.1865009, 44.3786672], [131.1868783, 44.3788183], [131.1871691, 44.3789675], [131.1874341, 44.3791358], [131.1876679, 44.3793279], [131.1878647, 44.3795301], [131.1879862, 44.3797021], [131.1880862, 44.3798928], [131.1881699, 44.3800929], [131.1882369, 44.3803134], [131.1882679, 44.3805363], [131.1882679, 44.3807473], [131.1882506, 44.3809305], [131.1882142, 44.3811562], [131.1881676, 44.3813915], [131.18814, 44.3815977], [131.1881421, 44.3818248], [131.1881775, 44.382103], [131.1882625, 44.3823481], [131.1883992, 44.3826188], [131.1885787, 44.3828622], [131.1887903, 44.3830784], [131.1890281, 44.3832778], [131.189316, 44.3834721], [131.189645, 44.3836377], [131.1899716, 44.3837649], [131.1903387, 44.3838683], [131.1907523, 44.383952], [131.1911174, 44.3839812], [131.1915393, 44.383972], [131.1919637, 44.3839254], [131.1924939, 44.383817], [131.1930629, 44.3836824]]}}, {"type": "Feature", "properties": {"name": "\u6ee8\u7ee5\u7ebf;\u6ee8\u7ee5\u5bbd\u8f68\u7ebf\uff08\u4e09\u53f7\u6d1e\uff09", "name:en": null, "railway": "rail", "ele": null, "operator:type": null, "layer": "-1", "addr:full": null, "addr:city": null, "source": "bing", "name:zh": null, "osm_id": 145784227, "osm_type": "ways_line"}, "geometry": {"type": "LineString", "coordinates": [[131.1930629, 44.3836824], [131.1935031, 44.38357], [131.1939923, 44.383388], [131.1944595, 44.383188], [131.1948895, 44.3829574], [131.1952597, 44.3827134], [131.1955589, 44.382483], [131.1957291, 44.3823335]]}}, {"type": "Feature", "properties": {"name": "\u6ee8\u7ee5\u7ebf", "name:en": null, "railway": "rail", "ele": null, "operator:type": null, "layer": null, "addr:full": null, "addr:city": null, "source": null, "name:zh": null, "osm_id": 147187349, "osm_type": "ways_line"}, "geometry": {"type": "LineString", "coordinates": [[129.2328159, 44.5460045], [129.2326452, 44.5461371], [129.2323711, 44.5463205], [129.2321182, 44.5464834], [129.2318152, 44.5466503], [129.2315662, 44.5467769], [129.2313172, 44.5468881], [129.230881, 44.5470675], [129.2304329, 44.5472251], [129.2270418, 44.5484428], [129.2259068, 44.5488496], [129.2255819, 44.5489614], [129.2251154, 44.5491053], [129.2246469, 44.549229], [129.2243231, 44.5493099], [129.2240099, 44.5493681], [129.2236647, 44.5494198], [129.2233921, 44.5494538], [129.2229777, 44.5494929], [129.2225309, 44.5495217], [129.2212905, 44.5495776], [129.2085236, 44.550094], [129.2081043, 44.5501247], [129.2076416, 44.5501701], [129.207167, 44.5502472], [129.2067556, 44.5503324], [129.2063697, 44.5504341], [129.2060245, 44.5505429], [129.2055578, 44.5506999], [129.202819, 44.5516251], [129.1992737, 44.5527983], [129.1988274, 44.5529399], [129.1983926, 44.5530637], [129.1980852, 44.5531384], [129.1977851, 44.5532079], [129.1975048, 44.5532646], [129.1972204, 44.5533061], [129.1969696, 44.5533394], [129.196708, 44.553368], [129.1965164, 44.553382], [129.1962251, 44.553398], [129.1959557, 44.5534074], [129.1956778, 44.5534104], [129.1953999, 44.5534075], [129.1950531, 44.5533911], [129.1946717, 44.55336], [129.194353, 44.5533266], [129.1940307, 44.5532783], [129.1937706, 44.5532287], [129.1935105, 44.5531716], [129.1929477, 44.5530328], [129.1825086, 44.5504682], [129.1819601, 44.5503538], [129.1815504, 44.5502895], [129.1810652, 44.5502417], [129.1805683, 44.550213], [129.1800857, 44.5502045], [129.1796644, 44.550204], [129.1791842, 44.5502121], [129.1754554, 44.5503689]]}}, {"type": "Feature", "properties": {"name": "\u6ee8\u7ee5\u8d27\u7ebf", "name:en": null, "railway": "rail", "ele": null, "operator:type": null, "layer": null, "addr:full": null, "addr:city": null, "source": null, "name:zh": null, "osm_id": 147256682, "osm_type": "ways_line"}, "geometry": {"type": "LineString", "coordinates": [[129.561162, 44.5632158], [129.5584877, 44.5623723], [129.5532395, 44.560753]]}}, {"type": "Feature", "properties": {"name": "\u6ee8\u7ee5\u7ebf", "name:en": null, "railway": "rail", "ele": null, "operator:type": null, "layer": "1", "addr:full": null, "addr:city": null, "source": "bing", "name:zh": null, "osm_id": 147256709, "osm_type": "ways_line"}, "geometry": {"type": "LineString", "coordinates": [[129.3507323, 44.5692545], [129.3522546, 44.5691538]]}}, {"type": "Feature", "properties": {"name": "\u6ee8\u7ee5\u7ebf", "name:en": null, "railway": "rail", "ele": null, "operator:type": null, "layer": "1", "addr:full": null, "addr:city": null, "source": "bing", "name:zh": null, "osm_id": 147256711, "osm_type": "ways_line"}, "geometry": {"type": "LineString", "coordinates": [[129.4746721, 44.5651309], [129.4741357, 44.5652078]]}}, {"type": "Feature", "properties": {"name": "\u6ee8\u7ee5\u7ebf", "name:en": null, "railway": "rail", "ele": null, "operator:type": null, "layer": "1", "addr:full": null, "addr:city": null, "source": "bing", "name:zh": null, "osm_id": 147256718, "osm_type": "ways_line"}, "geometry": {"type": "LineString", "coordinates": [[129.3523001, 44.5690123], [129.3506765, 44.569123]]}}, {"type": "Feature", "properties": {"name": "\u6ee8\u7ee5\u7ebf", "name:en": null, "railway": "rail", "ele": null, "operator:type": null, "layer": "1", "addr:full": null, "addr:city": null, "source": "bing", "name:zh": null, "osm_id": 147256721, "osm_type": "ways_line"}, "geometry": {"type": "LineString", "coordinates": [[129.3004016, 44.5723333], [129.3000574, 44.5722836]]}}, {"type": "Feature", "properties": {"name": "\u6ee8\u7ee5\u7ebf", "name:en": null, "railway": "rail", "ele": null, "operator:type": null, "layer": "1", "addr:full": null, "addr:city": null, "source": "bing", "name:zh": null, "osm_id": 147256722, "osm_type": "ways_line"}, "geometry": {"type": "LineString", "coordinates": [[129.3967074, 44.5549336], [129.3968658, 44.5549179], [129.39718, 44.5548974], [129.3973806, 44.5548885], [129.3974892, 44.554887]]}}, {"type": "Feature", "properties": {"name": "\u6ee8\u7ee5\u7ebf", "name:en": null, "railway": "rail", "ele": null, "operator:type": null, "layer": "1", "addr:full": null, "addr:city": null, "source": "bing", "name:zh": null, "osm_id": 147256729, "osm_type": "ways_line"}, "geometry": {"type": "LineString", "coordinates": [[129.3974649, 44.5547866], [129.3973612, 44.5547864], [129.3971379, 44.5547954], [129.3968499, 44.5548153], [129.396732, 44.5548289]]}}, {"type": "Feature", "properties": {"name": "\u6ee8\u7ee5\u7ebf", "name:en": null, "railway": "rail", "ele": null, "operator:type": null, "layer": null, "addr:full": null, "addr:city": null, "source": null, "name:zh": null, "osm_id": 147256731, "osm_type": "ways_line"}, "geometry": {"type": "LineString", "coordinates": [[129.5712976, 44.5770688], [129.5655763, 44.5716031], [129.5653915, 44.5714139], [129.5651878, 44.5711855], [129.5650151, 44.570968], [129.5648478, 44.5707492], [129.5646968, 44.5705044], [129.5645477, 44.5702256], [129.5644114, 44.5699385], [129.5642786, 44.569611], [129.5641868, 44.5693031], [129.564125, 44.5690179], [129.5640909, 44.5687442], [129.5640697, 44.5684731], [129.5640707, 44.5682498], [129.564152, 44.5671223], [129.5641602, 44.5669393], [129.5641727, 44.5666965], [129.5641635, 44.5664902], [129.5641455, 44.566264], [129.5641067, 44.5660424], [129.5640491, 44.5658303], [129.563969, 44.5655958], [129.5638689, 44.5653871], [129.5637566, 44.5651893], [129.5636148, 44.5649695], [129.5634331, 44.5647423], [129.5632327, 44.5645257], [129.5629789, 44.5642983], [129.5627547, 44.5641216], [129.5625312, 44.5639669], [129.5623184, 44.5638333], [129.56202, 44.5636755], [129.5617269, 44.5635395], [129.5614366, 44.563425], [129.5611651, 44.5633265], [129.5606626, 44.5631557], [129.55735, 44.5621245]]}}, {"type": "Feature", "properties": {"name": "\u6ee8\u7ee5\u7ebf", "name:en": null, "railway": "rail", "ele": null, "operator:type": null, "layer": null, "addr:full": null, "addr:city": null, "source": "bing", "name:zh": null, "osm_id": 147256733, "osm_type": "ways_line"}, "geometry": {"type": "LineString", "coordinates": [[129.3715821, 44.566918], [129.370898, 44.5670876], [129.3701531, 44.567272], [129.3696887, 44.567387], [129.369018, 44.567553], [129.3684809, 44.5676797], [129.3679879, 44.5677947], [129.3675429, 44.5678863], [129.367067, 44.5679802], [129.3666117, 44.5680511], [129.3662203, 44.5681009], [129.3658652, 44.5681449], [129.3652735, 44.5682023], [129.3644671, 44.5682623], [129.3568919, 44.5687931], [129.3561495, 44.5688361], [129.355515, 44.5688669], [129.3539324, 44.5689177], [129.3534417, 44.5689437], [129.3529618, 44.5689729], [129.3523001, 44.5690123]]}}, {"type": "Feature", "properties": {"name": "\u6ee8\u7ee5\u7ebf", "name:en": null, "railway": "rail", "ele": null, "operator:type": null, "layer": null, "addr:full": null, "addr:city": null, "source": "bing", "name:zh": null, "osm_id": 147256759, "osm_type": "ways_line"}, "geometry": {"type": "LineString", "coordinates": [[129.3522546, 44.5691538], [129.3644882, 44.5683118], [129.3652659, 44.5682514], [129.3658759, 44.5681914], [129.3662361, 44.5681485], [129.3666259, 44.568093], [129.3670629, 44.5680242], [129.3675519, 44.5679332], [129.3680126, 44.5678358], [129.3685044, 44.5677178], [129.369033, 44.5675915], [129.3697089, 44.5674259], [129.3701694, 44.5673131], [129.37092, 44.5671292]]}}, {"type": "Feature", "properties": {"name": "\u6ee8\u7ee5\u7ebf", "name:en": null, "railway": "rail", "ele": null, "operator:type": null, "layer": null, "addr:full": null, "addr:city": null, "source": "bing", "name:zh": null, "osm_id": 147256762, "osm_type": "ways_line"}, "geometry": {"type": "LineString", "coordinates": [[129.4741357, 44.5652078], [129.4552816, 44.5678368], [129.4543557, 44.5679663], [129.4534168, 44.5680939], [129.4507902, 44.5683712], [129.4501911, 44.5684217], [129.4496298, 44.56847], [129.4490714, 44.5684871], [129.4485545, 44.5684887], [129.4480416, 44.5684699], [129.4474037, 44.568424], [129.4415056, 44.567962], [129.4410621, 44.5679166], [129.440589, 44.5678573], [129.4400925, 44.5677812], [129.4390607, 44.5676075], [129.4384831, 44.5675164], [129.4380229, 44.5674425], [129.4374761, 44.5673428], [129.4369694, 44.5672489], [129.429786, 44.5658356]]}}, {"type": "Feature", "properties": {"name": "\u6ee8\u7ee5\u7ebf", "name:en": null, "railway": "rail", "ele": null, "operator:type": null, "layer": null, "addr:full": null, "addr:city": null, "source": "bing", "name:zh": null, "osm_id": 147256778, "osm_type": "ways_line"}, "geometry": {"type": "LineString", "coordinates": [[129.5484066, 44.5590763], [129.5478642, 44.5588578], [129.5472942, 44.558588], [129.5469769, 44.5584227], [129.5465397, 44.5581862], [129.5459391, 44.557849], [129.5450759, 44.5573621], [129.5447557, 44.5571752], [129.5402601, 44.5544995], [129.5400161, 44.5543615], [129.5398179, 44.5542585], [129.5393248, 44.5540225], [129.538932, 44.5538547], [129.5383047, 44.5535809], [129.5376758, 44.5533247], [129.5371981, 44.5531521], [129.5341316, 44.5521126], [129.5335735, 44.5519341], [129.5328146, 44.5517162], [129.5323593, 44.5515742], [129.5318376, 44.5513965], [129.5311192, 44.5511367], [129.5307588, 44.5510278], [129.5304738, 44.5509639], [129.5301789, 44.5509117], [129.5296636, 44.5508299], [129.5292174, 44.5507811], [129.5285373, 44.5507539], [129.5277354, 44.5507605], [129.5270832, 44.5508135], [129.5265183, 44.5508926], [129.5257749, 44.5510457], [129.5251758, 44.5512054], [129.5245853, 44.5513868], [129.5241566, 44.5515498], [129.52379, 44.5516856], [129.5234169, 44.5518053], [129.5229915, 44.5519204], [129.5221789, 44.5521132], [129.5215221, 44.5522426], [129.5210169, 44.5523159], [129.5205869, 44.5523618], [129.5200247, 44.5524112], [129.5194698, 44.5524432], [129.5187953, 44.5524572], [129.5182002, 44.5524472], [129.5173698, 44.5524008], [129.5165672, 44.5523743], [129.5156559, 44.5523814], [129.5152109, 44.5524049], [129.5147792, 44.5524577], [129.5144025, 44.552522], [129.5140899, 44.5525924], [129.5137463, 44.552688], [129.5134227, 44.5528002], [129.5130796, 44.5529355], [129.5125509, 44.553202], [129.5120753, 44.5535071], [129.511827, 44.5536961], [129.5116612, 44.5538378], [129.5115152, 44.5539816], [129.5113131, 44.5541893], [129.5111847, 44.5543428], [129.5110761, 44.5544923], [129.5109775, 44.5546423], [129.5108888, 44.5547863], [129.5108142, 44.5549322], [129.5107466, 44.5550863], [129.5106331, 44.555445], [129.5105459, 44.5558251], [129.5105289, 44.556406], [129.5105262, 44.5576881], [129.5105006, 44.5579084], [129.5104063, 44.5582781], [129.5103167, 44.5585464], [129.5101762, 44.5588686], [129.5100068, 44.559191], [129.509741, 44.5595938], [129.5096215, 44.5597433], [129.5094992, 44.5598826], [129.5092359, 44.5601611], [129.5091023, 44.5602969], [129.5089201, 44.5604559], [129.5087638, 44.5605819], [129.5085621, 44.5607264], [129.5081936, 44.5609751], [129.5077952, 44.5611937], [129.5073139, 44.5614185], [129.5068617, 44.5615981], [129.5060965, 44.5618502], [129.5009111, 44.5633886], [129.5003827, 44.563532], [129.4999089, 44.5636425], [129.4994819, 44.563717], [129.4990662, 44.5637638], [129.4986247, 44.5637987], [129.4980821, 44.5638125], [129.4967902, 44.563772], [129.4961509, 44.563752], [129.495506, 44.5637318]]}}, {"type": "Feature", "properties": {"name": "\u6ee8\u7ee5\u7ebf", "name:en": null, "railway": "rail", "ele": null, "operator:type": null, "layer": null, "addr:full": null, "addr:city": null, "source": "bing", "name:zh": null, "osm_id": 147256790, "osm_type": "ways_line"}, "geometry": {"type": "LineString", "coordinates": [[129.3000574, 44.5722836], [129.2996311, 44.5722065], [129.2992111, 44.5721293], [129.2987434, 44.5720276], [129.2982114, 44.5718977], [129.2977416, 44.5717675], [129.2972548, 44.5716197], [129.2966309, 44.5713978], [129.2960041, 44.5711557], [129.295258, 44.5708354], [129.2919279, 44.5692519], [129.2915276, 44.5690545], [129.2911981, 44.5689136], [129.2908668, 44.5687801], [129.2905506, 44.568666], [129.2902162, 44.5685589], [129.2898347, 44.5684535], [129.289409, 44.5683568], [129.288889, 44.5682433], [129.2873107, 44.5679392], [129.2869664, 44.5678715], [129.286567, 44.567777], [129.2863799, 44.5677272], [129.2861928, 44.5676737], [129.2859831, 44.5676063], [129.2857773, 44.5675337], [129.2854514, 44.567394], [129.2851937, 44.5672756], [129.2849341, 44.5671333], [129.284786, 44.5670471], [129.2846397, 44.5669533], [129.2844451, 44.5668166], [129.2842385, 44.5666522], [129.2840495, 44.5664907], [129.2838617, 44.5663091], [129.2836941, 44.5661199], [129.2835262, 44.5659227], [129.283074, 44.565343], [129.2828938, 44.5651261], [129.2827113, 44.5649301], [129.2825476, 44.5647684], [129.2823049, 44.5645518], [129.2820494, 44.5643362], [129.2817911, 44.5641426], [129.2815749, 44.5639989], [129.2809861, 44.5635927], [129.2806776, 44.5633632], [129.2805109, 44.5632222], [129.2803469, 44.5630678], [129.2801111, 44.5628126], [129.2799204, 44.5625743], [129.2797625, 44.5623337], [129.2796092, 44.5620349], [129.2794736, 44.5616731], [129.2794018, 44.5613677], [129.2793223, 44.5610511], [129.2788509, 44.5588106], [129.2787813, 44.5584473], [129.2787285, 44.5581326], [129.2787078, 44.5578989], [129.2786994, 44.5576772], [129.2786993, 44.5574738], [129.2787107, 44.5558904], [129.2786995, 44.5555898], [129.2786791, 44.5553665], [129.2786354, 44.5551064], [129.2785601, 44.5548091], [129.2784508, 44.5544823], [129.2782982, 44.5540697], [129.2752872, 44.5465771], [129.275139, 44.5462155], [129.2749118, 44.5457523], [129.2747162, 44.5454019], [129.2745094, 44.5450909], [129.2740341, 44.5444061], [129.2738251, 44.5440593], [129.2736551, 44.5437346], [129.2735545, 44.5435112], [129.2734565, 44.5432514], [129.2730897, 44.5422776], [129.2729883, 44.5420188], [129.2728483, 44.5417491], [129.2726733, 44.5414976], [129.272447, 44.5412146], [129.2722258, 44.5409855], [129.2719833, 44.5407726], [129.2716928, 44.5405528], [129.2714426, 44.5403637], [129.2708873, 44.5399297], [129.2704914, 44.5395891], [129.2701229, 44.5392542], [129.269393, 44.5385385], [129.2690249, 44.5382066], [129.2687866, 44.5380104], [129.2685837, 44.5378541], [129.2682752, 44.5376593], [129.2678814, 44.5374502], [129.2673991, 44.537192], [129.2668699, 44.5369087], [129.2662014, 44.5365224], [129.2656909, 44.5362285]]}}, {"type": "Feature", "properties": {"name": "\u6ee8\u7ee5\u7ebf", "name:en": null, "railway": "rail", "ele": null, "operator:type": null, "layer": null, "addr:full": null, "addr:city": null, "source": "bing", "name:zh": null, "osm_id": 147256791, "osm_type": "ways_line"}, "geometry": {"type": "LineString", "coordinates": [[129.3506765, 44.569123], [129.3498636, 44.569187], [129.3490916, 44.5692591], [129.3480585, 44.5693633], [129.3474901, 44.5694213], [129.3466216, 44.5695024], [129.3057624, 44.5723904], [129.3045496, 44.5724611], [129.3039232, 44.5724844], [129.3032268, 44.5724951], [129.302716, 44.5724927], [129.3022601, 44.5724833], [129.3017394, 44.5724577], [129.3011024, 44.5724092], [129.3004016, 44.5723333]]}}, {"type": "Feature", "properties": {"name": "\u6ee8\u7ee5\u7ebf", "name:en": null, "railway": "rail", "ele": null, "operator:type": null, "layer": null, "addr:full": null, "addr:city": null, "source": "bing", "name:zh": null, "osm_id": 147256797, "osm_type": "ways_line"}, "geometry": {"type": "LineString", "coordinates": [[129.4297681, 44.5658794], [129.436957, 44.5672912], [129.4374617, 44.5673873], [129.4380106, 44.567487], [129.438482, 44.5675559], [129.4390373, 44.5676475], [129.4400929, 44.5678182], [129.4405845, 44.567895], [129.4410569, 44.5679562], [129.4414965, 44.5679998], [129.4473864, 44.5684671], [129.4480446, 44.5685101], [129.4485506, 44.568536], [129.4490667, 44.5685411], [129.4496265, 44.5685274], [129.4501819, 44.5684858], [129.4508117, 44.5684257], [129.4534452, 44.568172], [129.4543925, 44.5680588], [129.4552072, 44.5679527], [129.4741434, 44.5652545]]}}, {"type": "Feature", "properties": {"name": "\u6ee8\u7ee5\u7ebf", "name:en": null, "railway": "rail", "ele": null, "operator:type": null, "layer": "1", "addr:full": null, "addr:city": null, "source": null, "name:zh": null, "osm_id": 1107943315, "osm_type": "ways_line"}, "geometry": {"type": "LineString", "coordinates": [[129.0609482, 44.7699125], [129.0609691, 44.7698577]]}}, {"type": "Feature", "properties": {"name": "\u6ee8\u7ee5\u7ebf", "name:en": null, "railway": "rail", "ele": null, "operator:type": null, "layer": "1", "addr:full": null, "addr:city": null, "source": "GPS", "name:zh": null, "osm_id": 1107943316, "osm_type": "ways_line"}, "geometry": {"type": "LineString", "coordinates": [[129.0611729, 44.7685903], [129.0611034, 44.7687899], [129.0610323, 44.7689895], [129.0609327, 44.769252]]}}, {"type": "Feature", "properties": {"name": "\u6ee8\u7ee5\u7ebf", "name:en": null, "railway": "rail", "ele": null, "operator:type": null, "layer": null, "addr:full": null, "addr:city": null, "source": null, "name:zh": null, "osm_id": 1108150232, "osm_type": "ways_line"}, "geometry": {"type": "LineString", "coordinates": [[129.0754676, 44.6078499], [129.0757837, 44.6075466], [129.0760123, 44.6073214], [129.0761861, 44.6071371], [129.0764034, 44.6068881], [129.0766861, 44.6065146], [129.0769031, 44.6061815], [129.0771201, 44.6058221], [129.0772964, 44.6054792], [129.0775222, 44.6050274], [129.0776881, 44.6046165], [129.0778537, 44.6041368], [129.0780033, 44.6036319], [129.0781078, 44.6031914], [129.0781935, 44.6027269], [129.0782237, 44.6025183], [129.0782493, 44.6023088], [129.0782679, 44.6020718], [129.0782819, 44.6018348], [129.0782864, 44.6016567], [129.0782862, 44.6014719], [129.0782727, 44.6012795], [129.0782499, 44.6010606], [129.078212, 44.6008154], [129.0781923, 44.60069], [129.0781602, 44.6005548], [129.0781138, 44.6003889], [129.0780644, 44.600233], [129.0780015, 44.6000517], [129.0779327, 44.5998705], [129.0778702, 44.5997263], [129.0778008, 44.5995827], [129.0777243, 44.5994342], [129.0776396, 44.5992961], [129.0775012, 44.5990705], [129.0773293, 44.5988243], [129.0771188, 44.5985742], [129.0768949, 44.5983125], [129.0766557, 44.5980643], [129.0764838, 44.597907], [129.0763201, 44.5977842], [129.0760382, 44.5975577], [129.0757742, 44.5973627], [129.0755135, 44.5971872], [129.0752074, 44.5970059], [129.0749362, 44.5968581], [129.0746152, 44.596696], [129.0743253, 44.5965552], [129.0706251, 44.5948601], [129.0703345, 44.5947182], [129.0700945, 44.5945851], [129.0698173, 44.5944224], [129.0695383, 44.594236], [129.0693442, 44.5940967], [129.0691716, 44.5939649], [129.0689863, 44.5938146], [129.068818, 44.5936617], [129.0686778, 44.5935193], [129.0685638, 44.5934001], [129.0684353, 44.5932554], [129.0683059, 44.5930858], [129.0681581, 44.5928815], [129.0679996, 44.5926372], [129.0678298, 44.5923602], [129.0677241, 44.5921728], [129.0676087, 44.5918434], [129.067541, 44.591618], [129.0674826, 44.5913904], [129.0674388, 44.5911973], [129.0673899, 44.5910075], [129.0672997, 44.5906016], [129.0665313, 44.5872162], [129.0664765, 44.5869476], [129.0664389, 44.5867214], [129.0664132, 44.5864716], [129.0664049, 44.5862453], [129.0664193, 44.5859773], [129.0664497, 44.585744], [129.0664947, 44.5855602], [129.0665485, 44.5853777], [129.0666215, 44.5851935], [129.0667085, 44.5850028], [129.0668122, 44.5848199], [129.0669477, 44.5846164], [129.0671202, 44.584397], [129.0673398, 44.5841538], [129.0675845, 44.583931], [129.0678527, 44.5837249], [129.0680283, 44.583606], [129.0682004, 44.5835073], [129.068507, 44.5833452], [129.0688687, 44.5831717], [129.0691238, 44.5830674], [129.0695589, 44.5829341], [129.0698472, 44.5828579], [129.0702585, 44.5827618], [129.0706866, 44.5826755], [129.0725573, 44.5823206], [129.0729667, 44.5822381], [129.0734014, 44.5821408], [129.073687, 44.582068], [129.0740055, 44.5819739], [129.0746333, 44.5817659], [129.0847466, 44.5781521], [129.0853545, 44.5779434], [129.0858193, 44.5778036], [129.086226, 44.5776906], [129.0866761, 44.5775788]]}}, {"type": "Feature", "properties": {"name": "\u6ee8\u7ee5\u7ebf", "name:en": null, "railway": "rail", "ele": null, "operator:type": null, "layer": "1", "addr:full": null, "addr:city": null, "source": null, "name:zh": null, "osm_id": 1108150233, "osm_type": "ways_line"}, "geometry": {"type": "LineString", "coordinates": [[129.1354551, 44.5649798], [129.1356243, 44.5649316]]}}, {"type": "Feature", "properties": {"name": "\u6ee8\u7ee5\u7ebf", "name:en": null, "railway": "rail", "ele": null, "operator:type": null, "layer": "1", "addr:full": null, "addr:city": null, "source": null, "name:zh": null, "osm_id": 1108150218, "osm_type": "ways_line"}, "geometry": {"type": "LineString", "coordinates": [[129.0751699, 44.6081292], [129.0754676, 44.6078499]]}}, {"type": "Feature", "properties": {"name": "\u6ee8\u7ee5\u7ebf", "name:en": null, "railway": "rail", "ele": null, "operator:type": null, "layer": null, "addr:full": null, "addr:city": null, "source": null, "name:zh": null, "osm_id": 1108150236, "osm_type": "ways_line"}, "geometry": {"type": "LineString", "coordinates": [[129.1356243, 44.5649316], [129.1361489, 44.5647876], [129.1364692, 44.564709], [129.1368454, 44.5646306], [129.1372585, 44.5645587], [129.137626, 44.5645133], [129.1378618, 44.5644927], [129.138103, 44.5644758], [129.1384038, 44.5644599], [129.1386795, 44.5644516], [129.1390353, 44.5644565], [129.1394636, 44.5644686], [129.1399041, 44.5644886], [129.1424217, 44.5646911], [129.1428503, 44.5647281], [129.1432613, 44.5647498], [129.1437563, 44.5647583], [129.1441891, 44.5647479], [129.1446288, 44.5647225], [129.1450644, 44.5646878], [129.1454766, 44.5646348], [129.1459104, 44.5645672], [129.1465414, 44.564459], [129.1474768, 44.5642769]]}}, {"type": "Feature", "properties": {"name": "\u6ee8\u7ee5\u7ebf", "name:en": null, "railway": "rail", "ele": null, "operator:type": null, "layer": "1", "addr:full": null, "addr:city": null, "source": null, "name:zh": null, "osm_id": 1108150237, "osm_type": "ways_line"}, "geometry": {"type": "LineString", "coordinates": [[129.1474768, 44.5642769], [129.1478108, 44.564212]]}}, {"type": "Feature", "properties": {"name": "\u6ee8\u7ee5\u7ebf", "name:en": null, "railway": "rail", "ele": null, "operator:type": null, "layer": "1", "addr:full": null, "addr:city": null, "source": "yahoo imagery, landsat", "name:zh": null, "osm_id": 224953768, "osm_type": "ways_line"}, "geometry": {"type": "LineString", "coordinates": [[127.3943654, 45.3307059], [127.3937292, 45.3316173]]}}, {"type": "Feature", "properties": {"name": "\u6ee8\u7ee5\u7ebf", "name:en": null, "railway": "rail", "ele": null, "operator:type": null, "layer": null, "addr:full": null, "addr:city": null, "source": "bing", "name:zh": null, "osm_id": 224953780, "osm_type": "ways_line"}, "geometry": {"type": "LineString", "coordinates": [[127.4012387, 45.3137283], [127.4013911, 45.3132805], [127.4016225, 45.3126214], [127.4017546, 45.3122443], [127.4019493, 45.3116841], [127.4021628, 45.3111995], [127.4023283, 45.3108731], [127.4025223, 45.3105439], [127.4028354, 45.3101184], [127.4031101, 45.3098235], [127.4034131, 45.3095235], [127.4036476, 45.3093269], [127.4038983, 45.3091388], [127.4041784, 45.3089472], [127.4044767, 45.3087542], [127.4048012, 45.3085677], [127.405142, 45.308397], [127.4054446, 45.3082552], [127.405796, 45.3081134], [127.4062259, 45.3079601], [127.4065569, 45.3078539], [127.4069098, 45.307761], [127.4290984, 45.3022528], [127.430076, 45.3020254], [127.4306134, 45.301899], [127.4312068, 45.3017759], [127.4316784, 45.301691], [127.4322269, 45.3016119], [127.4324984, 45.3015821], [127.4327734, 45.3015611], [127.4334012, 45.3015294], [127.4339669, 45.3015027], [127.4353997, 45.3014551], [127.4359285, 45.3014263], [127.4363676, 45.3013814], [127.4368065, 45.3013063], [127.4372005, 45.3012294], [127.4375946, 45.3011374], [127.4380431, 45.3010202], [127.4384854, 45.300878], [127.4390217, 45.3006761], [127.4408694, 45.2999097]]}}, {"type": "Feature", "properties": {"name": "\u6ee8\u7ee5\u7ebf", "name:en": null, "railway": "rail", "ele": null, "operator:type": null, "layer": "1", "addr:full": null, "addr:city": null, "source": null, "name:zh": null, "osm_id": 1108150243, "osm_type": "ways_line"}, "geometry": {"type": "LineString", "coordinates": [[129.2328595, 44.5460352], [129.2330425, 44.5458936]]}}, {"type": "Feature", "properties": {"name": "\u6ee8\u7ee5\u7ebf", "name:en": null, "railway": "rail", "ele": null, "operator:type": null, "layer": null, "addr:full": null, "addr:city": null, "source": null, "name:zh": null, "osm_id": 1108150234, "osm_type": "ways_line"}, "geometry": {"type": "LineString", "coordinates": [[129.147434, 44.5641893], [129.1465194, 44.5643782], [129.1459171, 44.5644876], [129.1454724, 44.5645615], [129.1450464, 44.56462], [129.1446244, 44.5646638], [129.1441847, 44.5646906], [129.1437683, 44.5646958], [129.1432647, 44.5646924], [129.1428693, 44.5646836], [129.1424388, 44.5646482], [129.1399178, 44.5644433], [129.1394631, 44.5644199], [129.1390302, 44.5644088], [129.138679, 44.5644087], [129.1384067, 44.5644161], [129.1380867, 44.5644344], [129.1378528, 44.5644518], [129.137619, 44.5644735], [129.1372462, 44.5645182], [129.1368221, 44.56459], [129.1364534, 44.5646687], [129.1361332, 44.5647503], [129.1356011, 44.5648979]]}}, {"type": "Feature", "properties": {"name": "\u6ee8\u7ee5\u7ebf", "name:en": null, "railway": "rail", "ele": null, "operator:type": null, "layer": "1", "addr:full": null, "addr:city": null, "source": null, "name:zh": null, "osm_id": 1108150235, "osm_type": "ways_line"}, "geometry": {"type": "LineString", "coordinates": [[129.1477816, 44.5641204], [129.147434, 44.5641893]]}}, {"type": "Feature", "properties": {"name": "\u6ee8\u7ee5\u7ebf", "name:en": null, "railway": "rail", "ele": null, "operator:type": null, "layer": "1", "addr:full": null, "addr:city": null, "source": null, "name:zh": null, "osm_id": 1108150241, "osm_type": "ways_line"}, "geometry": {"type": "LineString", "coordinates": [[129.2329964, 44.5458648], [129.2328159, 44.5460045]]}}, {"type": "Feature", "properties": {"name": "\u6ee8\u7ee5\u7ebf", "name:en": null, "railway": "rail", "ele": null, "operator:type": null, "layer": "1", "addr:full": null, "addr:city": null, "source": "bing", "name:zh": null, "osm_id": 224953771, "osm_type": "ways_line"}, "geometry": {"type": "LineString", "coordinates": [[127.5074744, 45.2766737], [127.506494, 45.2769795]]}}, {"type": "Feature", "properties": {"name": "\u6ee8\u7ee5\u7ebf", "name:en": null, "railway": "rail", "ele": null, "operator:type": null, "layer": "1", "addr:full": null, "addr:city": null, "source": "bing", "name:zh": null, "osm_id": 224953772, "osm_type": "ways_line"}, "geometry": {"type": "LineString", "coordinates": [[127.5065212, 45.2770866], [127.5075283, 45.2767508]]}}, {"type": "Feature", "properties": {"name": "\u6ee8\u7ee5\u7ebf", "name:en": null, "railway": "rail", "ele": null, "operator:type": null, "layer": null, "addr:full": null, "addr:city": null, "source": "GPS", "name:zh": null, "osm_id": 286062899, "osm_type": "ways_line"}, "geometry": {"type": "LineString", "coordinates": [[128.1337256, 45.0547827], [128.1333503, 45.054737], [128.1329785, 45.0546814], [128.1325078, 45.0545897], [128.1321197, 45.0544914], [128.1317582, 45.0543781], [128.1315473, 45.054301], [128.1313364, 45.0542174], [128.1311284, 45.0541194], [128.1309228, 45.0540165], [128.1307409, 45.0539162], [128.1305637, 45.0538076], [128.1301945, 45.0535514], [128.1293029, 45.0528583], [128.1291056, 45.052713], [128.1289135, 45.0525726], [128.1286775, 45.0524127], [128.1284255, 45.0522604], [128.1281512, 45.0521086], [128.1278733, 45.051973], [128.1276008, 45.0518516], [128.1272859, 45.0517238], [128.126938, 45.0516007], [128.1265565, 45.051495], [128.1261824, 45.0514138], [128.1258207, 45.0513602], [128.1253267, 45.0513013], [128.1249531, 45.0512608], [128.124583, 45.0512339], [128.1242939, 45.0512219], [128.1240594, 45.0512201], [128.1237202, 45.0512314], [128.1233461, 45.0512542], [128.1229867, 45.051294], [128.1226515, 45.0513471], [128.1223384, 45.0514066], [128.121977, 45.0514888], [128.1215975, 45.0515925], [128.1212394, 45.0517187], [128.1208089, 45.0518866], [128.1202429, 45.0521162], [128.1181968, 45.0529659]]}}, {"type": "Feature", "properties": {"name": "\u6ee8\u7ee5\u7ebf\uff08\u6e56\u5317\u6c9f\u7279\u5927\u6865\uff09", "name:en": null, "railway": "rail", "ele": null, "operator:type": null, "layer": "1", "addr:full": null, "addr:city": null, "source": null, "name:zh": null, "osm_id": 1109541075, "osm_type": "ways_line"}, "geometry": {"type": "LineString", "coordinates": [[130.4434291, 44.6037959], [130.4324715, 44.6127505], [130.4308672, 44.6138848], [130.428236, 44.6154327], [130.4259878, 44.6166665], [130.4231245, 44.6180408]]}}, {"type": "Feature", "properties": {"name": "\u6ee8\u7ee5\u7ebf", "name:en": null, "railway": "rail", "ele": null, "operator:type": null, "layer": null, "addr:full": null, "addr:city": null, "source": null, "name:zh": null, "osm_id": 1109541076, "osm_type": "ways_line"}, "geometry": {"type": "LineString", "coordinates": [[130.4434745, 44.6038176], [130.4581207, 44.5918464], [130.4590944, 44.5911074], [130.460307, 44.5902375], [130.4616379, 44.5893974], [130.4704486, 44.583907]]}}, {"type": "Feature", "properties": {"name": "\u6ee8\u7ee5\u7ebf", "name:en": null, "railway": "rail", "ele": null, "operator:type": null, "layer": null, "addr:full": null, "addr:city": null, "source": null, "name:zh": null, "osm_id": 1109541077, "osm_type": "ways_line"}, "geometry": {"type": "LineString", "coordinates": [[130.470417, 44.5838826], [130.461601, 44.5893691], [130.4602698, 44.5902177], [130.4590409, 44.5910891], [130.4580812, 44.59182], [130.4434291, 44.6037959]]}}, {"type": "Feature", "properties": {"name": "\u6ee8\u7ee5\u7ebf\uff08\u4e1c\u6c9f\u7279\u5927\u6865\uff09", "name:en": null, "railway": "rail", "ele": null, "operator:type": null, "layer": "1", "addr:full": null, "addr:city": null, "source": null, "name:zh": null, "osm_id": 1109541079, "osm_type": "ways_line"}, "geometry": {"type": "LineString", "coordinates": [[130.597081, 44.54196], [130.58748, 44.5441675]]}}, {"type": "Feature", "properties": {"name": "\u6ee8\u7ee5\u7ebf", "name:en": null, "railway": "rail", "ele": null, "operator:type": null, "layer": null, "addr:full": null, "addr:city": null, "source": null, "name:zh": null, "osm_id": 1109541080, "osm_type": "ways_line"}, "geometry": {"type": "LineString", "coordinates": [[130.5543582, 44.5534107], [130.5536809, 44.5536311]]}}, {"type": "Feature", "properties": {"name": "\u6ee8\u7ee5\u7ebf", "name:en": null, "railway": "rail", "ele": null, "operator:type": null, "layer": null, "addr:full": null, "addr:city": null, "source": null, "name:zh": null, "osm_id": 1109541067, "osm_type": "ways_line"}, "geometry": {"type": "LineString", "coordinates": [[130.3667546, 44.6159273], [130.3702909, 44.6173282]]}}, {"type": "Feature", "properties": {"name": "\u6ee8\u7ee5\u7ebf", "name:en": null, "railway": "rail", "ele": null, "operator:type": null, "layer": "1", "addr:full": null, "addr:city": null, "source": null, "name:zh": null, "osm_id": 1109541068, "osm_type": "ways_line"}, "geometry": {"type": "LineString", "coordinates": [[130.3664892, 44.6158216], [130.3667546, 44.6159273]]}}, {"type": "Feature", "properties": {"name": "\u6ee8\u7ee5\u7ebf\uff08\u6e56\u5317\u6c9f\u7279\u5927\u6865\uff09", "name:en": null, "railway": "rail", "ele": null, "operator:type": null, "layer": "1", "addr:full": null, "addr:city": null, "source": null, "name:zh": null, "osm_id": 1109541074, "osm_type": "ways_line"}, "geometry": {"type": "LineString", "coordinates": [[130.4231499, 44.6180747], [130.4260212, 44.616697], [130.4282842, 44.6154544], [130.4309198, 44.6139036], [130.4325103, 44.6127776], [130.4434745, 44.6038176]]}}, {"type": "Feature", "properties": {"name": "\u6ee8\u7ee5\u7ebf", "name:en": null, "railway": "rail", "ele": null, "operator:type": null, "layer": null, "addr:full": null, "addr:city": null, "source": null, "name:zh": null, "osm_id": 1109541061, "osm_type": "ways_line"}, "geometry": {"type": "LineString", "coordinates": [[130.0165655, 44.6042835], [130.0173498, 44.6041242]]}}, {"type": "Feature", "properties": {"name": "\u6ee8\u7ee5\u7ebf", "name:en": null, "railway": "rail", "ele": null, "operator:type": null, "layer": null, "addr:full": null, "addr:city": null, "source": null, "name:zh": null, "osm_id": 1109541082, "osm_type": "ways_line"}, "geometry": {"type": "LineString", "coordinates": [[130.5653028, 44.5496794], [130.5600829, 44.5514665]]}}, {"type": "Feature", "properties": {"name": "\u6ee8\u7ee5\u7ebf", "name:en": null, "railway": "rail", "ele": null, "operator:type": null, "layer": null, "addr:full": null, "addr:city": null, "source": null, "name:zh": null, "osm_id": 1109541083, "osm_type": "ways_line"}, "geometry": {"type": "LineString", "coordinates": [[130.5601141, 44.551509], [130.5653388, 44.5497267]]}}, {"type": "Feature", "properties": {"name": "\u6ee8\u7ee5\u7ebf", "name:en": null, "railway": "rail", "ele": null, "operator:type": null, "layer": null, "addr:full": null, "addr:city": null, "source": null, "name:zh": null, "osm_id": 1109541081, "osm_type": "ways_line"}, "geometry": {"type": "LineString", "coordinates": [[130.5537039, 44.5536661], [130.5543755, 44.5534475]]}}, {"type": "Feature", "properties": {"name": "\u6ee8\u7ee5\u7ebf\uff08\u7ee5\u82ac\u6cb3\u7279\u5927\u6865\uff09", "name:en": null, "railway": "rail", "ele": null, "operator:type": null, "layer": null, "addr:full": null, "addr:city": null, "source": null, "name:zh": null, "osm_id": 521621295, "osm_type": "ways_line"}, "geometry": {"type": "LineString", "coordinates": [[130.9001582, 44.4264443], [130.9033019, 44.4264964], [130.9074136, 44.4265647], [130.9121525, 44.426647], [130.9143117, 44.426644], [130.9163529, 44.4265833], [130.9179218, 44.4265111], [130.9193131, 44.4264286]]}}, {"type": "Feature", "properties": {"name": "\u6ee8\u7ee5\u7ebf", "name:en": null, "railway": "rail", "ele": null, "operator:type": null, "layer": "1", "addr:full": null, "addr:city": null, "source": null, "name:zh": null, "osm_id": 553714422, "osm_type": "ways_line"}, "geometry": {"type": "LineString", "coordinates": [[130.3702574, 44.6173829], [130.3707466, 44.6175831]]}}, {"type": "Feature", "properties": {"name": "\u6ee8\u7ee5\u7ebf", "name:en": null, "railway": "rail", "ele": null, "operator:type": null, "layer": null, "addr:full": null, "addr:city": null, "source": null, "name:zh": null, "osm_id": 560222099, "osm_type": "ways_line"}, "geometry": {"type": "LineString", "coordinates": [[130.1489227, 44.5718968], [130.1458919, 44.5720698]]}}, {"type": "Feature", "properties": {"name": "\u6ee8\u7ee5\u7ebf", "name:en": null, "railway": "rail", "ele": null, "operator:type": null, "layer": null, "addr:full": null, "addr:city": null, "source": null, "name:zh": null, "osm_id": 696130712, "osm_type": "ways_line"}, "geometry": {"type": "LineString", "coordinates": [[130.6959691, 44.5148506], [130.7212472, 44.4978578], [130.7236785, 44.4963909], [130.7248326, 44.4957752], [130.7257496, 44.4953348], [130.7268685, 44.4948253], [130.7280323, 44.4943568], [130.7293198, 44.4938739], [130.7308541, 44.4933451], [130.7327932, 44.4927726], [130.7340511, 44.4924569], [130.735279, 44.4921801], [130.7372698, 44.4918099], [130.7402155, 44.4913132], [130.7409231, 44.4911939], [130.7450729, 44.4904941], [130.7461925, 44.4902927], [130.7473952, 44.4900502], [130.7474541, 44.4900383], [130.7484397, 44.489826], [130.7495845, 44.4895481], [130.7508583, 44.4892106], [130.7529034, 44.488597], [130.7557537, 44.4877137], [130.7561728, 44.4875838], [130.7654255, 44.4847162], [130.7675494, 44.4840064], [130.7699299, 44.4831376], [130.7723888, 44.4821082], [130.7745265, 44.4810934], [130.7769814, 44.479765], [130.7792494, 44.4783838], [130.7804426, 44.4775939]]}}, {"type": "Feature", "properties": {"name": "\u6ee8\u7ee5\u7ebf", "name:en": null, "railway": "rail", "ele": null, "operator:type": null, "layer": "1", "addr:full": null, "addr:city": null, "source": null, "name:zh": null, "osm_id": 1109541096, "osm_type": "ways_line"}, "geometry": {"type": "LineString", "coordinates": [[130.6921513, 44.5173593], [130.6959691, 44.5148506]]}}, {"type": "Feature", "properties": {"name": "\u6ee8\u7ee5\u7ebf", "name:en": null, "railway": "rail", "ele": null, "operator:type": null, "layer": "1", "addr:full": null, "addr:city": null, "source": null, "name:zh": null, "osm_id": 1109541097, "osm_type": "ways_line"}, "geometry": {"type": "LineString", "coordinates": [[130.695931, 44.5148206], [130.6921075, 44.5173323]]}}, {"type": "Feature", "properties": {"name": "\u6ee8\u7ee5\u7ebf", "name:en": null, "railway": "rail", "ele": null, "operator:type": null, "layer": null, "addr:full": null, "addr:city": null, "source": null, "name:zh": null, "osm_id": 696130630, "osm_type": "ways_line"}, "geometry": {"type": "LineString", "coordinates": [[130.9945265, 44.3845229], [130.9964584, 44.3840204], [130.9978047, 44.3837489], [130.999255, 44.3834916], [131.0011076, 44.3832247], [131.0029815, 44.3830235], [131.0038705, 44.3829525], [131.0047595, 44.3829018], [131.026096, 44.3824229]]}}, {"type": "Feature", "properties": {"name": "\u6ee8\u7ee5\u7ebf", "name:en": null, "railway": "rail", "ele": null, "operator:type": null, "layer": "-1", "addr:full": null, "addr:city": null, "source": "estimated", "name:zh": null, "osm_id": 181492133, "osm_type": "ways_line"}, "geometry": {"type": "LineString", "coordinates": [[128.9562803, 44.8630383], [128.9561281, 44.863263], [128.9559443, 44.8634984], [128.955776, 44.8636703], [128.9553525, 44.8640587], [128.9292872, 44.8868932], [128.9287294, 44.8874231], [128.9283259, 44.8878468], [128.9278867, 44.8883643], [128.9276421, 44.8887195], [128.9274608, 44.8890322], [128.9273364, 44.8893161], [128.9272268, 44.8897051], [128.9271719, 44.8900321], [128.9271618, 44.890362], [128.9272064, 44.8906913]]}}, {"type": "Feature", "properties": {"name": "\u6ee8\u7ee5\u7ebf", "name:en": null, "railway": "rail", "ele": null, "operator:type": null, "layer": "1", "addr:full": null, "addr:city": null, "source": null, "name:zh": null, "osm_id": 1110006732, "osm_type": "ways_line"}, "geometry": {"type": "LineString", "coordinates": [[130.9945044, 44.3844753], [130.9939151, 44.384644]]}}, {"type": "Feature", "properties": {"name": "\u6ee8\u7ee5\u7ebf\uff08\u4e1c\u80dc\u96a7\u9053\uff09", "name:en": null, "railway": "rail", "ele": null, "operator:type": null, "layer": null, "addr:full": null, "addr:city": null, "source": null, "name:zh": null, "osm_id": 769998174, "osm_type": "ways_line"}, "geometry": {"type": "LineString", "coordinates": [[130.8116413, 44.4575908], [130.7911865, 44.4699829], [130.7866766, 44.4730434], [130.7827938, 44.4758217]]}}, {"type": "Feature", "properties": {"name": "\u6ee8\u7ee5\u7ebf;\u6ee8\u7ee5\u5bbd\u8f68\u7ebf", "name:en": null, "railway": "rail", "ele": null, "operator:type": null, "layer": null, "addr:full": null, "addr:city": null, "source": "bing", "name:zh": null, "osm_id": 173935035, "osm_type": "ways_line"}, "geometry": {"type": "LineString", "coordinates": [[131.1534088, 44.3843276], [131.1535802, 44.3841981], [131.1537338, 44.3840992], [131.1539231, 44.3840002], [131.1541152, 44.3839173], [131.1543116, 44.3838439], [131.154502, 44.3837837], [131.1546909, 44.3837361], [131.1548795, 44.3836981], [131.1551092, 44.383665], [131.1553694, 44.3836284], [131.1556295, 44.3835835], [131.1559323, 44.3835231], [131.1562767, 44.3834313], [131.1565691, 44.3833188], [131.15694, 44.383128], [131.157381, 44.3828814], [131.1579692, 44.3825662], [131.1583719, 44.3823648], [131.1588185, 44.3821854], [131.1593025, 44.3820306], [131.1598332, 44.3819071], [131.1603286, 44.3817999], [131.1606635, 44.3817022], [131.1610448, 44.3815431], [131.1614288, 44.3813253], [131.1617119, 44.3811292], [131.1619996, 44.3808649], [131.1621996, 44.380624], [131.1623525, 44.380379], [131.1624745, 44.3801099], [131.1626349, 44.3797372], [131.162752, 44.3795105], [131.1628919, 44.3793109], [131.1630545, 44.3791336], [131.1632859, 44.3789422], [131.1635311, 44.3787861], [131.1638089, 44.3786456], [131.1641681, 44.3784994], [131.164489, 44.3783982], [131.1648329, 44.3783267], [131.1651405, 44.3782911], [131.1655029, 44.3782711], [131.1658811, 44.3782857], [131.1662167, 44.3783308], [131.1666088, 44.3784183], [131.167083, 44.3785333], [131.1674033, 44.3786213], [131.167688, 44.3787249]]}}, {"type": "Feature", "properties": {"name": "\u6ee8\u7ee5\u7ebf", "name:en": null, "railway": "rail", "ele": null, "operator:type": null, "layer": null, "addr:full": null, "addr:city": null, "source": "bing", "name:zh": null, "osm_id": 224953764, "osm_type": "ways_line"}, "geometry": {"type": "LineString", "coordinates": [[127.4408428, 45.2998747], [127.4389069, 45.3006684], [127.4384735, 45.3008268], [127.4380173, 45.3009735], [127.4375846, 45.3010889], [127.4371824, 45.3011815], [127.4367895, 45.3012622], [127.4363491, 45.3013345], [127.4359262, 45.3013815], [127.4353938, 45.3014079], [127.4339681, 45.3014586], [127.4334024, 45.3014865], [127.4327658, 45.3015174], [127.4324888, 45.301539], [127.4322207, 45.301573], [127.4316648, 45.3016523], [127.4311721, 45.3017361], [127.4305947, 45.3018554], [127.4300453, 45.3019944], [127.4290885, 45.3022142], [127.406875, 45.3077183], [127.4065692, 45.3078019], [127.4062115, 45.3079132], [127.4057636, 45.3080748], [127.4054062, 45.308222], [127.4051138, 45.3083606], [127.4047613, 45.3085356], [127.4044515, 45.3087134], [127.404128, 45.3089127], [127.403837, 45.309112], [127.403589, 45.3092993], [127.4033695, 45.3094866], [127.4030564, 45.3097966], [127.402783, 45.3101017], [127.402473, 45.3105222], [127.4022728, 45.310855], [127.402095, 45.311182], [127.4018839, 45.3116862], [127.4016961, 45.3122352], [127.4015636, 45.3126137], [127.4012106, 45.313618]]}}, {"type": "Feature", "properties": {"name": "\u6ee8\u7ee5\u7ebf", "name:en": null, "railway": "rail", "ele": null, "operator:type": null, "layer": null, "addr:full": null, "addr:city": null, "source": "bing", "name:zh": null, "osm_id": 224953766, "osm_type": "ways_line"}, "geometry": {"type": "LineString", "coordinates": [[127.506494, 45.2769795], [127.5041618, 45.2777804], [127.5035226, 45.2779981], [127.5018697, 45.278606], [127.5003704, 45.2791369], [127.4993385, 45.2794872], [127.4945892, 45.2811037], [127.4940518, 45.2812631], [127.4936585, 45.2813739], [127.4932207, 45.2814847], [127.4927331, 45.2815975], [127.4923584, 45.2816759], [127.4919796, 45.2817457], [127.4915462, 45.2818104], [127.490846, 45.2818976], [127.4848255, 45.2826239], [127.4840635, 45.2827236], [127.4831619, 45.2828562], [127.4824698, 45.2829665], [127.4819293, 45.2830593], [127.4814076, 45.2831615], [127.480875, 45.283277], [127.4803396, 45.2834019], [127.4761139, 45.2844152], [127.4754147, 45.2845924], [127.4750007, 45.2846929], [127.4745974, 45.2848083], [127.4740837, 45.2849723], [127.4735806, 45.2851537], [127.472256, 45.2856735], [127.464088, 45.2888263], [127.463428, 45.2891049], [127.463086, 45.2892649], [127.4627758, 45.2894249], [127.4624769, 45.2895843], [127.4621904, 45.2897436], [127.4616804, 45.2900461], [127.4611505, 45.2904021], [127.4605086, 45.290879], [127.4566056, 45.2936495], [127.4563383, 45.2938146], [127.456057, 45.2939749], [127.455674, 45.2941815], [127.4552642, 45.2943862], [127.4548163, 45.2945857], [127.4543746, 45.294768], [127.4539615, 45.2949306], [127.4534204, 45.2951237], [127.448922, 45.2966404], [127.4482238, 45.2968707], [127.4479038, 45.2969852], [127.4476025, 45.2970997], [127.4471127, 45.297292], [127.4464813, 45.2975366], [127.44149, 45.2996087]]}}, {"type": "Feature", "properties": {"name": "\u6ee8\u7ee5\u7ebf", "name:en": null, "railway": "rail", "ele": null, "operator:type": null, "layer": null, "addr:full": null, "addr:city": null, "source": "bing;GPS", "name:zh": null, "osm_id": 224953767, "osm_type": "ways_line"}, "geometry": {"type": "LineString", "coordinates": [[127.6189372, 45.2637101], [127.6191881, 45.2635782], [127.6193783, 45.2634625], [127.6195831, 45.2633272], [127.6197665, 45.2631909], [127.6199209, 45.2630676], [127.6200593, 45.2629442], [127.6201933, 45.2628166], [127.6202966, 45.2627078], [127.620401, 45.2625886], [127.6204947, 45.2624656], [127.6205759, 45.2623464], [127.6206516, 45.2622262], [127.6207243, 45.2620968], [127.6207915, 45.2619673], [127.620849, 45.2618518], [127.6208984, 45.2617325], [127.620943, 45.2615989], [127.6209823, 45.2614634], [127.6210151, 45.261322], [127.6210399, 45.2611806], [127.6210547, 45.2610425], [127.6210614, 45.2609043], [127.6210637, 45.2607715], [127.6210589, 45.2606387], [127.6210453, 45.2604718], [127.6210256, 45.260305], [127.6203962, 45.2560643], [127.6203564, 45.2557624], [127.6203268, 45.255468], [127.6203159, 45.2551654], [127.6203121, 45.2549515], [127.6203247, 45.2547409], [127.6204814, 45.2517805], [127.6204856, 45.2498435], [127.6204906, 45.2490845], [127.6205472, 45.2485189], [127.6206278, 45.2481421], [127.6207114, 45.2478594], [127.6208429, 45.247547], [127.6209743, 45.2472781], [127.6211749, 45.2469409], [127.6214315, 45.2465938], [127.6217063, 45.2462943], [127.6220045, 45.2460244], [127.6224416, 45.2456774], [127.6228942, 45.2453731], [127.6231852, 45.2452096], [127.6234541, 45.2450761], [127.6237272, 45.2449494], [127.6240797, 45.2448052], [127.6244746, 45.2446778], [127.6249291, 45.2445462], [127.6255212, 45.244421], [127.6260654, 45.2443366], [127.6265472, 45.2442864], [127.6271446, 45.2442651], [127.6276794, 45.2442779], [127.6282819, 45.2443296], [127.6287212, 45.2443831], [127.6291684, 45.2444566], [127.6296683, 45.2445693], [127.6473644, 45.2491577], [127.6478613, 45.2493021], [127.6482476, 45.2494408], [127.6485883, 45.2495747], [127.6489019, 45.2497213], [127.6492015, 45.249878], [127.6495204, 45.2500664], [127.6498669, 45.2502978], [127.6500963, 45.2504639], [127.650312, 45.2506357], [127.6504382, 45.2507475], [127.6506794, 45.2509825], [127.6508918, 45.2512084], [127.6520461, 45.2525463], [127.6522783, 45.2527807], [127.6525945, 45.2530622], [127.6529793, 45.2533581], [127.6533877, 45.2536121], [127.6539153, 45.2538829], [127.6543983, 45.2540835], [127.6548956, 45.2542627], [127.655398, 45.2544022], [127.6556338, 45.2544508], [127.6558818, 45.2544973], [127.6561222, 45.2545374], [127.6563625, 45.2545689], [127.6568765, 45.2546151], [127.6574331, 45.2546528], [127.6595216, 45.2547682], [127.6603593, 45.2548204], [127.6608503, 45.2548628], [127.6613105, 45.2549327], [127.6617897, 45.2550242], [127.6623118, 45.2551535], [127.6626538, 45.2552569], [127.6629609, 45.255364], [127.6633659, 45.2555188], [127.6637656, 45.2556907], [127.6642356, 45.255931], [127.6646595, 45.2561832], [127.6649823, 45.2563906], [127.6660664, 45.2571438], [127.6666995, 45.257573], [127.6671351, 45.257832], [127.6676408, 45.2580992], [127.6678861, 45.2582163], [127.6681395, 45.2583278], [127.6683584, 45.2584126], [127.6685853, 45.258488], [127.6688338, 45.2585591], [127.6690894, 45.2586253], [127.6693237, 45.2586758], [127.6695579, 45.2587213], [127.6698267, 45.2587643], [127.6700955, 45.2587974], [127.6703795, 45.2588163], [127.6706634, 45.2588253], [127.6710551, 45.2588185], [127.6714467, 45.2587986], [127.6746321, 45.2585702], [127.6750574, 45.2585413], [127.6754868, 45.2585209], [127.6759616, 45.2585128], [127.6764363, 45.2585134], [127.6769627, 45.258529], [127.6774891, 45.2585578], [127.6779632, 45.2585998], [127.6784373, 45.258655], [127.6789428, 45.2587249], [127.6794297, 45.258808], [127.6799829, 45.2589218], [127.6805128, 45.2590454], [127.6810434, 45.2591917], [127.6815647, 45.2593479], [127.6820417, 45.2595077], [127.6824954, 45.2596641], [127.6847534, 45.2604639], [127.6850868, 45.2605726], [127.6854249, 45.2606682], [127.6857889, 45.2607632], [127.6861496, 45.2608305], [127.6865289, 45.2608829], [127.6869102, 45.2609239], [127.6874615, 45.2609537], [127.6879437, 45.2609495], [127.6884311, 45.2609225], [127.6890046, 45.2608481], [127.6896179, 45.2607276], [127.7086903, 45.2566186], [127.7094661, 45.256463], [127.7099773, 45.2563921], [127.7104114, 45.2563607], [127.7108659, 45.2563536], [127.711392, 45.2563616], [127.7119059, 45.2563983], [127.7124457, 45.256475], [127.7129855, 45.2565833], [127.7135714, 45.2567462], [127.7140533, 45.2569171], [127.7144851, 45.2571063], [127.7149278, 45.2573326], [127.7153201, 45.257578], [127.7157161, 45.2578759], [127.7160418, 45.2581612], [127.7164325, 45.2585861], [127.7166482, 45.2588713], [127.716827, 45.2591479], [127.7170141, 45.2595321], [127.7171374, 45.2598802], [127.7174859, 45.2611109], [127.7176312, 45.2615238], [127.717803, 45.2618978], [127.7180271, 45.2622809], [127.7183, 45.2626596], [127.7185988, 45.2629922], [127.7189037, 45.2632876], [127.7193257, 45.2636363], [127.7197798, 45.2639429], [127.7203266, 45.2642562], [127.7207793, 45.264472], [127.7212231, 45.2646564], [127.7216475, 45.2648022], [127.7221213, 45.2649389], [127.72268, 45.2650645], [127.7232084, 45.2651505], [127.7237629, 45.2652104], [127.7243196, 45.265233], [127.7248639, 45.2652357], [127.7254985, 45.2652166], [127.7426265, 45.2644559]]}}, {"type": "Feature", "properties": {"name": "\u6ee8\u7ee5\u7ebf", "name:en": null, "railway": "rail", "ele": null, "operator:type": null, "layer": "1", "addr:full": null, "addr:city": null, "source": "bing", "name:zh": null, "osm_id": 224953770, "osm_type": "ways_line"}, "geometry": {"type": "LineString", "coordinates": [[127.44149, 45.2996087], [127.4408428, 45.2998747]]}}, {"type": "Feature", "properties": {"name": "\u6ee8\u7ee5\u7ebf", "name:en": null, "railway": "rail", "ele": null, "operator:type": null, "layer": "1", "addr:full": null, "addr:city": null, "source": "bing", "name:zh": null, "osm_id": 224953773, "osm_type": "ways_line"}, "geometry": {"type": "LineString", "coordinates": [[127.3938695, 45.3316573], [127.3944901, 45.3307266]]}}, {"type": "Feature", "properties": {"name": "\u6ee8\u7ee5\u7ebf", "name:en": null, "railway": "rail", "ele": null, "operator:type": null, "layer": null, "addr:full": null, "addr:city": null, "source": null, "name:zh": null, "osm_id": 224953774, "osm_type": "ways_line"}, "geometry": {"type": "LineString", "coordinates": [[127.1705218, 45.4036402], [127.1706265, 45.4033026], [127.1706976, 45.4030089], [127.1715123, 45.3991801], [127.1716594, 45.3986313], [127.1718038, 45.3981711], [127.1719831, 45.3977277], [127.1722077, 45.3972834], [127.1724673, 45.396844], [127.1726611, 45.3965695], [127.1728736, 45.3962917], [127.17319, 45.3959509], [127.1735253, 45.3956122], [127.1780286, 45.3917505], [127.1783213, 45.391477], [127.1786574, 45.3911473], [127.1805629, 45.3891245], [127.1809006, 45.3887855], [127.1813359, 45.388381], [127.1815831, 45.3881737], [127.1818592, 45.3879571], [127.1821733, 45.3877409], [127.1825191, 45.387522], [127.1828977, 45.3872977], [127.1833005, 45.3870835], [127.1837032, 45.3868935], [127.1909917, 45.3837112], [127.1916321, 45.3834432], [127.1921658, 45.3832328], [127.1925876, 45.3830811], [127.1932326, 45.382863], [127.2043934, 45.3795008], [127.2053963, 45.3792043], [127.2057304, 45.3791198], [127.2060686, 45.3790495], [127.2066725, 45.3789448], [127.2072062, 45.3788925], [127.2077399, 45.378863], [127.2082933, 45.3788517], [127.2087161, 45.3788648], [127.2109496, 45.3789944], [127.2116615, 45.3790109], [127.2121018, 45.3789972], [127.2124327, 45.3789782], [127.2127636, 45.3789449], [127.2131828, 45.3788845], [127.2136268, 45.3788043], [127.2181067, 45.3777825], [127.2187723, 45.3776495], [127.2193673, 45.3775651], [127.2198675, 45.3775195], [127.2203715, 45.3774947], [127.2209012, 45.3775011], [127.2212973, 45.3775189], [127.2216934, 45.3775594], [127.2221497, 45.3776379], [127.2226253, 45.3777363], [127.2243709, 45.3781524], [127.2249537, 45.3782717], [127.2256096, 45.3783803], [127.22596, 45.378427], [127.2263023, 45.3784605], [127.226616, 45.3784829], [127.226927, 45.3784996], [127.2272959, 45.3784973], [127.2276676, 45.3784799], [127.2279676, 45.3784609], [127.2282676, 45.3784353], [127.2285293, 45.3784093], [127.2288502, 45.3783708], [127.2292357, 45.3783031], [127.229585, 45.3782298], [127.2300876, 45.3781046], [127.2306434, 45.3779472], [127.2311487, 45.3777584], [127.2316018, 45.3775687], [127.231819, 45.3774672], [127.2320178, 45.3773462], [127.2323612, 45.3771142], [127.2325941, 45.3769442], [127.2329128, 45.3766755], [127.2340508, 45.3756418], [127.2342062, 45.3755164], [127.2343812, 45.3753829], [127.2346026, 45.3752224], [127.234949, 45.3749958], [127.2354266, 45.3747058], [127.235687, 45.3745599], [127.2359429, 45.3744206], [127.2361786, 45.3743035], [127.2366374, 45.3741032], [127.2385852, 45.3732], [127.2391649, 45.3729141], [127.2394604, 45.372749], [127.2397599, 45.3725524], [127.2400371, 45.3723466], [127.2402715, 45.372142], [127.2411015, 45.3713258], [127.2413819, 45.3710901], [127.2417191, 45.3708578], [127.2420668, 45.370657], [127.2424268, 45.3704747], [127.2427957, 45.3703155], [127.243187, 45.3701734], [127.2435359, 45.3700793], [127.2439225, 45.3699871], [127.2444433, 45.3698949], [127.2463155, 45.3696764], [127.2467983, 45.3696048], [127.2472677, 45.3694964], [127.2477513, 45.3693472], [127.247966, 45.3692652], [127.2482462, 45.3691473], [127.248825, 45.3688487], [127.2505821, 45.3678368], [127.2509869, 45.3675854], [127.2512909, 45.3673667], [127.251568, 45.3671404], [127.2518844, 45.3668594], [127.2521276, 45.3666002], [127.252966, 45.3655083], [127.2531989, 45.3652129], [127.25347, 45.364931], [127.2536575, 45.3647591], [127.2538698, 45.3645996], [127.2540758, 45.3644434], [127.2543402, 45.3642783], [127.2549455, 45.3639335], [127.2556573, 45.3635772], [127.2560674, 45.3633498], [127.2564671, 45.3631079], [127.2568005, 45.3628854], [127.2570735, 45.3626833], [127.2582243, 45.3617128], [127.2585267, 45.3614828], [127.2588958, 45.3612502], [127.2594225, 45.3609482], [127.2597145, 45.3608118], [127.2601077, 45.3606404], [127.2604262, 45.3605136], [127.2607447, 45.3604069], [127.2610933, 45.3603148], [127.2614565, 45.3602327]]}}, {"type": "Feature", "properties": {"name": "\u6ee8\u7ee5\u7ebf", "name:en": null, "railway": "rail", "ele": null, "operator:type": null, "layer": null, "addr:full": null, "addr:city": null, "source": "bing", "name:zh": null, "osm_id": 224953775, "osm_type": "ways_line"}, "geometry": {"type": "LineString", "coordinates": [[127.4415158, 45.299644], [127.446523, 45.2975759], [127.4471344, 45.2973361], [127.4476248, 45.2971394], [127.4479322, 45.2970203], [127.4482418, 45.2969111], [127.4489523, 45.2966772], [127.4534217, 45.2951684], [127.453988, 45.2949721], [127.4544081, 45.2948059], [127.4548767, 45.2946096], [127.4553169, 45.2944075], [127.455704, 45.2942101], [127.4560965, 45.2940033], [127.4563829, 45.2938431], [127.4566506, 45.2936779], [127.4605044, 45.2909468], [127.461225, 45.2904267], [127.4617307, 45.2900825], [127.4622464, 45.2897713], [127.462532, 45.2896145], [127.4628391, 45.2894537], [127.4631375, 45.2893001], [127.4634676, 45.2891466], [127.4641274, 45.2888709], [127.4722832, 45.2857083], [127.4736247, 45.2851987], [127.474114, 45.2850229], [127.4746245, 45.2848621], [127.4750252, 45.2847424], [127.4754613, 45.2846351], [127.4761186, 45.2844592], [127.4803563, 45.2834398], [127.4808953, 45.2833154], [127.4814343, 45.2832004], [127.481945, 45.2831041], [127.4824738, 45.2830076], [127.4831732, 45.2828939], [127.4840723, 45.2827666], [127.4848318, 45.2826721], [127.4908718, 45.2819423], [127.4914994, 45.2818657], [127.4919906, 45.2817939], [127.4923874, 45.2817225], [127.4927599, 45.2816455], [127.4932583, 45.2815293], [127.4936792, 45.2814207], [127.4940839, 45.2813056], [127.4946328, 45.281143], [127.5002118, 45.2792457], [127.5016531, 45.2787546], [127.5055809, 45.2774147], [127.5065212, 45.2770866]]}}, {"type": "Feature", "properties": {"name": "\u6ee8\u7ee5\u7ebf", "name:en": null, "railway": "rail", "ele": null, "operator:type": null, "layer": null, "addr:full": null, "addr:city": null, "source": "yahoo imagery, landsat", "name:zh": null, "osm_id": 224953776, "osm_type": "ways_line"}, "geometry": {"type": "LineString", "coordinates": [[127.2614361, 45.360188], [127.2610772, 45.3602742], [127.2607183, 45.3603644], [127.2603937, 45.3604742], [127.2600773, 45.3605983], [127.2596777, 45.3607709], [127.2593792, 45.3609164], [127.2588099, 45.361247], [127.258461, 45.3614722], [127.2581712, 45.3616937], [127.2570146, 45.3626602], [127.2567568, 45.3628543], [127.2564263, 45.363074], [127.2560293, 45.3633089], [127.2556106, 45.36354], [127.2549264, 45.3638799], [127.2540369, 45.3644013], [127.2538282, 45.3645488], [127.2536017, 45.3647263], [127.2534, 45.3649112], [127.2531474, 45.3651868], [127.2529263, 45.3654514], [127.2520668, 45.3665751], [127.2518247, 45.3668322], [127.251511, 45.3671178], [127.2512573, 45.3673216], [127.250945, 45.3675457], [127.2505487, 45.3677995], [127.2487882, 45.3687994], [127.2484875, 45.3689633], [127.2482063, 45.3691012], [127.2479579, 45.3692012], [127.2477077, 45.3692901], [127.2472399, 45.3694422], [127.2468091, 45.3695491], [127.2463206, 45.369627], [127.2444268, 45.3698511], [127.2439398, 45.3699401], [127.243534, 45.3700339], [127.2431724, 45.370133], [127.2427529, 45.3702779], [127.2423863, 45.3704371], [127.2420153, 45.3706179], [127.2416687, 45.3708244], [127.2413483, 45.3710549], [127.2410387, 45.3713079], [127.2402203, 45.3721228], [127.2399945, 45.3723258], [127.2397187, 45.3725277], [127.2394272, 45.3727212], [127.2391377, 45.3728861], [127.2385832, 45.3731567], [127.2368287, 45.373966], [127.2366328, 45.3740613], [127.2364278, 45.3741536], [127.2361222, 45.3742836], [127.235903, 45.3743949], [127.2356442, 45.3745332], [127.2353853, 45.374684], [127.2349124, 45.3749711], [127.2345516, 45.3752026], [127.2343464, 45.3753497], [127.2341657, 45.3754836], [127.2339958, 45.3756292], [127.2328696, 45.3766432], [127.23254, 45.376912], [127.2319913, 45.377301], [127.2317649, 45.3774302], [127.2315353, 45.37754], [127.2311025, 45.3777121], [127.2306078, 45.3778927], [127.2300904, 45.3780534], [127.2295822, 45.378173], [127.2292118, 45.3782567], [127.2288337, 45.3783199], [127.2285572, 45.3783522], [127.228259, 45.3783845], [127.2279572, 45.3784054], [127.2276508, 45.378423], [127.2272927, 45.378442], [127.2269374, 45.378444], [127.2266305, 45.3784297], [127.2263317, 45.3784079], [127.225976, 45.3783726], [127.2256202, 45.3783242], [127.2249913, 45.3782169], [127.2243644, 45.3780821], [127.2226335, 45.3776877], [127.2221624, 45.3775907], [127.221732, 45.3775147], [127.2213586, 45.3774777], [127.2209315, 45.3774595], [127.2204169, 45.377453], [127.2198627, 45.3774773], [127.2193561, 45.3775256], [127.2187654, 45.3776077], [127.2180865, 45.377743], [127.2136239, 45.3787486], [127.2131383, 45.3788371], [127.2127238, 45.37889], [127.212402, 45.3789177], [127.2121127, 45.3789255], [127.2116846, 45.3789268], [127.2109254, 45.3789014], [127.2087087, 45.3787795], [127.2082819, 45.3787632], [127.2077546, 45.3787728], [127.2071989, 45.3788085], [127.2066525, 45.3788703], [127.2060538, 45.3789726], [127.2057021, 45.379051], [127.2053706, 45.3791409], [127.204328, 45.37944], [127.1932032, 45.3828093], [127.1925485, 45.3830357], [127.1921304, 45.3831897], [127.1916002, 45.383402], [127.1909605, 45.3836744], [127.1836868, 45.3868458], [127.1832678, 45.387046], [127.1828631, 45.3872577], [127.1824717, 45.3874874], [127.1821345, 45.3877029], [127.1818127, 45.3879262], [127.1815194, 45.3881508], [127.1812771, 45.3883547], [127.1808478, 45.3887595], [127.1805114, 45.3890906], [127.1785973, 45.3911217], [127.1782608, 45.3914499], [127.1779874, 45.3917112], [127.1734609, 45.3955872], [127.1731223, 45.3959226], [127.1728029, 45.396272], [127.172593, 45.3965421], [127.1724111, 45.3967959], [127.1721299, 45.3972487], [127.1718907, 45.3977047], [127.1717089, 45.3981569], [127.1715532, 45.3986312], [127.1714095, 45.3992025], [127.1706088, 45.4030013], [127.1705366, 45.4032926], [127.1704401, 45.4036295]]}}, {"type": "Feature", "properties": {"name": "\u6ee8\u7ee5\u7ebf", "name:en": null, "railway": "rail", "ele": null, "operator:type": null, "layer": null, "addr:full": null, "addr:city": null, "source": "yahoo imagery", "name:zh": null, "osm_id": 239317837, "osm_type": "ways_line"}, "geometry": {"type": "LineString", "coordinates": [[126.8338527, 45.6967077], [126.8347067, 45.6964716], [126.8351117, 45.6963578], [126.8361108, 45.6960706], [126.8365187, 45.6959596], [126.8369497, 45.6958212], [126.837397, 45.6956598], [126.8378532, 45.6954737], [126.8381764, 45.6953293], [126.8385031, 45.6951701], [126.838903, 45.6949696], [126.8397399, 45.6945105], [126.8430687, 45.6927115], [126.8437409, 45.6923686], [126.8443893, 45.6920659], [126.8450037, 45.691817], [126.8457416, 45.6915596], [126.8464733, 45.6913367], [126.8650946, 45.6862349], [126.8669173, 45.6857003], [126.8675897, 45.6854681], [126.8682184, 45.6852004], [126.868741, 45.6849491], [126.8693203, 45.6846337], [126.8697232, 45.6843825], [126.8702026, 45.684055], [126.870655, 45.6836879], [126.8711584, 45.6832051], [126.8714724, 45.6828722], [126.8717622, 45.6825491], [126.8806341, 45.6722063], [126.880879, 45.6719301], [126.8811407, 45.6716597], [126.8813806, 45.6714329], [126.8816247, 45.6712046], [126.8820511, 45.6708572], [126.8823296, 45.6706528], [126.8826373, 45.6704439], [126.8829723, 45.6702407], [126.8833663, 45.6699996], [126.8838088, 45.6697501], [126.8929865, 45.6647071], [126.8935409, 45.6643723], [126.8940879, 45.6640235], [126.8943617, 45.6638269], [126.8946354, 45.663622], [126.8954355, 45.6630209], [126.8964697, 45.6621916], [126.8970048, 45.661725], [126.8976928, 45.6611816], [126.8985803, 45.6604811], [126.8996825, 45.659592], [126.900369, 45.6590017], [126.9086781, 45.6515453], [126.9103806, 45.6499874], [126.9110167, 45.6493725], [126.9116239, 45.648724], [126.9130127, 45.6471291], [126.9134287, 45.6466669], [126.9139173, 45.6461627], [126.9148252, 45.6453476], [126.9153395, 45.6449414], [126.9183069, 45.6427824], [126.9188198, 45.6423819], [126.9192523, 45.6420237], [126.9196777, 45.641649], [126.92291, 45.6386692], [126.9238246, 45.63783], [126.9250295, 45.636726], [126.9254847, 45.6362624], [126.9261594, 45.6355224], [126.9277755, 45.6337608], [126.9281329, 45.6333744], [126.9284055, 45.6331071], [126.9289494, 45.6325981], [126.9296125, 45.6319818], [126.930293, 45.6313616], [126.9420813, 45.6214726], [126.9425222, 45.6210822], [126.9428803, 45.6207247], [126.9432022, 45.620368], [126.9434241, 45.6201032], [126.9436315, 45.6198321], [126.9438195, 45.619575], [126.9439972, 45.6192975], [126.9443105, 45.6187469], [126.9482995, 45.6107426], [126.9493225, 45.6089748], [126.9496273, 45.6084237], [126.9498716, 45.6079333], [126.9500509, 45.6075408], [126.9502327, 45.6070841], [126.9503543, 45.6067051], [126.950457, 45.6063182], [126.9505336, 45.6057627], [126.9506935, 45.6034455], [126.9507305, 45.6031315], [126.9507939, 45.6028226], [126.9508899, 45.6024019], [126.950967, 45.6021377], [126.9510524, 45.6018928], [126.9512244, 45.6014131], [126.9514282, 45.6010261], [126.9515806, 45.6007583], [126.9516743, 45.6006002], [126.9720254, 45.5668841], [126.9723541, 45.5663727], [126.9726875, 45.5659206], [126.9730171, 45.5654984], [126.9734894, 45.5649754], [126.9806788, 45.557158], [126.981046, 45.5567588], [126.9813912, 45.5563862]]}}, {"type": "Feature", "properties": {"name": "\u6ee8\u7ee5\u7ebf", "name:en": null, "railway": "rail", "ele": null, "operator:type": null, "layer": "1", "addr:full": null, "addr:city": null, "source": "yahoo imagery", "name:zh": null, "osm_id": 239854752, "osm_type": "ways_line"}, "geometry": {"type": "LineString", "coordinates": [[126.6284262, 45.7348784], [126.6290448, 45.7345809]]}}, {"type": "Feature", "properties": {"name": "\u6ee8\u7ee5\u7ebf", "name:en": null, "railway": "rail", "ele": null, "operator:type": null, "layer": null, "addr:full": null, "addr:city": null, "source": "yahoo imagery", "name:zh": null, "osm_id": 239854762, "osm_type": "ways_line"}, "geometry": {"type": "LineString", "coordinates": [[126.6290448, 45.7345809], [126.6337206, 45.7323071], [126.6342955, 45.7320417], [126.6356952, 45.7314317], [126.6361145, 45.731267], [126.6368308, 45.731012], [126.6408279, 45.729675]]}}, {"type": "Feature", "properties": {"name": "\u6ee8\u7ee5\u7ebf", "name:en": null, "railway": "rail", "ele": null, "operator:type": null, "layer": null, "addr:full": null, "addr:city": null, "source": "GPS", "name:zh": null, "osm_id": 286062893, "osm_type": "ways_line"}, "geometry": {"type": "LineString", "coordinates": [[128.9688998, 44.9253069], [128.9688915, 44.9253511], [128.9688309, 44.9255847], [128.9687276, 44.9258406], [128.9685989, 44.9261177], [128.9684849, 44.9263136], [128.9683555, 44.9265072], [128.9681137, 44.9267898], [128.9679778, 44.9269298], [128.9678311, 44.9270686], [128.9673748, 44.9274396], [128.9649093, 44.9291255], [128.9645428, 44.9293788], [128.9641064, 44.9296396], [128.9639439, 44.9297225], [128.9637465, 44.9298099], [128.9635348, 44.9298918], [128.9633166, 44.9299726], [128.9630214, 44.9300741], [128.9627454, 44.9301516], [128.9624703, 44.9302176], [128.9622388, 44.9302621], [128.9620037, 44.9302996], [128.9617508, 44.930326], [128.961498, 44.9303442], [128.9612502, 44.9303556], [128.9610048, 44.9303629], [128.9607461, 44.9303589], [128.9604909, 44.930345], [128.9602392, 44.930319], [128.9599769, 44.9302846], [128.959756, 44.9302475], [128.9595352, 44.9302038], [128.9592731, 44.930134], [128.959018, 44.9300608], [128.9587536, 44.9299703], [128.9584962, 44.9298699], [128.9581655, 44.9297208], [128.9577176, 44.9294816], [128.9573999, 44.929256], [128.9571278, 44.9290443], [128.9568659, 44.9287933], [128.956618, 44.9285005], [128.956459, 44.928279], [128.9562983, 44.9280234], [128.9561876, 44.9277796], [128.9560674, 44.9274576], [128.9560106, 44.9271697], [128.955985, 44.9268678], [128.9559913, 44.9265134], [128.956013, 44.9261465], [128.9563623, 44.923207], [128.9563972, 44.9227888], [128.9563622, 44.9221212], [128.9563535, 44.9219705], [128.9563347, 44.9218285], [128.9563038, 44.9216937], [128.9562606, 44.9215387], [128.9562171, 44.9213994], [128.9561416, 44.9212276]]}}, {"type": "Feature", "properties": {"name": "\u6ee8\u7ee5\u7ebf", "name:en": null, "railway": "rail", "ele": null, "operator:type": null, "layer": null, "addr:full": null, "addr:city": null, "source": "GPS;bing", "name:zh": null, "osm_id": 286062895, "osm_type": "ways_line"}, "geometry": {"type": "LineString", "coordinates": [[128.2195083, 45.0323328], [128.2191024, 45.0325898], [128.2182985, 45.0330151], [128.217636, 45.0333], [128.216935, 45.033534], [128.2164477, 45.0336605], [128.2159505, 45.0337706], [128.2151846, 45.033882], [128.214414, 45.033976], [128.201155, 45.0348233], [128.2002564, 45.0348583], [128.1992935, 45.0348762], [128.1984077, 45.034856], [128.1840093, 45.0344953], [128.1556615, 45.033785]]}}, {"type": "Feature", "properties": {"name": "\u6ee8\u7ee5\u7ebf", "name:en": null, "railway": "rail", "ele": null, "operator:type": null, "layer": null, "addr:full": null, "addr:city": null, "source": "GPS", "name:zh": null, "osm_id": 286062896, "osm_type": "ways_line"}, "geometry": {"type": "LineString", "coordinates": [[129.0202176, 44.6905029], [129.0201032, 44.6910435], [129.0199493, 44.6916672], [129.0197871, 44.6923027], [129.0196706, 44.692744], [129.0193039, 44.6940996], [129.01919, 44.6945631], [129.0190944, 44.6950251], [129.0190323, 44.695447], [129.0189946, 44.6958703], [129.0189872, 44.696373], [129.0190047, 44.6969581], [129.0190734, 44.6980706], [129.0191164, 44.6985176], [129.0191619, 44.6989341], [129.0192416, 44.6992679], [129.0193446, 44.6996156], [129.0194634, 44.6999231], [129.0196214, 44.7002367], [129.0197819, 44.7005192], [129.0199787, 44.7008115], [129.0202533, 44.7011749], [129.0205208, 44.7014753], [129.0220229, 44.7031383], [129.0223286, 44.7035355], [129.0226244, 44.7039528], [129.0228487, 44.7043461], [129.0230185, 44.7046956], [129.0231497, 44.7050496], [129.0232534, 44.7053621], [129.0233397, 44.7056614], [129.0235511, 44.70656], [129.0236372, 44.7068378], [129.0237949, 44.7072843], [129.0239703, 44.707692], [129.0241963, 44.7081127], [129.0243727, 44.7084113], [129.0246074, 44.708763], [129.0248662, 44.7091566], [129.025167, 44.7095733], [129.0255186, 44.7099635], [129.0259503, 44.7103939], [129.0264087, 44.7107786], [129.0268931, 44.7111618], [129.0273385, 44.711484], [129.0277436, 44.7117423], [129.0282017, 44.7119923], [129.0286599, 44.7122228], [129.0291047, 44.7124304], [129.0295522, 44.7126302], [129.0299568, 44.7127957], [129.0305167, 44.7130078], [129.0311123, 44.7132083], [129.0315985, 44.7133548], [129.0320815, 44.7134845], [129.0326744, 44.7136199], [129.0367501, 44.7144731], [129.0372669, 44.7146096], [129.0378494, 44.7148056], [129.0383126, 44.7149968], [129.0387388, 44.715199], [129.0391847, 44.715465], [129.0395074, 44.7156995], [129.0397872, 44.7159666], [129.0406741, 44.7168905], [129.0430186, 44.7196644], [129.0433083, 44.720029], [129.0435098, 44.7203331], [129.0436833, 44.7207383], [129.0438357, 44.7211699], [129.0439269, 44.7215875], [129.0439959, 44.7219845], [129.0440741, 44.7224691], [129.0441134, 44.7229478], [129.0441448, 44.7236453], [129.0442064, 44.7240648], [129.0443157, 44.7244884], [129.0444311, 44.7247893], [129.0445304, 44.7250531], [129.0446605, 44.7253102], [129.044853, 44.7256801], [129.0471193, 44.7297085], [129.0473547, 44.7301676], [129.0475031, 44.7305006], [129.0476482, 44.7308629], [129.0477836, 44.7312776], [129.0486922, 44.7343624], [129.0488419, 44.7348507], [129.0493812, 44.7364367], [129.0499442, 44.7382855], [129.0500965, 44.7387424], [129.0502281, 44.7390577], [129.0503414, 44.7392651], [129.0504689, 44.7394725], [129.0506757, 44.7397366], [129.0510111, 44.7400887], [129.0513043, 44.7403385], [129.0515521, 44.7405532], [129.0517454, 44.7406937], [129.0519857, 44.7408542], [129.0530762, 44.741568], [129.0535257, 44.7419079], [129.0537674, 44.7421317], [129.0540705, 44.7424448], [129.0543382, 44.7427747], [129.0545571, 44.7431316], [129.0547639, 44.743543], [129.0549728, 44.7440205], [129.0563785, 44.7477926], [129.056537, 44.7481963], [129.05664, 44.7484918], [129.0567028, 44.7488216], [129.0567084, 44.7490962], [129.0566729, 44.7493789], [129.056609, 44.749663], [129.0564973, 44.7500869], [129.056423, 44.7503829], [129.0563823, 44.7506351], [129.0563665, 44.7508297], [129.0563682, 44.7510139], [129.0564239, 44.7514065], [129.0565394, 44.7517582], [129.0567156, 44.7521448], [129.0569005, 44.7524916], [129.057099, 44.7528041], [129.0573323, 44.7531234], [129.0582398, 44.7542543], [129.0584352, 44.7545295], [129.0586232, 44.7548366], [129.0587838, 44.7551191], [129.0591531, 44.7558372], [129.0592934, 44.7561634], [129.0594185, 44.7564886], [129.059496, 44.7567417], [129.0595463, 44.7570328], [129.0595869, 44.757355], [129.059586, 44.7576841], [129.0595391, 44.7580333], [129.0594629, 44.7583945], [129.0592994, 44.7587931], [129.0591593, 44.7590801], [129.0584881, 44.7604409], [129.0583654, 44.7607139], [129.0582372, 44.7610611], [129.0581614, 44.761381], [129.058115, 44.7617366], [129.0580924, 44.7620502], [129.0580971, 44.7623181], [129.0581215, 44.762576], [129.0581669, 44.7627877], [129.0582784, 44.7631309], [129.0584234, 44.7634531], [129.0585859, 44.7637426], [129.0588132, 44.7640436], [129.059111, 44.7643703], [129.0594387, 44.7646674], [129.0598801, 44.765023], [129.0602057, 44.7653048], [129.0604562, 44.7655669], [129.0606932, 44.7658448], [129.0608684, 44.7660821], [129.060999, 44.7662848], [129.0610735, 44.7663996], [129.0611568, 44.7665622], [129.0612718, 44.766881], [129.0613076, 44.7670537], [129.061327, 44.767225], [129.0613455, 44.7675201], [129.0613424, 44.7676828], [129.061323, 44.7678599], [129.0613064, 44.7680127], [129.0612816, 44.7681626], [129.0612395, 44.7683505], [129.0611729, 44.7685903]]}}, {"type": "Feature", "properties": {"name": "\u6ee8\u7ee5\u7ebf", "name:en": null, "railway": "rail", "ele": null, "operator:type": null, "layer": null, "addr:full": null, "addr:city": null, "source": "GPS;bing", "name:zh": null, "osm_id": 286062914, "osm_type": "ways_line"}, "geometry": {"type": "LineString", "coordinates": [[127.7426243, 45.2644099], [127.7254906, 45.2651598], [127.7248648, 45.2651776], [127.7243296, 45.2651626], [127.7237945, 45.2651227], [127.7232285, 45.2650555], [127.7227318, 45.26496], [127.7221775, 45.2648227], [127.7217274, 45.2646839], [127.7212982, 45.2645249], [127.7208424, 45.2643274], [127.7204162, 45.2641247], [127.7199085, 45.2638355], [127.7194799, 45.2635449], [127.7190367, 45.2631937], [127.7187416, 45.2629226], [127.7183997, 45.2625556], [127.7181561, 45.2622403], [127.7179166, 45.2618806], [127.7177211, 45.2615057], [127.7175576, 45.2611001], [127.7172082, 45.2598747], [127.7170719, 45.2595141], [127.716892, 45.2591509], [127.7166962, 45.258851], [127.7164865, 45.2585662], [127.7160993, 45.2581465], [127.7157552, 45.2578447], [127.7153626, 45.257553], [127.7149586, 45.2572971], [127.7145215, 45.257067], [127.7140701, 45.2568751], [127.7136039, 45.2567065], [127.7130484, 45.2565489], [127.7124538, 45.2564296], [127.7119101, 45.256359], [127.7113798, 45.2563238], [127.7108678, 45.2563128], [127.710415, 45.2563211], [127.7099703, 45.2563508], [127.7094648, 45.2564242], [127.7086797, 45.2565787], [127.689578, 45.2606937], [127.6889794, 45.2608045], [127.6884182, 45.2608693], [127.6879373, 45.2608903], [127.6874347, 45.2608921], [127.6868995, 45.2608593], [127.6864651, 45.2608211], [127.6861039, 45.2607701], [127.6857971, 45.2607108], [127.6854504, 45.2606274], [127.685109, 45.2605336], [127.6847769, 45.2604332], [127.6825304, 45.2596326], [127.6820603, 45.2594669], [127.6815878, 45.2593111], [127.6810805, 45.2591535], [127.6805499, 45.2590058], [127.6799955, 45.2588793], [127.6794365, 45.258766], [127.6789519, 45.2586823], [127.6784627, 45.2586085], [127.6779815, 45.2585545], [127.6774957, 45.2585071], [127.6769666, 45.2584778], [127.6764374, 45.2584584], [127.6759744, 45.2584593], [127.6755114, 45.2584668], [127.6750601, 45.2584872], [127.674621, 45.2585161], [127.6714407, 45.2587576], [127.6710593, 45.2587791], [127.6706779, 45.2587841], [127.6703879, 45.2587735], [127.670098, 45.2587554], [127.6698328, 45.2587239], [127.6695712, 45.2586799], [127.6693456, 45.2586319], [127.6691236, 45.2585815], [127.668876, 45.258517], [127.6686303, 45.2584457], [127.6683929, 45.2583705], [127.6681609, 45.2582839], [127.6679202, 45.2581773], [127.6676794, 45.2580613], [127.6671714, 45.2578001], [127.6667265, 45.2575258], [127.6660934, 45.2571022], [127.6650282, 45.2563567], [127.6646937, 45.2561383], [127.6642368, 45.2558689], [127.6638028, 45.2556511], [127.6633988, 45.2554722], [127.6629948, 45.2553207], [127.66268, 45.2552139], [127.662333, 45.2551071], [127.6618262, 45.2549778], [127.6613271, 45.2548837], [127.6608758, 45.2548152], [127.6603658, 45.2547714], [127.6594954, 45.2547222], [127.6574341, 45.2546108], [127.6568848, 45.2545681], [127.6563866, 45.254517], [127.6559283, 45.2544466], [127.6554106, 45.2543339], [127.6549438, 45.2541996], [127.6544351, 45.2540278], [127.6539618, 45.2538245], [127.6534503, 45.2535714], [127.6529939, 45.2532908], [127.6526333, 45.2530141], [127.6523416, 45.2527695], [127.652091, 45.2525288], [127.6509372, 45.2511907], [127.6507186, 45.250954], [127.6504882, 45.2507247], [127.6503593, 45.2506072], [127.6501551, 45.2504438], [127.6499248, 45.2502691], [127.6495969, 45.2500438], [127.6492678, 45.2498454], [127.6489538, 45.249682], [127.6486215, 45.2495297], [127.6482803, 45.249394], [127.6479215, 45.2492682], [127.6474366, 45.2491242], [127.6296973, 45.244523], [127.6292143, 45.2444097], [127.6287551, 45.2443325], [127.6283045, 45.2442783], [127.6276939, 45.2442268], [127.6271426, 45.2442102], [127.6265651, 45.2442297], [127.6260494, 45.2442872], [127.6255121, 45.244366], [127.6249254, 45.2444938], [127.6244414, 45.2446286], [127.6240488, 45.2447624], [127.6236882, 45.2449051], [127.6234102, 45.2450356], [127.6231417, 45.2451756], [127.6228486, 45.2453374], [127.622406, 45.2456458], [127.6219758, 45.2459746], [127.6216739, 45.2462476], [127.621365, 45.2465766], [127.6211145, 45.246924], [127.6209107, 45.2472598], [127.6207769, 45.2475264], [127.6206553, 45.247832], [127.620567, 45.2481335], [127.6204853, 45.2485206], [127.6204233, 45.2491071], [127.6201408, 45.2542668], [127.620135, 45.2544992], [127.6201293, 45.2547381], [127.6201302, 45.2549544], [127.6201428, 45.2551772], [127.620159, 45.2553545], [127.6201799, 45.2555416], [127.6208177, 45.2603657], [127.6208355, 45.2605478], [127.6208451, 45.2607327], [127.6208463, 45.2608681], [127.6208353, 45.2610063], [127.6208131, 45.2611723], [127.6207788, 45.2613325], [127.6207373, 45.2614866], [127.6206837, 45.2616407], [127.6206207, 45.2617916], [127.6205535, 45.2619406], [127.6204765, 45.2620946], [127.6203812, 45.2622458], [127.6202844, 45.262396], [127.6201713, 45.2625347], [127.6200242, 45.2627001], [127.619869, 45.2628597], [127.6197184, 45.2629968], [127.6195529, 45.2631297], [127.6193444, 45.2632771], [127.6191291, 45.2634173], [127.6189562, 45.2635162], [127.6188366, 45.2635818]]}}, {"type": "Feature", "properties": {"name": "\u6ee8\u7ee5\u7ebf", "name:en": null, "railway": "rail", "ele": null, "operator:type": null, "layer": null, "addr:full": null, "addr:city": null, "source": "GPS", "name:zh": null, "osm_id": 286062924, "osm_type": "ways_line"}, "geometry": {"type": "LineString", "coordinates": [[128.0667427, 45.062238], [128.0660588, 45.0624624], [128.0654364, 45.0626732], [128.0650322, 45.0628079], [128.0642276, 45.063076], [128.0632783, 45.0633923], [128.0627345, 45.0635781], [128.0622937, 45.0637601], [128.0618067, 45.0640019], [128.0613197, 45.0642952], [128.0609196, 45.0645976], [128.0605889, 45.0649292], [128.0602497, 45.0653381], [128.055651, 45.071368], [128.0552221, 45.0719863], [128.0549426, 45.072537], [128.0547978, 45.0729276], [128.0546994, 45.0733061], [128.054652, 45.0736397], [128.0546363, 45.0740163], [128.054664, 45.0743568], [128.0547104, 45.0746857], [128.0547568, 45.0749388], [128.0548728, 45.0753886], [128.0551348, 45.0762533], [128.0551845, 45.0765544], [128.0551878, 45.0768242], [128.0551408, 45.0771985], [128.0549169, 45.0791053], [128.0548694, 45.0794504], [128.0547789, 45.0798748], [128.0546094, 45.0804006], [128.0544746, 45.0809363], [128.0544173, 45.0813593], [128.0543211, 45.0826194], [128.0542393, 45.0830955], [128.0541098, 45.0835624], [128.0539461, 45.0840209], [128.0537635, 45.0845332], [128.0527124, 45.0870667]]}}, {"type": "Feature", "properties": {"name": "\u6ee8\u7ee5\u7ebf", "name:en": null, "railway": "rail", "ele": null, "operator:type": null, "layer": "1", "addr:full": null, "addr:city": null, "source": "bing", "name:zh": null, "osm_id": 286070889, "osm_type": "ways_line"}, "geometry": {"type": "LineString", "coordinates": [[128.5458113, 44.9225677], [128.544705, 44.9228341]]}}, {"type": "Feature", "properties": {"name": "\u6ee8\u7ee5\u7ebf\uff08\u7ea2\u6c60\u96a7\u9053\uff09", "name:en": null, "railway": "rail", "ele": null, "operator:type": null, "layer": "-1", "addr:full": null, "addr:city": null, "source": null, "name:zh": null, "osm_id": 256343337, "osm_type": "ways_line"}, "geometry": {"type": "LineString", "coordinates": [[129.9402809, 44.5873116], [129.9422853, 44.5885359], [129.9444839, 44.5897841], [129.9470391, 44.5909717], [129.9495192, 44.5918905], [129.9517112, 44.5925911], [129.9587256, 44.5946806], [129.9784102, 44.5999878], [129.9852951, 44.6017811], [129.9874662, 44.6023138], [129.9897363, 44.6027759], [129.9924556, 44.6032689], [129.9974259, 44.6039736], [130.0046438, 44.6047433]]}}, {"type": "Feature", "properties": {"name": "\u6ee8\u7ee5\u7ebf", "name:en": null, "railway": "rail", "ele": null, "operator:type": null, "layer": null, "addr:full": null, "addr:city": null, "source": null, "name:zh": null, "osm_id": 256343344, "osm_type": "ways_line"}, "geometry": {"type": "LineString", "coordinates": [[129.7145904, 44.5608191], [129.715358, 44.560243], [129.7168019, 44.5591603], [129.7177998, 44.5584413], [129.7186013, 44.5578733], [129.7192865, 44.5574192], [129.7200073, 44.556952], [129.7208062, 44.5564622], [129.7218104, 44.5558653], [129.7230082, 44.5551951], [129.7280364, 44.5524735], [129.7288365, 44.5520521], [129.7297223, 44.5516234], [129.7312217, 44.5509437], [129.7326865, 44.5503225], [129.7335804, 44.5499699], [129.7344955, 44.5496265], [129.7354053, 44.5493165], [129.7366955, 44.5488775], [129.7378116, 44.5485084], [129.7391023, 44.5481301], [129.7402283, 44.5478333], [129.7412332, 44.5475835], [129.7421512, 44.5473659], [129.7431841, 44.5471376], [129.7442946, 44.5469107], [129.7450128, 44.5467753], [129.7456717, 44.5466584], [129.7467258, 44.5464901], [129.7539868, 44.5453971], [129.7548298, 44.5452866], [129.7556793, 44.5451912], [129.7566113, 44.5451009], [129.7573058, 44.5450385], [129.7580173, 44.5449866], [129.7586532, 44.5449467], [129.7593982, 44.544903], [129.7601593, 44.5448698], [129.760855, 44.5448512], [129.7615543, 44.5448406], [129.7623108, 44.5448369], [129.7630673, 44.5448385], [129.7644385, 44.5448679], [129.765818, 44.5449321], [129.7670224, 44.5450054]]}}, {"type": "Feature", "properties": {"name": "\u6ee8\u7ee5\u7ebf\uff08\u7ea2\u65d71\u53f7\u96a7\u9053\uff09", "name:en": null, "railway": "rail", "ele": null, "operator:type": null, "layer": "-1", "addr:full": null, "addr:city": null, "source": null, "name:zh": null, "osm_id": 256343348, "osm_type": "ways_line"}, "geometry": {"type": "LineString", "coordinates": [[130.1489198, 44.5719482], [130.1530018, 44.571644], [130.157035, 44.5712717], [130.1630054, 44.5707526], [130.1689758, 44.5701005]]}}, {"type": "Feature", "properties": {"name": "\u6ee8\u7ee5\u7ebf\uff08\u8f6c\u5fc3\u6e56\u96a7\u9053\uff09", "name:en": null, "railway": "rail", "ele": null, "operator:type": null, "layer": null, "addr:full": null, "addr:city": null, "source": null, "name:zh": null, "osm_id": 256343349, "osm_type": "ways_line"}, "geometry": {"type": "LineString", "coordinates": [[130.0173498, 44.6041242], [130.0276401, 44.6023225], [130.0346365, 44.6009267], [130.0404241, 44.5993541], [130.0461071, 44.5974945], [130.0926519, 44.5799025], [130.0938477, 44.5794629]]}}, {"type": "Feature", "properties": {"name": "\u6ee8\u7ee5\u7ebf", "name:en": null, "railway": "rail", "ele": null, "operator:type": null, "layer": null, "addr:full": null, "addr:city": null, "source": null, "name:zh": null, "osm_id": 256343353, "osm_type": "ways_line"}, "geometry": {"type": "LineString", "coordinates": [[130.145896, 44.5721141], [130.1489198, 44.5719482]]}}, {"type": "Feature", "properties": {"name": "\u6ee8\u7ee5\u7ebf\uff08\u7ea2\u65d72\u53f7\u96a7\u9053\uff09", "name:en": null, "railway": "rail", "ele": null, "operator:type": null, "layer": "-1", "addr:full": null, "addr:city": null, "source": null, "name:zh": null, "osm_id": 256343360, "osm_type": "ways_line"}, "geometry": {"type": "LineString", "coordinates": [[130.1916308, 44.5675877], [130.1906024, 44.5676262], [130.1892614, 44.5677072], [130.1870014, 44.567885], [130.1856342, 44.5680233], [130.1835754, 44.568253]]}}, {"type": "Feature", "properties": {"name": "\u6ee8\u7ee5\u7ebf", "name:en": null, "railway": "rail", "ele": null, "operator:type": null, "layer": "1", "addr:full": null, "addr:city": null, "source": null, "name:zh": null, "osm_id": 256343361, "osm_type": "ways_line"}, "geometry": {"type": "LineString", "coordinates": [[130.0124525, 44.6047735], [130.0135411, 44.6046911], [130.0141051, 44.6046406], [130.0147436, 44.6045704], [130.0154083, 44.6044776], [130.0159336, 44.6043901], [130.0165655, 44.6042835]]}}, {"type": "Feature", "properties": {"name": "\u6ee8\u7ee5\u7ebf", "name:en": null, "railway": "rail", "ele": null, "operator:type": null, "layer": "1", "addr:full": null, "addr:city": null, "source": "mapbox", "name:zh": null, "osm_id": 286062902, "osm_type": "ways_line"}, "geometry": {"type": "LineString", "coordinates": [[128.1181968, 45.0529659], [128.1166729, 45.0536067]]}}, {"type": "Feature", "properties": {"name": "\u6ee8\u7ee5\u7ebf", "name:en": null, "railway": "rail", "ele": null, "operator:type": null, "layer": "1", "addr:full": null, "addr:city": null, "source": "mapbox", "name:zh": null, "osm_id": 286062904, "osm_type": "ways_line"}, "geometry": {"type": "LineString", "coordinates": [[128.1355921, 45.0549816], [128.1337256, 45.0547827]]}}, {"type": "Feature", "properties": {"name": "\u6ee8\u7ee5\u7ebf", "name:en": null, "railway": "rail", "ele": null, "operator:type": null, "layer": "1", "addr:full": null, "addr:city": null, "source": "bing", "name:zh": null, "osm_id": 286062905, "osm_type": "ways_line"}, "geometry": {"type": "LineString", "coordinates": [[127.9665618, 45.2066201], [127.9655533, 45.206606]]}}, {"type": "Feature", "properties": {"name": "\u6ee8\u7ee5\u7ebf", "name:en": null, "railway": "rail", "ele": null, "operator:type": null, "layer": "1", "addr:full": null, "addr:city": null, "source": "bing;GPS", "name:zh": null, "osm_id": 286062906, "osm_type": "ways_line"}, "geometry": {"type": "LineString", "coordinates": [[128.5102924, 44.9338728], [128.5073682, 44.9343809], [128.5062865, 44.9345709], [128.5053013, 44.9347457], [128.5044439, 44.9348973], [128.5038831, 44.9350286], [128.503322, 44.9351909], [128.5028643, 44.9353637], [128.5023534, 44.935577], [128.5019871, 44.9357516], [128.5016291, 44.9359599], [128.5012552, 44.9361893], [128.491761, 44.9421727], [128.4912139, 44.9424722], [128.4907212, 44.942702], [128.4901577, 44.9429242], [128.4895942, 44.9431067], [128.4890731, 44.9432616], [128.4869457, 44.9438395], [128.4863221, 44.9439899], [128.4856974, 44.944122], [128.4851466, 44.9442017], [128.4846071, 44.9442498], [128.4840583, 44.9442695], [128.4832875, 44.9442741], [128.4723698, 44.9442125], [128.4717662, 44.9442236], [128.471185, 44.9442585], [128.4705346, 44.9443279], [128.469824, 44.9444265], [128.4611703, 44.9456821], [128.4606987, 44.9457533], [128.460227, 44.945834], [128.4596703, 44.9459547], [128.4591176, 44.9461056], [128.4586517, 44.9462647], [128.4580902, 44.9464798], [128.4554328, 44.9475547], [128.4548758, 44.9477554], [128.4542324, 44.9479418], [128.4536462, 44.9480778], [128.4530771, 44.9481831], [128.4524636, 44.9482538], [128.4519589, 44.9482796], [128.4514661, 44.9482794], [128.4083468, 44.9478945], [128.4075215, 44.9478775], [128.4068118, 44.9478313], [128.4062715, 44.947785], [128.4045601, 44.9476185], [128.403899, 44.947543], [128.4033151, 44.9474588], [128.4027858, 44.9473452], [128.4024029, 44.9472474], [128.4020546, 44.9471495], [128.4015925, 44.946984], [128.4008777, 44.9467214], [128.391333, 44.9431313], [128.3909051, 44.9429656], [128.3904773, 44.942815], [128.3900127, 44.9426662], [128.389542, 44.9425392], [128.3890759, 44.9424246], [128.3885789, 44.9423231], [128.3880773, 44.9422219], [128.3875751, 44.9421369], [128.3849934, 44.941731], [128.3842844, 44.9416259], [128.3837818, 44.9415875], [128.3832088, 44.9415679], [128.3828395, 44.9415776], [128.3824381, 44.9416025], [128.3819121, 44.941667], [128.3813854, 44.9417572], [128.3809177, 44.9418797], [128.3804843, 44.9419975], [128.3801537, 44.9421117], [128.3798323, 44.9422389], [128.3793885, 44.9424417], [128.3789558, 44.9426662], [128.3786572, 44.9428661], [128.3783287, 44.9431099], [128.3780155, 44.9433673], [128.3777047, 44.9436874], [128.3773157, 44.9441489], [128.3769823, 44.9445738]]}}, {"type": "Feature", "properties": {"name": "\u6ee8\u7ee5\u7ebf", "name:en": null, "railway": "rail", "ele": null, "operator:type": null, "layer": "1", "addr:full": null, "addr:city": null, "source": "bing", "name:zh": null, "osm_id": 286062907, "osm_type": "ways_line"}, "geometry": {"type": "LineString", "coordinates": [[128.3769823, 44.9445738], [128.3764795, 44.9452545]]}}, {"type": "Feature", "properties": {"name": "\u6ee8\u7ee5\u7ebf\uff08\u7279\u52a1\u6c9f\u7279\u5927\u6865\uff09", "name:en": null, "railway": "rail", "ele": null, "operator:type": null, "layer": "1", "addr:full": null, "addr:city": null, "source": null, "name:zh": null, "osm_id": 357346282, "osm_type": "ways_line"}, "geometry": {"type": "LineString", "coordinates": [[130.2593241, 44.5822076], [130.2689824, 44.5849444]]}}, {"type": "Feature", "properties": {"name": "\u6ee8\u7ee5\u7ebf", "name:en": null, "railway": "rail", "ele": null, "operator:type": null, "layer": null, "addr:full": null, "addr:city": null, "source": "GPS", "name:zh": null, "osm_id": 355644648, "osm_type": "ways_line"}, "geometry": {"type": "LineString", "coordinates": [[131.0469076, 44.3850303], [131.0699678, 44.3913463], [131.0716742, 44.3918192], [131.0736479, 44.3923629], [131.0756287, 44.3929419], [131.0766226, 44.3932643], [131.0776236, 44.3935968], [131.0786458, 44.3939496], [131.0796256, 44.3943074], [131.0815836, 44.395097]]}}, {"type": "Feature", "properties": {"name": "\u6ee8\u7ee5\u7ebf\uff08\u7ea2\u623f\u5b50\u96a7\u9053\uff09", "name:en": null, "railway": "rail", "ele": null, "operator:type": null, "layer": "-1", "addr:full": null, "addr:city": null, "source": null, "name:zh": null, "osm_id": 357345962, "osm_type": "ways_line"}, "geometry": {"type": "LineString", "coordinates": [[130.4808409, 44.5787685], [130.5537039, 44.5536661]]}}, {"type": "Feature", "properties": {"name": "\u6ee8\u7ee5\u7ebf", "name:en": null, "railway": "rail", "ele": null, "operator:type": null, "layer": "1", "addr:full": null, "addr:city": null, "source": null, "name:zh": null, "osm_id": 357346055, "osm_type": "ways_line"}, "geometry": {"type": "LineString", "coordinates": [[130.2734696, 44.5862197], [130.2754486, 44.5867773]]}}, {"type": "Feature", "properties": {"name": "\u6ee8\u7ee5\u7ebf", "name:en": null, "railway": "rail", "ele": null, "operator:type": null, "layer": null, "addr:full": null, "addr:city": null, "source": null, "name:zh": null, "osm_id": 357346117, "osm_type": "ways_line"}, "geometry": {"type": "LineString", "coordinates": [[130.2313107, 44.5724748], [130.2354577, 44.5742959]]}}, {"type": "Feature", "properties": {"name": "\u6ee8\u7ee5\u7ebf\uff08\u5174\u6e90\u96a7\u9053\uff09", "name:en": null, "railway": "rail", "ele": null, "operator:type": null, "layer": "-1", "addr:full": null, "addr:city": null, "source": null, "name:zh": null, "osm_id": 357346123, "osm_type": "ways_line"}, "geometry": {"type": "LineString", "coordinates": [[130.2805166, 44.5879511], [130.3169563, 44.5965001], [130.3187856, 44.5969749], [130.3198411, 44.5972618], [130.3204641, 44.5974443], [130.3209016, 44.5975848]]}}, {"type": "Feature", "properties": {"name": "\u6ee8\u7ee5\u7ebf", "name:en": null, "railway": "rail", "ele": null, "operator:type": null, "layer": null, "addr:full": null, "addr:city": null, "source": null, "name:zh": null, "osm_id": 357346223, "osm_type": "ways_line"}, "geometry": {"type": "LineString", "coordinates": [[130.2689824, 44.5849444], [130.2734696, 44.5862197]]}}, {"type": "Feature", "properties": {"name": "\u6ee8\u7ee5\u7ebf\uff08\u77f3\u783e\u96a7\u9053\uff09", "name:en": null, "railway": "rail", "ele": null, "operator:type": null, "layer": "-1", "addr:full": null, "addr:city": null, "source": null, "name:zh": null, "osm_id": 357346246, "osm_type": "ways_line"}, "geometry": {"type": "LineString", "coordinates": [[130.3838201, 44.6218226], [130.3846949, 44.6219841], [130.3856492, 44.6221176], [130.3865642, 44.6222024], [130.3874791, 44.6222605], [130.388643, 44.6223136], [130.3899624, 44.6223224], [130.3914499, 44.6223039], [130.3935808, 44.6222859], [130.4071472, 44.6220447], [130.4100355, 44.6218121], [130.4128683, 44.6213943], [130.415502, 44.6208845], [130.4178223, 44.6202348], [130.4201172, 44.6193794], [130.4230277, 44.6181298]]}}, {"type": "Feature", "properties": {"name": "\u6ee8\u7ee5\u7ebf\uff08\u7a46\u68f1\u6cb3\u7279\u5927\u6865\uff09", "name:en": null, "railway": "rail", "ele": null, "operator:type": null, "layer": "2", "addr:full": null, "addr:city": null, "source": null, "name:zh": null, "osm_id": 357346275, "osm_type": "ways_line"}, "geometry": {"type": "LineString", "coordinates": [[130.3214199, 44.5977787], [130.342, 44.6060405]]}}, {"type": "Feature", "properties": {"name": "\u6ee8\u7ee5\u7ebf", "name:en": null, "railway": "rail", "ele": null, "operator:type": null, "layer": "1", "addr:full": null, "addr:city": null, "source": null, "name:zh": null, "osm_id": 357346625, "osm_type": "ways_line"}, "geometry": {"type": "LineString", "coordinates": [[130.1057462, 44.5757313], [130.1071641, 44.5753925], [130.1083519, 44.5751224], [130.1095543, 44.5748607], [130.1104525, 44.574688]]}}, {"type": "Feature", "properties": {"name": "\u6ee8\u7ee5\u7ebf", "name:en": null, "railway": "rail", "ele": null, "operator:type": null, "layer": null, "addr:full": null, "addr:city": null, "source": null, "name:zh": null, "osm_id": 357346441, "osm_type": "ways_line"}, "geometry": {"type": "LineString", "coordinates": [[130.1959776, 44.5675325], [130.209397, 44.5673871], [130.2102906, 44.5673813], [130.2109841, 44.5673913]]}}, {"type": "Feature", "properties": {"name": "\u6ee8\u7ee5\u7ebf", "name:en": null, "railway": "rail", "ele": null, "operator:type": null, "layer": null, "addr:full": null, "addr:city": null, "source": null, "name:zh": null, "osm_id": 357346454, "osm_type": "ways_line"}, "geometry": {"type": "LineString", "coordinates": [[130.2754486, 44.5867773], [130.2764589, 44.5870479], [130.2773092, 44.5872529], [130.2782181, 44.5874643], [130.2805166, 44.5879511]]}}, {"type": "Feature", "properties": {"name": "\u6ee8\u7ee5\u7ebf", "name:en": null, "railway": "rail", "ele": null, "operator:type": null, "layer": null, "addr:full": null, "addr:city": null, "source": null, "name:zh": null, "osm_id": 357346475, "osm_type": "ways_line"}, "geometry": {"type": "LineString", "coordinates": [[130.2445446, 44.5777382], [130.2456783, 44.5781014], [130.2465494, 44.5783785], [130.2499042, 44.5794447], [130.2515191, 44.5799571], [130.2528092, 44.5803594], [130.2539608, 44.5806974], [130.2593241, 44.5822076]]}}, {"type": "Feature", "properties": {"name": "\u6ee8\u7ee5\u7ebf\uff08\u77f3\u6cb3\u782c\u7279\u5927\u6865\uff09", "name:en": null, "railway": "rail", "ele": null, "operator:type": null, "layer": "1", "addr:full": null, "addr:city": null, "source": null, "name:zh": null, "osm_id": 357346484, "osm_type": "ways_line"}, "geometry": {"type": "LineString", "coordinates": [[130.3764111, 44.6197904], [130.3770416, 44.6200059], [130.3776944, 44.6202195], [130.3783409, 44.6204182], [130.3789925, 44.6206063], [130.3810566, 44.6211618], [130.3836443, 44.6217845]]}}, {"type": "Feature", "properties": {"name": "\u6ee8\u7ee5\u7ebf", "name:en": null, "railway": "rail", "ele": null, "operator:type": null, "layer": null, "addr:full": null, "addr:city": null, "source": null, "name:zh": null, "osm_id": 357346502, "osm_type": "ways_line"}, "geometry": {"type": "LineString", "coordinates": [[130.342, 44.6060405], [130.3429415, 44.6064142], [130.3451816, 44.6073232], [130.3469164, 44.608024], [130.3532866, 44.6105788], [130.3608393, 44.6136078], [130.3617199, 44.6139586], [130.364482, 44.6150684], [130.3664555, 44.6158587]]}}, {"type": "Feature", "properties": {"name": "\u6ee8\u7ee5\u7ebf", "name:en": null, "railway": "rail", "ele": null, "operator:type": null, "layer": null, "addr:full": null, "addr:city": null, "source": null, "name:zh": null, "osm_id": 357346528, "osm_type": "ways_line"}, "geometry": {"type": "LineString", "coordinates": [[130.2209468, 44.5686872], [130.2224026, 44.5690615], [130.223741, 44.5694656], [130.2252547, 44.5699717], [130.2270024, 44.5706179], [130.2282564, 44.5711284], [130.2294684, 44.5716621]]}}, {"type": "Feature", "properties": {"name": "\u6ee8\u7ee5\u7ebf\uff08\u8de8\u7ee5\u6ee1\u9ad8\u901f\u7279\u5927\u6865\uff09", "name:en": null, "railway": "rail", "ele": null, "operator:type": null, "layer": "1", "addr:full": null, "addr:city": null, "source": null, "name:zh": null, "osm_id": 357346535, "osm_type": "ways_line"}, "geometry": {"type": "LineString", "coordinates": [[130.2109841, 44.5673913], [130.2123004, 44.5674411], [130.2131304, 44.5674805], [130.2138981, 44.5675312], [130.2147081, 44.5675972], [130.2154886, 44.5676814], [130.2163092, 44.5677874], [130.2171259, 44.5679104], [130.2179659, 44.5680613], [130.218721, 44.5682072], [130.2201531, 44.5684926], [130.2209468, 44.5686872]]}}, {"type": "Feature", "properties": {"name": "\u6ee8\u7ee5\u7ebf", "name:en": null, "railway": "rail", "ele": null, "operator:type": null, "layer": "1", "addr:full": null, "addr:city": null, "source": null, "name:zh": null, "osm_id": 357346613, "osm_type": "ways_line"}, "geometry": {"type": "LineString", "coordinates": [[130.1441864, 44.5722056], [130.145896, 44.5721141]]}}, {"type": "Feature", "properties": {"name": "\u6ee8\u7ee5\u7ebf", "name:en": null, "railway": "rail", "ele": null, "operator:type": null, "layer": "1", "addr:full": null, "addr:city": null, "source": null, "name:zh": null, "osm_id": 357346650, "osm_type": "ways_line"}, "geometry": {"type": "LineString", "coordinates": [[130.1346976, 44.5727353], [130.136046, 44.5726578]]}}, {"type": "Feature", "properties": {"name": "\u6ee8\u7ee5\u7ebf", "name:en": null, "railway": "rail", "ele": null, "operator:type": null, "layer": null, "addr:full": null, "addr:city": null, "source": null, "name:zh": null, "osm_id": 357346653, "osm_type": "ways_line"}, "geometry": {"type": "LineString", "coordinates": [[130.136046, 44.5726578], [130.1441864, 44.5722056]]}}, {"type": "Feature", "properties": {"name": "\u6ee8\u7ee5\u7ebf", "name:en": null, "railway": "rail", "ele": null, "operator:type": null, "layer": null, "addr:full": null, "addr:city": null, "source": null, "name:zh": null, "osm_id": 357346655, "osm_type": "ways_line"}, "geometry": {"type": "LineString", "coordinates": [[130.0938477, 44.5794629], [130.0978232, 44.5781876], [130.1019455, 44.5768309], [130.1028493, 44.5765465], [130.1038842, 44.5762454], [130.1049032, 44.5759582], [130.1057462, 44.5757313]]}}, {"type": "Feature", "properties": {"name": "\u6ee8\u7ee5\u7ebf", "name:en": null, "railway": "rail", "ele": null, "operator:type": null, "layer": null, "addr:full": null, "addr:city": null, "source": null, "name:zh": null, "osm_id": 357346656, "osm_type": "ways_line"}, "geometry": {"type": "LineString", "coordinates": [[130.1689758, 44.5701005], [130.1741483, 44.5694493], [130.1802489, 44.5686737], [130.1835754, 44.568253]]}}, {"type": "Feature", "properties": {"name": "\u6ee8\u7ee5\u7ebf", "name:en": null, "railway": "rail", "ele": null, "operator:type": null, "layer": null, "addr:full": null, "addr:city": null, "source": null, "name:zh": null, "osm_id": 357346657, "osm_type": "ways_line"}, "geometry": {"type": "LineString", "coordinates": [[130.1104525, 44.574688], [130.1111545, 44.5745658], [130.1130264, 44.5742662], [130.1148468, 44.5740158], [130.1166794, 44.5738047], [130.1186977, 44.5736289], [130.1201182, 44.5735298], [130.1283295, 44.5730903], [130.1346976, 44.5727353]]}}, {"type": "Feature", "properties": {"name": "\u6ee8\u7ee5\u7ebf\uff08\u9a6c\u7389\u5170\u96a7\u9053\uff09", "name:en": null, "railway": "rail", "ele": null, "operator:type": null, "layer": "-1", "addr:full": null, "addr:city": null, "source": null, "name:zh": null, "osm_id": 369563394, "osm_type": "ways_line"}, "geometry": {"type": "LineString", "coordinates": [[129.8518594, 44.5704285], [129.8560558, 44.570826]]}}, {"type": "Feature", "properties": {"name": "\u6ee8\u7ee5\u7ebf", "name:en": null, "railway": "rail", "ele": null, "operator:type": null, "layer": null, "addr:full": null, "addr:city": null, "source": "GPS", "name:zh": null, "osm_id": 509481476, "osm_type": "ways_line"}, "geometry": {"type": "LineString", "coordinates": [[128.3770971, 44.9446182], [128.376597, 44.945293]]}}, {"type": "Feature", "properties": {"name": "\u6ee8\u7ee5\u7ebf", "name:en": null, "railway": "rail", "ele": null, "operator:type": null, "layer": null, "addr:full": null, "addr:city": null, "source": "GPS", "name:zh": null, "osm_id": 509481477, "osm_type": "ways_line"}, "geometry": {"type": "LineString", "coordinates": [[128.9559369, 44.9213259], [128.956032, 44.9215302], [128.9561281, 44.9218079], [128.9561987, 44.9220601], [128.9562459, 44.9223225], [128.9562633, 44.9225365], [128.9562761, 44.9227819], [128.9562687, 44.9229736], [128.9562496, 44.9232032], [128.9559426, 44.9261311], [128.9559129, 44.9265053], [128.9559114, 44.9268659], [128.9559388, 44.9271772], [128.9560044, 44.9274708], [128.9561021, 44.9277909], [128.9562329, 44.9280472], [128.9564009, 44.9283068], [128.9565573, 44.9285254], [128.9568091, 44.9288205], [128.9570758, 44.9290672], [128.9573668, 44.9293047], [128.9576827, 44.9295181], [128.9581206, 44.9297567], [128.958476, 44.9299122], [128.9587217, 44.9300072], [128.9589767, 44.9300955], [128.9592364, 44.9301688], [128.9595078, 44.9302405], [128.9597391, 44.9302883], [128.9599703, 44.9303311], [128.9602241, 44.9303644], [128.9604885, 44.9303927], [128.9607427, 44.9304044], [128.9610038, 44.9304061], [128.961249, 44.9304012], [128.9615, 44.9303921], [128.9617562, 44.93037], [128.9619938, 44.9303463], [128.9622519, 44.9303068], [128.9624937, 44.9302588], [128.9627856, 44.9301926], [128.9630684, 44.9301191], [128.9633397, 44.9300289], [128.9635745, 44.929945], [128.9637664, 44.9298714], [128.9639871, 44.9297761], [128.9641578, 44.9296841], [128.9645844, 44.9294143], [128.9649354, 44.9291695], [128.9674096, 44.9274679], [128.9678731, 44.9270986], [128.9680208, 44.9269635], [128.9681609, 44.9268239], [128.9684194, 44.9265141], [128.9685445, 44.9263277], [128.9686512, 44.9261457], [128.9687946, 44.9258499], [128.9688924, 44.9255831], [128.9689528, 44.925351], [128.9689591, 44.9253118]]}}, {"type": "Feature", "properties": {"name": "\u6ee8\u7ee5\u7ebf", "name:en": null, "railway": "rail", "ele": null, "operator:type": null, "layer": null, "addr:full": null, "addr:city": null, "source": "GPS", "name:zh": null, "osm_id": 509481480, "osm_type": "ways_line"}, "geometry": {"type": "LineString", "coordinates": [[128.3764795, 44.9452545], [128.3759294, 44.9460354], [128.3756156, 44.9464816]]}}, {"type": "Feature", "properties": {"name": "\u6ee8\u7ee5\u7ebf", "name:en": null, "railway": "rail", "ele": null, "operator:type": null, "layer": null, "addr:full": null, "addr:city": null, "source": null, "name:zh": null, "osm_id": 511257649, "osm_type": "ways_line"}, "geometry": {"type": "LineString", "coordinates": [[126.6663909, 45.7213585], [126.6668897, 45.7211896], [126.6671751, 45.7210988]]}}, {"type": "Feature", "properties": {"name": "\u6ee8\u7ee5\u7ebf", "name:en": null, "railway": "rail", "ele": null, "operator:type": null, "layer": null, "addr:full": null, "addr:city": null, "source": "yahoo imagery", "name:zh": "\u6ee8\u7ee5\u7ebf", "osm_id": 511257652, "osm_type": "ways_line"}, "geometry": {"type": "LineString", "coordinates": [[126.6500939, 45.7266438], [126.6663649, 45.7213669], [126.6663909, 45.7213585]]}}, {"type": "Feature", "properties": {"name": "\u6ee8\u7ee5\u7ebf", "name:en": null, "railway": "rail", "ele": null, "operator:type": null, "layer": "0", "addr:full": null, "addr:city": null, "source": "yahoo imagery", "name:zh": null, "osm_id": 511257674, "osm_type": "ways_line"}, "geometry": {"type": "LineString", "coordinates": [[126.6693821, 45.7204174], [126.6705049, 45.7200655], [126.6736859, 45.7190306], [126.6761202, 45.7182386], [126.6763146, 45.7181766], [126.6768111, 45.7180279], [126.6774478, 45.7178547], [126.6784725, 45.7176094], [126.6787854, 45.7175449], [126.679077, 45.7174878], [126.6793253, 45.7174461], [126.6797278, 45.7173772], [126.6803662, 45.7172854]]}}, {"type": "Feature", "properties": {"name": "\u6ee8\u7ee5\u7ebf", "name:en": null, "railway": "rail", "ele": null, "operator:type": null, "layer": null, "addr:full": null, "addr:city": null, "source": "yahoo imagery", "name:zh": null, "osm_id": 511257683, "osm_type": "ways_line"}, "geometry": {"type": "LineString", "coordinates": [[126.6803662, 45.7172854], [126.6807773, 45.7172321], [126.6832606, 45.7169148], [126.6838248, 45.7168367]]}}, {"type": "Feature", "properties": {"name": "\u6ee8\u7ee5\u7ebf\uff08\u8d75\u5bb6\u6c9f\u7279\u5927\u6865\uff09", "name:en": null, "railway": "rail", "ele": null, "operator:type": null, "layer": "1", "addr:full": null, "addr:city": null, "source": null, "name:zh": null, "osm_id": 553714394, "osm_type": "ways_line"}, "geometry": {"type": "LineString", "coordinates": [[129.828713, 44.5667896], [129.8357767, 44.5685869], [129.836203, 44.5686905], [129.8366854, 44.5687972]]}}, {"type": "Feature", "properties": {"name": "\u6ee8\u7ee5\u7ebf", "name:en": null, "railway": "rail", "ele": null, "operator:type": null, "layer": "-1", "addr:full": null, "addr:city": null, "source": null, "name:zh": null, "osm_id": 553714397, "osm_type": "ways_line"}, "geometry": {"type": "LineString", "coordinates": [[129.8366854, 44.5687972], [129.8375156, 44.5689553], [129.8381779, 44.5690679], [129.8394567, 44.5692545], [129.8398473, 44.5693091], [129.8401186, 44.5693401], [129.840196, 44.5693489], [129.8431175, 44.5696864], [129.8435257, 44.5697266], [129.8438893, 44.5697482], [129.8454117, 44.5698248], [129.846066, 44.569876]]}}, {"type": "Feature", "properties": {"name": "\u6ee8\u7ee5\u7ebf", "name:en": null, "railway": "rail", "ele": null, "operator:type": null, "layer": null, "addr:full": null, "addr:city": null, "source": null, "name:zh": null, "osm_id": 553714400, "osm_type": "ways_line"}, "geometry": {"type": "LineString", "coordinates": [[129.8560558, 44.570826], [129.8572432, 44.5709528]]}}, {"type": "Feature", "properties": {"name": "\u6ee8\u7ee5\u7ebf\uff08\u78e8\u5200\u77f32\u53f7\u96a7\u9053\uff09", "name:en": null, "railway": "rail", "ele": null, "operator:type": null, "layer": "-1", "addr:full": null, "addr:city": null, "source": null, "name:zh": null, "osm_id": 553714401, "osm_type": "ways_line"}, "geometry": {"type": "LineString", "coordinates": [[129.8674386, 44.5722357], [129.8690829, 44.5724615], [129.8710243, 44.5727107], [129.8788207, 44.5736276]]}}, {"type": "Feature", "properties": {"name": "\u6ee8\u7ee5\u7ebf", "name:en": null, "railway": "rail", "ele": null, "operator:type": null, "layer": null, "addr:full": null, "addr:city": null, "source": null, "name:zh": null, "osm_id": 553714403, "osm_type": "ways_line"}, "geometry": {"type": "LineString", "coordinates": [[129.8788207, 44.5736276], [129.879709, 44.5737304]]}}, {"type": "Feature", "properties": {"name": "\u6ee8\u7ee5\u7ebf", "name:en": null, "railway": "rail", "ele": null, "operator:type": null, "layer": "1", "addr:full": null, "addr:city": null, "source": null, "name:zh": null, "osm_id": 553714405, "osm_type": "ways_line"}, "geometry": {"type": "LineString", "coordinates": [[130.1916308, 44.5675877], [130.1959776, 44.5675325]]}}, {"type": "Feature", "properties": {"name": "\u6ee8\u7ee5\u7ebf", "name:en": null, "railway": "rail", "ele": null, "operator:type": null, "layer": "1", "addr:full": null, "addr:city": null, "source": null, "name:zh": null, "osm_id": 553714409, "osm_type": "ways_line"}, "geometry": {"type": "LineString", "coordinates": [[130.2313107, 44.5724748], [130.2294684, 44.5716621]]}}, {"type": "Feature", "properties": {"name": "\u6ee8\u7ee5\u7ebf", "name:en": null, "railway": "rail", "ele": null, "operator:type": null, "layer": "1", "addr:full": null, "addr:city": null, "source": null, "name:zh": null, "osm_id": 553714411, "osm_type": "ways_line"}, "geometry": {"type": "LineString", "coordinates": [[130.2365678, 44.57478], [130.2354577, 44.5742959]]}}, {"type": "Feature", "properties": {"name": "\u6ee8\u7ee5\u7ebf", "name:en": null, "railway": "rail", "ele": null, "operator:type": null, "layer": null, "addr:full": null, "addr:city": null, "source": null, "name:zh": null, "osm_id": 553714414, "osm_type": "ways_line"}, "geometry": {"type": "LineString", "coordinates": [[130.2365678, 44.57478], [130.2377037, 44.5752728], [130.2386093, 44.5756429], [130.2392677, 44.575892], [130.240238, 44.5762696], [130.2409811, 44.5765455]]}}, {"type": "Feature", "properties": {"name": "\u6ee8\u7ee5\u7ebf", "name:en": null, "railway": "rail", "ele": null, "operator:type": null, "layer": "1", "addr:full": null, "addr:city": null, "source": null, "name:zh": null, "osm_id": 553714416, "osm_type": "ways_line"}, "geometry": {"type": "LineString", "coordinates": [[130.2418139, 44.5768416], [130.2409811, 44.5765455]]}}, {"type": "Feature", "properties": {"name": "\u6ee8\u7ee5\u7ebf", "name:en": null, "railway": "rail", "ele": null, "operator:type": null, "layer": null, "addr:full": null, "addr:city": null, "source": null, "name:zh": null, "osm_id": 553714417, "osm_type": "ways_line"}, "geometry": {"type": "LineString", "coordinates": [[130.2418139, 44.5768416], [130.2425138, 44.5770824], [130.2432253, 44.5773138]]}}, {"type": "Feature", "properties": {"name": "\u6ee8\u7ee5\u7ebf", "name:en": null, "railway": "rail", "ele": null, "operator:type": null, "layer": "1", "addr:full": null, "addr:city": null, "source": null, "name:zh": null, "osm_id": 553714418, "osm_type": "ways_line"}, "geometry": {"type": "LineString", "coordinates": [[130.2432253, 44.5773138], [130.2445446, 44.5777382]]}}, {"type": "Feature", "properties": {"name": "\u6ee8\u7ee5\u7ebf", "name:en": null, "railway": "rail", "ele": null, "operator:type": null, "layer": null, "addr:full": null, "addr:city": null, "source": null, "name:zh": null, "osm_id": 553714419, "osm_type": "ways_line"}, "geometry": {"type": "LineString", "coordinates": [[130.3214199, 44.5977787], [130.3209016, 44.5975848]]}}, {"type": "Feature", "properties": {"name": "\u6ee8\u7ee5\u7ebf", "name:en": null, "railway": "rail", "ele": null, "operator:type": null, "layer": "1", "addr:full": null, "addr:city": null, "source": null, "name:zh": null, "osm_id": 553714420, "osm_type": "ways_line"}, "geometry": {"type": "LineString", "coordinates": [[130.3664555, 44.6158587], [130.3667287, 44.6159648]]}}, {"type": "Feature", "properties": {"name": "\u6ee8\u7ee5\u7ebf", "name:en": null, "railway": "rail", "ele": null, "operator:type": null, "layer": null, "addr:full": null, "addr:city": null, "source": null, "name:zh": null, "osm_id": 553714421, "osm_type": "ways_line"}, "geometry": {"type": "LineString", "coordinates": [[130.3667287, 44.6159648], [130.3702574, 44.6173829]]}}, {"type": "Feature", "properties": {"name": "\u6ee8\u7ee5\u7ebf", "name:en": null, "railway": "rail", "ele": null, "operator:type": null, "layer": null, "addr:full": null, "addr:city": null, "source": null, "name:zh": null, "osm_id": 553714423, "osm_type": "ways_line"}, "geometry": {"type": "LineString", "coordinates": [[130.3707466, 44.6175831], [130.3739326, 44.6188928], [130.3764111, 44.6197904]]}}, {"type": "Feature", "properties": {"name": "\u6ee8\u7ee5\u7ebf", "name:en": null, "railway": "rail", "ele": null, "operator:type": null, "layer": null, "addr:full": null, "addr:city": null, "source": null, "name:zh": null, "osm_id": 553714424, "osm_type": "ways_line"}, "geometry": {"type": "LineString", "coordinates": [[130.3836443, 44.6217845], [130.3838201, 44.6218226]]}}, {"type": "Feature", "properties": {"name": "\u6ee8\u7ee5\u7ebf", "name:en": null, "railway": "rail", "ele": null, "operator:type": null, "layer": null, "addr:full": null, "addr:city": null, "source": null, "name:zh": null, "osm_id": 553714425, "osm_type": "ways_line"}, "geometry": {"type": "LineString", "coordinates": [[130.3420111, 44.606017], [130.3434099, 44.6065632], [130.3446056, 44.607048], [130.3452041, 44.6072937], [130.3533123, 44.6105436], [130.3623632, 44.6141711], [130.3628855, 44.6143809], [130.363567, 44.6146526], [130.3645114, 44.6150288], [130.3664892, 44.6158216]]}}, {"type": "Feature", "properties": {"name": "\u6ee8\u7ee5\u7ebf", "name:en": null, "railway": "rail", "ele": null, "operator:type": null, "layer": null, "addr:full": null, "addr:city": null, "source": null, "name:zh": null, "osm_id": 553714442, "osm_type": "ways_line"}, "geometry": {"type": "LineString", "coordinates": [[130.370792, 44.6175298], [130.3739706, 44.61885], [130.3764445, 44.6197519]]}}, {"type": "Feature", "properties": {"name": "\u6ee8\u7ee5\u7ebf\uff08\u77f3\u6cb3\u782c\u7279\u5927\u6865\uff09", "name:en": null, "railway": "rail", "ele": null, "operator:type": null, "layer": "1", "addr:full": null, "addr:city": null, "source": null, "name:zh": null, "osm_id": 553714444, "osm_type": "ways_line"}, "geometry": {"type": "LineString", "coordinates": [[130.3764445, 44.6197519], [130.3770675, 44.6199686], [130.3777079, 44.6201817], [130.3783867, 44.6203895], [130.3790705, 44.6205832], [130.3810737, 44.6211273], [130.3836609, 44.6217448]]}}, {"type": "Feature", "properties": {"name": "\u6ee8\u7ee5\u7ebf\uff08\u77f3\u783e\u96a7\u9053\uff09", "name:en": null, "railway": "rail", "ele": null, "operator:type": null, "layer": "-1", "addr:full": null, "addr:city": null, "source": null, "name:zh": null, "osm_id": 553714445, "osm_type": "ways_line"}, "geometry": {"type": "LineString", "coordinates": [[130.4230047, 44.6180948], [130.4200771, 44.6193188], [130.4178002, 44.6201687], [130.4154766, 44.6208129], [130.4127154, 44.6213458], [130.409996, 44.6217365], [130.4071237, 44.6219739], [130.3935782, 44.6222391], [130.3914491, 44.6222653], [130.3899549, 44.6222748], [130.3886467, 44.6222631], [130.387492, 44.6222166], [130.3865368, 44.6221578], [130.3856568, 44.6220722], [130.3847066, 44.6219455], [130.3838362, 44.6217828]]}}, {"type": "Feature", "properties": {"name": "\u6ee8\u7ee5\u7ebf", "name:en": null, "railway": "rail", "ele": null, "operator:type": null, "layer": null, "addr:full": null, "addr:city": null, "source": null, "name:zh": null, "osm_id": 554597738, "osm_type": "ways_line"}, "geometry": {"type": "LineString", "coordinates": [[129.0614296, 44.7686394], [129.0615058, 44.7684101], [129.0615679, 44.7681937], [129.0616016, 44.7679906], [129.0616211, 44.7677745], [129.0616276, 44.7675207], [129.0616092, 44.7672296], [129.0615849, 44.7670275], [129.0615401, 44.7668586], [129.0614152, 44.7665269], [129.0613281, 44.7663506], [129.0612481, 44.7662208], [129.0611011, 44.7660136], [129.0609095, 44.7657732], [129.0606435, 44.7654805], [129.0603435, 44.7652169], [129.059994, 44.7649389], [129.0595228, 44.7645622], [129.0592305, 44.7643081], [129.0589465, 44.7639859], [129.0587255, 44.7637141], [129.0585549, 44.7634266], [129.0584191, 44.7631263], [129.0583057, 44.762777], [129.0582526, 44.7625656], [129.0582193, 44.7623186], [129.0582119, 44.7620493], [129.05823, 44.7617439], [129.0582764, 44.7613915], [129.0583671, 44.7610703], [129.0584758, 44.7607402], [129.0586003, 44.7604639], [129.059284, 44.7591011], [129.0594205, 44.758822], [129.0595878, 44.7583993], [129.0596667, 44.758055], [129.0597123, 44.7576879], [129.0597184, 44.7573542], [129.0596852, 44.7570289], [129.0596125, 44.7567294], [129.059536, 44.7564679], [129.0593929, 44.7561298], [129.0589129, 44.7550968], [129.0587711, 44.754832], [129.0585517, 44.754493], [129.0583652, 44.7542376], [129.057497, 44.7530942], [129.0572526, 44.7527568], [129.0570554, 44.7524516], [129.056858, 44.7521174], [129.0566789, 44.7517492], [129.0565649, 44.7513808], [129.0565158, 44.7510109], [129.0565062, 44.7508378], [129.0565181, 44.7506409], [129.0565558, 44.7503909], [129.0566378, 44.7500532], [129.0567364, 44.7496648], [129.0567955, 44.7493881], [129.0568269, 44.7491168], [129.0568168, 44.7488142], [129.0567799, 44.7484709], [129.0566913, 44.748156], [129.0565534, 44.7477879], [129.0551259, 44.7439942], [129.0548944, 44.7434825], [129.0546604, 44.7430863], [129.0544357, 44.7427386], [129.0541531, 44.7424009], [129.0538233, 44.7420858], [129.0535441, 44.7418544], [129.0531103, 44.7415351], [129.0520315, 44.7408135], [129.0517908, 44.7406531], [129.0515952, 44.7405103], [129.0512297, 44.7402041], [129.0509906, 44.7399763], [129.0507406, 44.7397254], [129.0505015, 44.7394051], [129.0503168, 44.7391079], [129.0501864, 44.7388184], [129.0500723, 44.738498], [129.0478673, 44.7312766], [129.0477227, 44.7308486], [129.0475786, 44.730492], [129.0474169, 44.7301531], [129.0471813, 44.7296966], [129.044942, 44.7256513], [129.0447577, 44.7252885], [129.0446316, 44.725026], [129.0445317, 44.7247768], [129.0444272, 44.7244742], [129.044321, 44.7240501], [129.0442618, 44.7236146], [129.0442562, 44.7229202], [129.0442346, 44.7224566], [129.0441929, 44.7219735], [129.0441388, 44.7215686], [129.0440535, 44.7211463], [129.0439087, 44.7207198], [129.0437592, 44.7203748], [129.0435462, 44.7200103], [129.0432419, 44.7195822], [129.0408629, 44.7167714], [129.0404167, 44.7162991], [129.0400167, 44.7159141], [129.0397554, 44.7156815], [129.0394512, 44.7154259], [129.0389067, 44.7150054], [129.0362418, 44.7129947], [129.0238522, 44.7044656], [129.0234623, 44.704175], [129.0229865, 44.7038018], [129.0227027, 44.7035325], [129.0209719, 44.7016305], [129.0206838, 44.7013089], [129.0204578, 44.7010421], [129.0202298, 44.7007566], [129.0200245, 44.7004602], [129.0198628, 44.7001679], [129.0197091, 44.6998742], [129.0195638, 44.6995576], [129.0194619, 44.6992506], [129.0193834, 44.6989139], [129.0193335, 44.6985154], [129.0192774, 44.6977747], [129.0191873, 44.6969522], [129.0191608, 44.6963735], [129.0191679, 44.6958658], [129.0191939, 44.6954638], [129.0192626, 44.6950431], [129.0193677, 44.6945761], [129.0194833, 44.6941197], [129.0197759, 44.6929293], [129.0199272, 44.6923182], [129.0201992, 44.6913183], [129.0202754, 44.6910562], [129.0204218, 44.69051]]}}, {"type": "Feature", "properties": {"name": "\u6ee8\u7ee5\u7ebf", "name:en": null, "railway": "rail", "ele": null, "operator:type": null, "layer": "-1", "addr:full": null, "addr:city": null, "source": null, "name:zh": null, "osm_id": 554597913, "osm_type": "ways_line"}, "geometry": {"type": "LineString", "coordinates": [[128.9274775, 44.8906376], [128.9274491, 44.8903092], [128.9274796, 44.8899769], [128.9275507, 44.8896415], [128.9276825, 44.8893176], [128.9278428, 44.8890052], [128.9281757, 44.8885824], [128.9286061, 44.8881538], [128.9565767, 44.8633991]]}}, {"type": "Feature", "properties": {"name": "\u6ee8\u7ee5\u8d27\u7ebf", "name:en": null, "railway": "rail", "ele": null, "operator:type": null, "layer": null, "addr:full": null, "addr:city": null, "source": null, "name:zh": null, "osm_id": 555328088, "osm_type": "ways_line"}, "geometry": {"type": "LineString", "coordinates": [[129.5516469, 44.560228], [129.5618867, 44.5633933]]}}, {"type": "Feature", "properties": {"name": "\u6ee8\u7ee5\u7ebf", "name:en": null, "railway": "rail", "ele": null, "operator:type": null, "layer": null, "addr:full": null, "addr:city": null, "source": null, "name:zh": null, "osm_id": 555328181, "osm_type": "ways_line"}, "geometry": {"type": "LineString", "coordinates": [[129.7670344, 44.5449644], [129.7658317, 44.5448894], [129.7644473, 44.5448273], [129.7630599, 44.5447979], [129.7623076, 44.5447939], [129.7615516, 44.5447979], [129.7608502, 44.5448097], [129.7601488, 44.5448321], [129.7594073, 44.5448593], [129.7586449, 44.5449075], [129.7580047, 44.5449491], [129.757303, 44.5449983], [129.7565842, 44.5450595], [129.7556664, 44.5451525], [129.7548172, 44.5452493], [129.7539811, 44.5453532], [129.7467209, 44.5464442], [129.7456544, 44.5466157], [129.7449963, 44.5467329], [129.7443512, 44.5468555], [129.7431301, 44.547102], [129.7421409, 44.5473202], [129.7411921, 44.547546], [129.7401945, 44.5477979], [129.7390927, 44.5480892], [129.7378002, 44.5484652], [129.7365968, 44.5488582], [129.7355723, 44.5492117], [129.7344428, 44.5495981], [129.73354, 44.5499357], [129.73265, 44.5502855], [129.7311547, 44.5509191], [129.729691, 44.5515861], [129.7288286, 44.5520077], [129.7278322, 44.5525296], [129.7273767, 44.5527768], [129.722979, 44.5551633], [129.7217716, 44.5558345], [129.7206821, 44.5564779], [129.7199514, 44.5569293], [129.7192106, 44.5574089], [129.7185561, 44.5578452], [129.7177479, 44.5584073], [129.7168086, 44.5590927], [129.7158387, 44.5598194], [129.7145491, 44.5607868]]}}, {"type": "Feature", "properties": {"name": "\u6ee8\u7ee5\u7ebf", "name:en": null, "railway": "rail", "ele": null, "operator:type": null, "layer": null, "addr:full": null, "addr:city": null, "source": null, "name:zh": null, "osm_id": 559583653, "osm_type": "ways_line"}, "geometry": {"type": "LineString", "coordinates": [[129.6425946, 44.5885361], [129.6493508, 44.5906393], [129.65011, 44.5908601], [129.6508187, 44.5910419], [129.6514053, 44.5911758], [129.6519545, 44.591284]]}}, {"type": "Feature", "properties": {"name": "\u6ee8\u7ee5\u7ebf\uff08\u94c1\u5cad\u6cb3\u7279\u5927\u6865\uff09", "name:en": null, "railway": "rail", "ele": null, "operator:type": null, "layer": "1", "addr:full": null, "addr:city": null, "source": null, "name:zh": null, "osm_id": 559586043, "osm_type": "ways_line"}, "geometry": {"type": "LineString", "coordinates": [[129.8120866, 44.5620911], [129.8103087, 44.561401], [129.8086977, 44.5607102], [129.8075278, 44.5602327], [129.8062643, 44.5596598], [129.8055292, 44.5593178], [129.794518, 44.5538418], [129.787954, 44.5506304], [129.7871966, 44.5502529], [129.7864294, 44.5498946], [129.7854813, 44.5494727], [129.7847112, 44.5491386], [129.7837876, 44.5487708], [129.7826979, 44.5483578], [129.7815089, 44.5479288], [129.7802937, 44.5475308], [129.7791121, 44.5471739], [129.7775539, 44.5467354], [129.7763891, 44.5464336], [129.7756676, 44.5462642], [129.7745923, 44.5460286], [129.7735022, 44.5458154], [129.7728429, 44.5456953], [129.7722425, 44.5455964], [129.7716346, 44.5454978], [129.7710296, 44.545413], [129.7704628, 44.5453373], [129.7688589, 44.5451342], [129.768025, 44.5450525], [129.7670344, 44.5449644]]}}, {"type": "Feature", "properties": {"name": "\u6ee8\u7ee5\u7ebf\uff08\u78e8\u5200\u77f31\u53f7\u96a7\u9053\uff09", "name:en": null, "railway": "rail", "ele": null, "operator:type": null, "layer": "-1", "addr:full": null, "addr:city": null, "source": null, "name:zh": null, "osm_id": 559586045, "osm_type": "ways_line"}, "geometry": {"type": "LineString", "coordinates": [[129.8572432, 44.5709528], [129.8608621, 44.5713967], [129.8617214, 44.5714918], [129.8626179, 44.5715756]]}}, {"type": "Feature", "properties": {"name": "\u6ee8\u7ee5\u7ebf", "name:en": null, "railway": "rail", "ele": null, "operator:type": null, "layer": null, "addr:full": null, "addr:city": null, "source": null, "name:zh": null, "osm_id": 559586046, "osm_type": "ways_line"}, "geometry": {"type": "LineString", "coordinates": [[129.8626179, 44.5715756], [129.8632306, 44.5716222]]}}, {"type": "Feature", "properties": {"name": "\u6ee8\u7ee5\u7ebf", "name:en": null, "railway": "rail", "ele": null, "operator:type": null, "layer": null, "addr:full": null, "addr:city": null, "source": null, "name:zh": null, "osm_id": 559586047, "osm_type": "ways_line"}, "geometry": {"type": "LineString", "coordinates": [[129.8674539, 44.572187], [129.8654622, 44.5718884]]}}, {"type": "Feature", "properties": {"name": "\u6ee8\u7ee5\u7ebf", "name:en": null, "railway": "rail", "ele": null, "operator:type": null, "layer": null, "addr:full": null, "addr:city": null, "source": null, "name:zh": null, "osm_id": 559590057, "osm_type": "ways_line"}, "geometry": {"type": "LineString", "coordinates": [[129.8518704, 44.5703807], [129.8511819, 44.5703034]]}}, {"type": "Feature", "properties": {"name": "\u6ee8\u7ee5\u7ebf\uff08\u9a6c\u7389\u5170\u96a7\u9053\uff09", "name:en": null, "railway": "rail", "ele": null, "operator:type": null, "layer": "-1", "addr:full": null, "addr:city": null, "source": null, "name:zh": null, "osm_id": 559590060, "osm_type": "ways_line"}, "geometry": {"type": "LineString", "coordinates": [[129.8560625, 44.5707781], [129.8518704, 44.5703807]]}}, {"type": "Feature", "properties": {"name": "\u6ee8\u7ee5\u7ebf", "name:en": null, "railway": "rail", "ele": null, "operator:type": null, "layer": null, "addr:full": null, "addr:city": null, "source": null, "name:zh": null, "osm_id": 559590062, "osm_type": "ways_line"}, "geometry": {"type": "LineString", "coordinates": [[129.8572503, 44.570911], [129.8560625, 44.5707781]]}}, {"type": "Feature", "properties": {"name": "\u6ee8\u7ee5\u7ebf\uff08\u78e8\u5200\u77f31\u53f7\u96a7\u9053\uff09", "name:en": null, "railway": "rail", "ele": null, "operator:type": null, "layer": "-1", "addr:full": null, "addr:city": null, "source": null, "name:zh": null, "osm_id": 559590063, "osm_type": "ways_line"}, "geometry": {"type": "LineString", "coordinates": [[129.8626276, 44.5715335], [129.8617324, 44.571448], [129.8608781, 44.5713529], [129.8572503, 44.570911]]}}, {"type": "Feature", "properties": {"name": "\u6ee8\u7ee5\u7ebf\uff08\u78e8\u5200\u77f32\u53f7\u96a7\u9053\uff09", "name:en": null, "railway": "rail", "ele": null, "operator:type": null, "layer": "-1", "addr:full": null, "addr:city": null, "source": null, "name:zh": null, "osm_id": 559590064, "osm_type": "ways_line"}, "geometry": {"type": "LineString", "coordinates": [[129.8788345, 44.5735812], [129.8710325, 44.5726575], [129.8690998, 44.5724129], [129.8674539, 44.572187]]}}, {"type": "Feature", "properties": {"name": "\u6ee8\u7ee5\u7ebf", "name:en": null, "railway": "rail", "ele": null, "operator:type": null, "layer": null, "addr:full": null, "addr:city": null, "source": null, "name:zh": null, "osm_id": 559590065, "osm_type": "ways_line"}, "geometry": {"type": "LineString", "coordinates": [[129.9403215, 44.5872879], [129.9399718, 44.5870875]]}}, {"type": "Feature", "properties": {"name": "\u6ee8\u7ee5\u7ebf", "name:en": null, "railway": "rail", "ele": null, "operator:type": null, "layer": "1", "addr:full": null, "addr:city": null, "source": null, "name:zh": null, "osm_id": 559590066, "osm_type": "ways_line"}, "geometry": {"type": "LineString", "coordinates": [[130.0165461, 44.6042463], [130.0159254, 44.6043555], [130.0154017, 44.6044392], [130.0147397, 44.6045303], [130.0140976, 44.6045992], [130.0135292, 44.6046519], [130.0124502, 44.6047343]]}}, {"type": "Feature", "properties": {"name": "\u6ee8\u7ee5\u7ebf\uff08\u7ea2\u6c60\u96a7\u9053\uff09", "name:en": null, "railway": "rail", "ele": null, "operator:type": null, "layer": "-1", "addr:full": null, "addr:city": null, "source": null, "name:zh": null, "osm_id": 559590067, "osm_type": "ways_line"}, "geometry": {"type": "LineString", "coordinates": [[130.0046542, 44.6047053], [129.9974295, 44.6039101], [129.9924512, 44.6031922], [129.9898217, 44.6026974], [129.9875111, 44.6022248], [129.9853138, 44.6016816], [129.9784543, 44.5999099], [129.9587202, 44.5946439], [129.9543051, 44.5933411], [129.9517032, 44.5925479], [129.9495485, 44.591853], [129.9470604, 44.590944], [129.9444707, 44.5897338], [129.9423249, 44.5885036], [129.9403215, 44.5872879]]}}, {"type": "Feature", "properties": {"name": "\u6ee8\u7ee5\u7ebf\uff08\u8f6c\u5fc3\u6e56\u96a7\u9053\uff09", "name:en": null, "railway": "rail", "ele": null, "operator:type": null, "layer": "-1", "addr:full": null, "addr:city": null, "source": null, "name:zh": null, "osm_id": 560222095, "osm_type": "ways_line"}, "geometry": {"type": "LineString", "coordinates": [[130.0173357, 44.6040793], [130.0276055, 44.6022657], [130.0345612, 44.6008551], [130.0403936, 44.5993085], [130.0460744, 44.5974596], [130.0926372, 44.579855], [130.0938248, 44.5794193]]}}, {"type": "Feature", "properties": {"name": "\u6ee8\u7ee5\u7ebf", "name:en": null, "railway": "rail", "ele": null, "operator:type": null, "layer": "1", "addr:full": null, "addr:city": null, "source": null, "name:zh": null, "osm_id": 560222097, "osm_type": "ways_line"}, "geometry": {"type": "LineString", "coordinates": [[130.110439, 44.5746488], [130.1095161, 44.5748283], [130.108703, 44.5750021], [130.1079143, 44.5751729], [130.1071256, 44.5753525], [130.105723, 44.5756855]]}}, {"type": "Feature", "properties": {"name": "\u6ee8\u7ee5\u7ebf", "name:en": null, "railway": "rail", "ele": null, "operator:type": null, "layer": null, "addr:full": null, "addr:city": null, "source": null, "name:zh": null, "osm_id": 560222098, "osm_type": "ways_line"}, "geometry": {"type": "LineString", "coordinates": [[130.105723, 44.5756855], [130.1048978, 44.5759056], [130.1037025, 44.5762473], [130.102812, 44.5764995], [130.101428, 44.5769313], [130.0999796, 44.577409], [130.0987029, 44.5778407], [130.0976032, 44.5781961], [130.0964713, 44.5785476], [130.0938248, 44.5794193]]}}, {"type": "Feature", "properties": {"name": "\u6ee8\u7ee5\u7ebf", "name:en": null, "railway": "rail", "ele": null, "operator:type": null, "layer": "1", "addr:full": null, "addr:city": null, "source": null, "name:zh": null, "osm_id": 560222100, "osm_type": "ways_line"}, "geometry": {"type": "LineString", "coordinates": [[130.1458919, 44.5720698], [130.144178, 44.572163]]}}, {"type": "Feature", "properties": {"name": "\u6ee8\u7ee5\u7ebf", "name:en": null, "railway": "rail", "ele": null, "operator:type": null, "layer": null, "addr:full": null, "addr:city": null, "source": null, "name:zh": null, "osm_id": 560222101, "osm_type": "ways_line"}, "geometry": {"type": "LineString", "coordinates": [[130.144178, 44.572163], [130.1409603, 44.5723393], [130.1383732, 44.5724824], [130.1360428, 44.5726121]]}}, {"type": "Feature", "properties": {"name": "\u6ee8\u7ee5\u7ebf", "name:en": null, "railway": "rail", "ele": null, "operator:type": null, "layer": "1", "addr:full": null, "addr:city": null, "source": null, "name:zh": null, "osm_id": 560222102, "osm_type": "ways_line"}, "geometry": {"type": "LineString", "coordinates": [[130.1360428, 44.5726121], [130.1346932, 44.5726886]]}}, {"type": "Feature", "properties": {"name": "\u6ee8\u7ee5\u7ebf", "name:en": null, "railway": "rail", "ele": null, "operator:type": null, "layer": null, "addr:full": null, "addr:city": null, "source": null, "name:zh": null, "osm_id": 560222103, "osm_type": "ways_line"}, "geometry": {"type": "LineString", "coordinates": [[130.1346932, 44.5726886], [130.1282938, 44.5730424], [130.1249314, 44.5732287], [130.1221527, 44.573375], [130.1202427, 44.5734848], [130.1193087, 44.573538], [130.1184821, 44.5736013], [130.1166795, 44.5737543], [130.115512, 44.5738873], [130.1142138, 44.5740437], [130.1130322, 44.5742134], [130.1110662, 44.574536], [130.110439, 44.5746488]]}}, {"type": "Feature", "properties": {"name": "\u6ee8\u7ee5\u7ebf", "name:en": null, "railway": "rail", "ele": null, "operator:type": null, "layer": null, "addr:full": null, "addr:city": null, "source": null, "name:zh": null, "osm_id": 560222104, "osm_type": "ways_line"}, "geometry": {"type": "LineString", "coordinates": [[130.1835584, 44.5682033], [130.18012, 44.5686247], [130.1746172, 44.5693271], [130.171721, 44.5696958], [130.1693609, 44.5700031], [130.1689727, 44.5700514]]}}, {"type": "Feature", "properties": {"name": "\u6ee8\u7ee5\u7ebf\uff08\u7ea2\u65d71\u53f7\u96a7\u9053\uff09", "name:en": null, "railway": "rail", "ele": null, "operator:type": null, "layer": "-1", "addr:full": null, "addr:city": null, "source": null, "name:zh": null, "osm_id": 560222105, "osm_type": "ways_line"}, "geometry": {"type": "LineString", "coordinates": [[130.1689727, 44.5700514], [130.162989, 44.5706878], [130.1570241, 44.5712378], [130.152995, 44.5715949], [130.1489227, 44.5718968]]}}, {"type": "Feature", "properties": {"name": "\u6ee8\u7ee5\u7ebf\uff08\u7ea2\u65d72\u53f7\u96a7\u9053\uff09", "name:en": null, "railway": "rail", "ele": null, "operator:type": null, "layer": "-1", "addr:full": null, "addr:city": null, "source": null, "name:zh": null, "osm_id": 560222106, "osm_type": "ways_line"}, "geometry": {"type": "LineString", "coordinates": [[130.1835584, 44.5682033], [130.185621, 44.567972], [130.1869907, 44.5678359], [130.1892593, 44.5676669], [130.1905972, 44.5675837], [130.1916235, 44.5675484]]}}, {"type": "Feature", "properties": {"name": "\u6ee8\u7ee5\u7ebf", "name:en": null, "railway": "rail", "ele": null, "operator:type": null, "layer": "1", "addr:full": null, "addr:city": null, "source": null, "name:zh": null, "osm_id": 560222107, "osm_type": "ways_line"}, "geometry": {"type": "LineString", "coordinates": [[130.1959751, 44.5674979], [130.1916235, 44.5675484]]}}, {"type": "Feature", "properties": {"name": "\u6ee8\u7ee5\u7ebf", "name:en": null, "railway": "rail", "ele": null, "operator:type": null, "layer": null, "addr:full": null, "addr:city": null, "source": null, "name:zh": null, "osm_id": 560222108, "osm_type": "ways_line"}, "geometry": {"type": "LineString", "coordinates": [[130.2109825, 44.567353], [130.2103088, 44.5673406], [130.209593, 44.5673406], [130.1959751, 44.5674979]]}}, {"type": "Feature", "properties": {"name": "\u6ee8\u7ee5\u7ebf\uff08\u8de8\u7ee5\u6ee1\u9ad8\u901f\u7279\u5927\u6865\uff09", "name:en": null, "railway": "rail", "ele": null, "operator:type": null, "layer": "1", "addr:full": null, "addr:city": null, "source": null, "name:zh": null, "osm_id": 560222109, "osm_type": "ways_line"}, "geometry": {"type": "LineString", "coordinates": [[130.2209657, 44.5686548], [130.22018, 44.568466], [130.2194283, 44.5683123], [130.2187796, 44.568181], [130.2179691, 44.5680271], [130.2171409, 44.5678859], [130.2163128, 44.5677574], [130.2155094, 44.5676515], [130.2147201, 44.5675657], [130.2143096, 44.5675304], [130.2135204, 44.5674724], [130.212717, 44.5674245], [130.2119065, 44.5673867], [130.2109825, 44.567353]]}}, {"type": "Feature", "properties": {"name": "\u6ee8\u7ee5\u7ebf", "name:en": null, "railway": "rail", "ele": null, "operator:type": null, "layer": null, "addr:full": null, "addr:city": null, "source": null, "name:zh": null, "osm_id": 560225437, "osm_type": "ways_line"}, "geometry": {"type": "LineString", "coordinates": [[130.2805345, 44.5879203], [130.2782303, 44.5874292], [130.2773025, 44.5872162], [130.2764953, 44.5870273], [130.2754693, 44.5867486]]}}, {"type": "Feature", "properties": {"name": "\u6ee8\u7ee5\u7ebf", "name:en": null, "railway": "rail", "ele": null, "operator:type": null, "layer": "1", "addr:full": null, "addr:city": null, "source": null, "name:zh": null, "osm_id": 560225438, "osm_type": "ways_line"}, "geometry": {"type": "LineString", "coordinates": [[130.2754693, 44.5867486], [130.2734851, 44.5861913]]}}, {"type": "Feature", "properties": {"name": "\u6ee8\u7ee5\u7ebf", "name:en": null, "railway": "rail", "ele": null, "operator:type": null, "layer": null, "addr:full": null, "addr:city": null, "source": null, "name:zh": null, "osm_id": 560225439, "osm_type": "ways_line"}, "geometry": {"type": "LineString", "coordinates": [[130.2734851, 44.5861913], [130.2690007, 44.5849237]]}}, {"type": "Feature", "properties": {"name": "\u6ee8\u7ee5\u7ebf\uff08\u7279\u52a1\u6c9f\u7279\u5927\u6865\uff09", "name:en": null, "railway": "rail", "ele": null, "operator:type": null, "layer": "1", "addr:full": null, "addr:city": null, "source": null, "name:zh": null, "osm_id": 560225440, "osm_type": "ways_line"}, "geometry": {"type": "LineString", "coordinates": [[130.2690007, 44.5849237], [130.2593367, 44.5821824]]}}, {"type": "Feature", "properties": {"name": "\u6ee8\u7ee5\u7ebf", "name:en": null, "railway": "rail", "ele": null, "operator:type": null, "layer": null, "addr:full": null, "addr:city": null, "source": null, "name:zh": null, "osm_id": 560225441, "osm_type": "ways_line"}, "geometry": {"type": "LineString", "coordinates": [[130.2593367, 44.5821824], [130.2554555, 44.5810858], [130.2544068, 44.5807954], [130.2528269, 44.5803369], [130.2512203, 44.5798268], [130.2491523, 44.5791696], [130.2466552, 44.5783768], [130.2445604, 44.57771]]}}, {"type": "Feature", "properties": {"name": "\u6ee8\u7ee5\u7ebf", "name:en": null, "railway": "rail", "ele": null, "operator:type": null, "layer": "1", "addr:full": null, "addr:city": null, "source": null, "name:zh": null, "osm_id": 560225442, "osm_type": "ways_line"}, "geometry": {"type": "LineString", "coordinates": [[130.2445604, 44.57771], [130.2434124, 44.5773432], [130.2432461, 44.5772916]]}}, {"type": "Feature", "properties": {"name": "\u6ee8\u7ee5\u7ebf", "name:en": null, "railway": "rail", "ele": null, "operator:type": null, "layer": null, "addr:full": null, "addr:city": null, "source": null, "name:zh": null, "osm_id": 560225443, "osm_type": "ways_line"}, "geometry": {"type": "LineString", "coordinates": [[130.2432461, 44.5772916], [130.2426399, 44.5770967], [130.2418379, 44.5768158]]}}, {"type": "Feature", "properties": {"name": "\u6ee8\u7ee5\u7ebf", "name:en": null, "railway": "rail", "ele": null, "operator:type": null, "layer": "1", "addr:full": null, "addr:city": null, "source": null, "name:zh": null, "osm_id": 560225444, "osm_type": "ways_line"}, "geometry": {"type": "LineString", "coordinates": [[130.2418379, 44.5768158], [130.2409984, 44.5765178]]}}, {"type": "Feature", "properties": {"name": "\u6ee8\u7ee5\u7ebf", "name:en": null, "railway": "rail", "ele": null, "operator:type": null, "layer": null, "addr:full": null, "addr:city": null, "source": null, "name:zh": null, "osm_id": 560225445, "osm_type": "ways_line"}, "geometry": {"type": "LineString", "coordinates": [[130.2409984, 44.5765178], [130.2402661, 44.5762503], [130.2392899, 44.5758682], [130.238284, 44.5754746], [130.2377502, 44.5752568], [130.2365888, 44.5747562]]}}, {"type": "Feature", "properties": {"name": "\u6ee8\u7ee5\u7ebf", "name:en": null, "railway": "rail", "ele": null, "operator:type": null, "layer": "1", "addr:full": null, "addr:city": null, "source": null, "name:zh": null, "osm_id": 560225446, "osm_type": "ways_line"}, "geometry": {"type": "LineString", "coordinates": [[130.2365888, 44.5747562], [130.2354784, 44.574269]]}}, {"type": "Feature", "properties": {"name": "\u6ee8\u7ee5\u7ebf", "name:en": null, "railway": "rail", "ele": null, "operator:type": null, "layer": null, "addr:full": null, "addr:city": null, "source": null, "name:zh": null, "osm_id": 560225447, "osm_type": "ways_line"}, "geometry": {"type": "LineString", "coordinates": [[130.2354784, 44.574269], [130.2313344, 44.5724462]]}}, {"type": "Feature", "properties": {"name": "\u6ee8\u7ee5\u7ebf", "name:en": null, "railway": "rail", "ele": null, "operator:type": null, "layer": "1", "addr:full": null, "addr:city": null, "source": null, "name:zh": null, "osm_id": 560225448, "osm_type": "ways_line"}, "geometry": {"type": "LineString", "coordinates": [[130.2313344, 44.5724462], [130.2294863, 44.5716361]]}}, {"type": "Feature", "properties": {"name": "\u6ee8\u7ee5\u7ebf", "name:en": null, "railway": "rail", "ele": null, "operator:type": null, "layer": null, "addr:full": null, "addr:city": null, "source": null, "name:zh": null, "osm_id": 560225449, "osm_type": "ways_line"}, "geometry": {"type": "LineString", "coordinates": [[130.2294863, 44.5716361], [130.228274, 44.5711002], [130.2270616, 44.5706043], [130.2259458, 44.5701915], [130.2253021, 44.5699565], [130.2238403, 44.5694616], [130.2229552, 44.569196], [130.2223007, 44.5689992], [130.2213029, 44.5687393], [130.2209657, 44.5686548]]}}, {"type": "Feature", "properties": {"name": "\u6ee8\u7ee5\u7ebf\uff08\u5174\u6e90\u96a7\u9053\uff09", "name:en": null, "railway": "rail", "ele": null, "operator:type": null, "layer": "-1", "addr:full": null, "addr:city": null, "source": null, "name:zh": null, "osm_id": 560225450, "osm_type": "ways_line"}, "geometry": {"type": "LineString", "coordinates": [[130.320921, 44.5975547], [130.3204883, 44.5974162], [130.3198649, 44.5972354], [130.3188033, 44.5969454], [130.3169909, 44.5964638], [130.2805345, 44.5879203]]}}, {"type": "Feature", "properties": {"name": "\u6ee8\u7ee5\u7ebf", "name:en": null, "railway": "rail", "ele": null, "operator:type": null, "layer": null, "addr:full": null, "addr:city": null, "source": null, "name:zh": null, "osm_id": 560225451, "osm_type": "ways_line"}, "geometry": {"type": "LineString", "coordinates": [[130.320921, 44.5975547], [130.3214462, 44.5977481]]}}, {"type": "Feature", "properties": {"name": "\u6ee8\u7ee5\u7ebf\uff08\u7a46\u68f1\u6cb3\u7279\u5927\u6865\uff09", "name:en": null, "railway": "rail", "ele": null, "operator:type": null, "layer": "2", "addr:full": null, "addr:city": null, "source": null, "name:zh": null, "osm_id": 560225452, "osm_type": "ways_line"}, "geometry": {"type": "LineString", "coordinates": [[130.3214462, 44.5977481], [130.3420111, 44.606017]]}}, {"type": "Feature", "properties": {"name": "\u6ee8\u7ee5\u7ebf", "name:en": null, "railway": "rail", "ele": null, "operator:type": null, "layer": null, "addr:full": null, "addr:city": null, "source": null, "name:zh": null, "osm_id": 560225460, "osm_type": "ways_line"}, "geometry": {"type": "LineString", "coordinates": [[130.0124502, 44.6047343], [130.0118698, 44.6047599], [130.011059, 44.6047767], [130.007799, 44.6048527], [130.0069088, 44.6048604], [130.0062733, 44.6048341], [130.0056555, 44.6047938], [130.0046542, 44.6047053]]}}, {"type": "Feature", "properties": {"name": "\u6ee8\u7ee5\u7ebf", "name:en": null, "railway": "rail", "ele": null, "operator:type": null, "layer": null, "addr:full": null, "addr:city": null, "source": null, "name:zh": null, "osm_id": 560225461, "osm_type": "ways_line"}, "geometry": {"type": "LineString", "coordinates": [[130.0046438, 44.6047433], [130.0056144, 44.6048386], [130.0062564, 44.6048814], [130.0068984, 44.6049066], [130.0078053, 44.6049003], [130.0110543, 44.6048263], [130.0118455, 44.6048027], [130.0124525, 44.6047735]]}}, {"type": "Feature", "properties": {"name": "\u6ee8\u7ee5\u7ebf", "name:en": null, "railway": "rail", "ele": null, "operator:type": null, "layer": null, "addr:full": null, "addr:city": null, "source": null, "name:zh": null, "osm_id": 560225467, "osm_type": "ways_line"}, "geometry": {"type": "LineString", "coordinates": [[129.9399397, 44.5871108], [129.9402809, 44.5873116]]}}, {"type": "Feature", "properties": {"name": "\u6ee8\u7ee5\u7ebf\uff08\u6905\u5b50\u5708\u7279\u5927\u6865\uff09", "name:en": null, "railway": "rail", "ele": null, "operator:type": null, "layer": "1", "addr:full": null, "addr:city": null, "source": null, "name:zh": null, "osm_id": 560225468, "osm_type": "ways_line"}, "geometry": {"type": "LineString", "coordinates": [[129.9399718, 44.5870875], [129.9344791, 44.583563], [129.9333615, 44.582839], [129.9321053, 44.5820453], [129.9316099, 44.581754], [129.9311721, 44.5814999], [129.9297006, 44.5806962], [129.9287624, 44.5802164], [129.9279806, 44.579836], [129.9270409, 44.5794219], [129.9243604, 44.5783505], [129.9232956, 44.5779845], [129.9223373, 44.5776709], [129.9212651, 44.5773417], [129.919802, 44.5769339], [129.9191255, 44.5767701], [129.9178268, 44.5764931], [129.9159997, 44.5761324], [129.9149009, 44.5759451], [129.9127147, 44.5756906], [129.9117213, 44.5755943], [129.9090096, 44.5754228], [129.9057583, 44.575297]]}}, {"type": "Feature", "properties": {"name": "\u6ee8\u7ee5\u7ebf\uff08\u6905\u5b50\u5708\u7279\u5927\u6865\uff09", "name:en": null, "railway": "rail", "ele": null, "operator:type": null, "layer": "1", "addr:full": null, "addr:city": null, "source": null, "name:zh": null, "osm_id": 560225469, "osm_type": "ways_line"}, "geometry": {"type": "LineString", "coordinates": [[129.9057574, 44.5753535], [129.9090089, 44.5754653], [129.9117287, 44.5756377], [129.9126939, 44.5757295], [129.9148993, 44.5759834], [129.9159871, 44.5761722], [129.9178101, 44.5765298], [129.9190881, 44.5768184], [129.9197814, 44.5769895], [129.9211959, 44.5773781], [129.9223547, 44.5777345], [129.9232026, 44.578003], [129.9270277, 44.5794626], [129.9279617, 44.5798766], [129.9287291, 44.5802498], [129.929658, 44.5807217], [129.9311449, 44.5815324], [129.9316108, 44.5818118], [129.9320739, 44.5820914], [129.9333096, 44.5828577], [129.9344459, 44.5835935], [129.9399397, 44.5871108]]}}, {"type": "Feature", "properties": {"name": "\u6ee8\u7ee5\u7ebf", "name:en": null, "railway": "rail", "ele": null, "operator:type": null, "layer": null, "addr:full": null, "addr:city": null, "source": null, "name:zh": null, "osm_id": 560225470, "osm_type": "ways_line"}, "geometry": {"type": "LineString", "coordinates": [[129.9057583, 44.575297], [129.8957647, 44.5748934]]}}, {"type": "Feature", "properties": {"name": "\u6ee8\u7ee5\u7ebf\uff08\u6865\u5317\u6cb3\u7279\u5927\u6865\uff09", "name:en": null, "railway": "rail", "ele": null, "operator:type": null, "layer": "1", "addr:full": null, "addr:city": null, "source": null, "name:zh": null, "osm_id": 560225471, "osm_type": "ways_line"}, "geometry": {"type": "LineString", "coordinates": [[129.8957647, 44.5748934], [129.8912874, 44.5746973], [129.8879799, 44.5745292], [129.8856041, 44.5743412], [129.8842212, 44.5742041], [129.8830024, 44.5740736], [129.8797222, 44.5736775]]}}, {"type": "Feature", "properties": {"name": "\u6ee8\u7ee5\u7ebf", "name:en": null, "railway": "rail", "ele": null, "operator:type": null, "layer": null, "addr:full": null, "addr:city": null, "source": null, "name:zh": null, "osm_id": 560225472, "osm_type": "ways_line"}, "geometry": {"type": "LineString", "coordinates": [[129.8957592, 44.57494], [129.9057574, 44.5753535]]}}, {"type": "Feature", "properties": {"name": "\u6ee8\u7ee5\u7ebf\uff08\u6865\u5317\u6cb3\u7279\u5927\u6865\uff09", "name:en": null, "railway": "rail", "ele": null, "operator:type": null, "layer": "1", "addr:full": null, "addr:city": null, "source": null, "name:zh": null, "osm_id": 560225473, "osm_type": "ways_line"}, "geometry": {"type": "LineString", "coordinates": [[129.879709, 44.5737304], [129.8830027, 44.574111], [129.8842175, 44.5742397], [129.885599, 44.574369], [129.8879736, 44.5745619], [129.8912754, 44.57474], [129.8957592, 44.57494]]}}, {"type": "Feature", "properties": {"name": "\u6ee8\u7ee5\u7ebf", "name:en": null, "railway": "rail", "ele": null, "operator:type": null, "layer": null, "addr:full": null, "addr:city": null, "source": null, "name:zh": null, "osm_id": 560225474, "osm_type": "ways_line"}, "geometry": {"type": "LineString", "coordinates": [[129.8797222, 44.5736775], [129.8788345, 44.5735812]]}}, {"type": "Feature", "properties": {"name": "\u6ee8\u7ee5\u7ebf", "name:en": null, "railway": "rail", "ele": null, "operator:type": null, "layer": "1", "addr:full": null, "addr:city": null, "source": null, "name:zh": null, "osm_id": 560225475, "osm_type": "ways_line"}, "geometry": {"type": "LineString", "coordinates": [[129.8632306, 44.5716222], [129.8640993, 44.571721], [129.8647982, 44.5718186], [129.8654539, 44.5719205]]}}, {"type": "Feature", "properties": {"name": "\u6ee8\u7ee5\u7ebf", "name:en": null, "railway": "rail", "ele": null, "operator:type": null, "layer": null, "addr:full": null, "addr:city": null, "source": null, "name:zh": null, "osm_id": 560225476, "osm_type": "ways_line"}, "geometry": {"type": "LineString", "coordinates": [[129.8654539, 44.5719205], [129.8674386, 44.5722357]]}}, {"type": "Feature", "properties": {"name": "\u6ee8\u7ee5\u7ebf", "name:en": null, "railway": "rail", "ele": null, "operator:type": null, "layer": null, "addr:full": null, "addr:city": null, "source": null, "name:zh": null, "osm_id": 560225477, "osm_type": "ways_line"}, "geometry": {"type": "LineString", "coordinates": [[129.8632328, 44.5715824], [129.8626276, 44.5715335]]}}, {"type": "Feature", "properties": {"name": "\u6ee8\u7ee5\u7ebf", "name:en": null, "railway": "rail", "ele": null, "operator:type": null, "layer": "1", "addr:full": null, "addr:city": null, "source": null, "name:zh": null, "osm_id": 560225478, "osm_type": "ways_line"}, "geometry": {"type": "LineString", "coordinates": [[129.8654622, 44.5718884], [129.8648238, 44.5717922], [129.8640998, 44.5716872], [129.8632328, 44.5715824]]}}, {"type": "Feature", "properties": {"name": "\u6ee8\u7ee5\u7ebf", "name:en": null, "railway": "rail", "ele": null, "operator:type": null, "layer": null, "addr:full": null, "addr:city": null, "source": null, "name:zh": null, "osm_id": 560225479, "osm_type": "ways_line"}, "geometry": {"type": "LineString", "coordinates": [[129.8511705, 44.5703495], [129.8518594, 44.5704285]]}}, {"type": "Feature", "properties": {"name": "\u6ee8\u7ee5\u7ebf", "name:en": null, "railway": "rail", "ele": null, "operator:type": null, "layer": "1", "addr:full": null, "addr:city": null, "source": null, "name:zh": null, "osm_id": 560225480, "osm_type": "ways_line"}, "geometry": {"type": "LineString", "coordinates": [[129.846066, 44.569876], [129.8473689, 44.569982], [129.848472, 44.5700717], [129.8494576, 44.5701519], [129.8502724, 44.5702357], [129.8511705, 44.5703495]]}}, {"type": "Feature", "properties": {"name": "\u6ee8\u7ee5\u7ebf", "name:en": null, "railway": "rail", "ele": null, "operator:type": null, "layer": "1", "addr:full": null, "addr:city": null, "source": null, "name:zh": null, "osm_id": 560225481, "osm_type": "ways_line"}, "geometry": {"type": "LineString", "coordinates": [[129.8511819, 44.5703034], [129.8502775, 44.5701901], [129.8494708, 44.5701041], [129.8491711, 44.5700768], [129.8466348, 44.569875], [129.8460742, 44.5698292]]}}, {"type": "Feature", "properties": {"name": "\u6ee8\u7ee5\u7ebf", "name:en": null, "railway": "rail", "ele": null, "operator:type": null, "layer": null, "addr:full": null, "addr:city": null, "source": null, "name:zh": null, "osm_id": 560225482, "osm_type": "ways_line"}, "geometry": {"type": "LineString", "coordinates": [[129.8460742, 44.5698292], [129.8454177, 44.5697839], [129.8438938, 44.5697001], [129.8435281, 44.5696783], [129.8431181, 44.5696381], [129.8402123, 44.5693072], [129.8401222, 44.5692962], [129.8398438, 44.5692622], [129.8394714, 44.5692092], [129.8381907, 44.5690157], [129.8375332, 44.5689078], [129.8367068, 44.5687495]]}}, {"type": "Feature", "properties": {"name": "\u6ee8\u7ee5\u7ebf", "name:en": null, "railway": "rail", "ele": null, "operator:type": null, "layer": null, "addr:full": null, "addr:city": null, "source": null, "name:zh": null, "osm_id": 560225487, "osm_type": "ways_line"}, "geometry": {"type": "LineString", "coordinates": [[129.8287352, 44.5667477], [129.8273157, 44.5664013], [129.8257467, 44.5660229], [129.8249334, 44.5658364], [129.8241874, 44.5656575], [129.8234905, 44.5654795], [129.8211999, 44.5648264]]}}, {"type": "Feature", "properties": {"name": "\u6ee8\u7ee5\u7ebf\uff08\u8d75\u5bb6\u6c9f\u7279\u5927\u6865\uff09", "name:en": null, "railway": "rail", "ele": null, "operator:type": null, "layer": "1", "addr:full": null, "addr:city": null, "source": null, "name:zh": null, "osm_id": 560225489, "osm_type": "ways_line"}, "geometry": {"type": "LineString", "coordinates": [[129.8367068, 44.5687495], [129.836224, 44.5686422], [129.8357957, 44.5685381], [129.8287352, 44.5667477]]}}, {"type": "Feature", "properties": {"name": "\u6ee8\u7ee5\u7ebf", "name:en": null, "railway": "rail", "ele": null, "operator:type": null, "layer": null, "addr:full": null, "addr:city": null, "source": null, "name:zh": null, "osm_id": 560225491, "osm_type": "ways_line"}, "geometry": {"type": "LineString", "coordinates": [[129.8211593, 44.5648637], [129.8234691, 44.5655144], [129.8241653, 44.5656961], [129.8249191, 44.5658855], [129.8257305, 44.5660794], [129.8272928, 44.5664494], [129.828713, 44.5667896]]}}, {"type": "Feature", "properties": {"name": "\u6ee8\u7ee5\u7ebf", "name:en": null, "railway": "rail", "ele": null, "operator:type": null, "layer": "1", "addr:full": null, "addr:city": null, "source": null, "name:zh": null, "osm_id": 560225492, "osm_type": "ways_line"}, "geometry": {"type": "LineString", "coordinates": [[129.818176, 44.5640358], [129.819776, 44.5644474], [129.8211593, 44.5648637]]}}, {"type": "Feature", "properties": {"name": "\u6ee8\u7ee5\u7ebf", "name:en": null, "railway": "rail", "ele": null, "operator:type": null, "layer": "1", "addr:full": null, "addr:city": null, "source": null, "name:zh": null, "osm_id": 560225493, "osm_type": "ways_line"}, "geometry": {"type": "LineString", "coordinates": [[129.8211999, 44.5648264], [129.8203756, 44.5645707], [129.8198103, 44.5643954], [129.8181888, 44.5639919]]}}, {"type": "Feature", "properties": {"name": "\u6ee8\u7ee5\u7ebf", "name:en": null, "railway": "rail", "ele": null, "operator:type": null, "layer": null, "addr:full": null, "addr:city": null, "source": null, "name:zh": null, "osm_id": 560225494, "osm_type": "ways_line"}, "geometry": {"type": "LineString", "coordinates": [[129.8181888, 44.5639919], [129.8177138, 44.5638783], [129.8169779, 44.5636817], [129.8163202, 44.5634852], [129.8150136, 44.56309], [129.8138767, 44.5627195], [129.8120866, 44.5620911]]}}, {"type": "Feature", "properties": {"name": "\u6ee8\u7ee5\u7ebf", "name:en": null, "railway": "rail", "ele": null, "operator:type": null, "layer": null, "addr:full": null, "addr:city": null, "source": null, "name:zh": null, "osm_id": 560227098, "osm_type": "ways_line"}, "geometry": {"type": "LineString", "coordinates": [[129.8120554, 44.5621354], [129.8138577, 44.5627679], [129.8149789, 44.5631347], [129.8161573, 44.5634999], [129.8169159, 44.5637213], [129.8176842, 44.5639252], [129.818176, 44.5640358]]}}, {"type": "Feature", "properties": {"name": "\u6ee8\u7ee5\u7ebf\uff08\u94c1\u5cad\u6cb3\u7279\u5927\u6865\uff09", "name:en": null, "railway": "rail", "ele": null, "operator:type": null, "layer": "1", "addr:full": null, "addr:city": null, "source": null, "name:zh": null, "osm_id": 560227099, "osm_type": "ways_line"}, "geometry": {"type": "LineString", "coordinates": [[129.7670224, 44.5450054], [129.7680002, 44.5450875], [129.7688563, 44.5451769], [129.7704446, 44.5453724], [129.7710162, 44.5454474], [129.7716261, 44.5455345], [129.7722269, 44.545629], [129.7728661, 44.5457387], [129.7734877, 44.545851], [129.7745631, 44.5460641], [129.77564, 44.5463015], [129.7764083, 44.5464766], [129.7779623, 44.5468919], [129.7790812, 44.547206], [129.7802644, 44.547557], [129.7814575, 44.5479526], [129.7826919, 44.5483942], [129.7837781, 44.5488122], [129.7846777, 44.549167], [129.7854583, 44.549508], [129.7863744, 44.5499244], [129.7871595, 44.550287], [129.7879079, 44.5506584], [129.7944848, 44.5538924], [129.805503, 44.5593464], [129.8075062, 44.5602679], [129.8086467, 44.5607709], [129.8102532, 44.5614411], [129.8120554, 44.5621354]]}}, {"type": "Feature", "properties": {"name": "\u6ee8\u7ee5\u7ebf", "name:en": null, "railway": "rail", "ele": null, "operator:type": null, "layer": "1", "addr:full": null, "addr:city": null, "source": null, "name:zh": null, "osm_id": 560227106, "osm_type": "ways_line"}, "geometry": {"type": "LineString", "coordinates": [[129.669423, 44.591142], [129.6689436, 44.5912283], [129.6684622, 44.5913045], [129.667935, 44.5913756], [129.6675245, 44.5914176], [129.6671058, 44.5914545], [129.6665266, 44.591501], [129.6658829, 44.5915473], [129.6652736, 44.591582], [129.6646342, 44.591601], [129.6578996, 44.5917539], [129.6573683, 44.591755], [129.6566, 44.5917432], [129.655882, 44.5917147], [129.6553307, 44.5916856], [129.6549196, 44.5916541], [129.654527, 44.5916148], [129.6537618, 44.5915282], [129.6532061, 44.5914531], [129.6526071, 44.5913626], [129.6519721, 44.5912447]]}}, {"type": "Feature", "properties": {"name": "\u6ee8\u7ee5\u7ebf", "name:en": null, "railway": "rail", "ele": null, "operator:type": null, "layer": "1", "addr:full": null, "addr:city": null, "source": null, "name:zh": null, "osm_id": 560227108, "osm_type": "ways_line"}, "geometry": {"type": "LineString", "coordinates": [[129.6519545, 44.591284], [129.6525968, 44.5914009], [129.6531891, 44.5914886], [129.6537691, 44.5915688], [129.6545071, 44.5916549], [129.6549099, 44.5916963], [129.6553266, 44.5917278], [129.6558741, 44.5917599], [129.656616, 44.5917871], [129.6573634, 44.5917967], [129.6578995, 44.5917929], [129.6646421, 44.5916455], [129.6652766, 44.5916209], [129.6658976, 44.5915878], [129.6665454, 44.5915384], [129.6671192, 44.591487], [129.6675328, 44.5914502], [129.6679422, 44.5914067], [129.6684709, 44.5913367], [129.6689535, 44.5912639], [129.669436, 44.5911766]]}}, {"type": "Feature", "properties": {"name": "\u6ee8\u7ee5\u7ebf", "name:en": null, "railway": "rail", "ele": null, "operator:type": null, "layer": null, "addr:full": null, "addr:city": null, "source": null, "name:zh": null, "osm_id": 560227109, "osm_type": "ways_line"}, "geometry": {"type": "LineString", "coordinates": [[129.6519721, 44.5912447], [129.6514059, 44.5911325], [129.6508311, 44.5909968], [129.6501207, 44.5908118], [129.6493873, 44.590599], [129.6426208, 44.5884922]]}}, {"type": "Feature", "properties": {"name": "\u6ee8\u7ee5\u7ebf", "name:en": null, "railway": "rail", "ele": null, "operator:type": null, "layer": null, "addr:full": null, "addr:city": null, "source": null, "name:zh": null, "osm_id": 574929881, "osm_type": "ways_line"}, "geometry": {"type": "LineString", "coordinates": [[127.1503281, 45.4181181], [127.1498075, 45.4184916], [127.1482972, 45.4195752], [127.1441061, 45.4225822], [127.1436552, 45.4229016], [127.1430686, 45.4233175], [127.1424819, 45.4237137], [127.1417046, 45.4242482], [127.1365477, 45.4276236], [127.135714, 45.4281934], [127.1350952, 45.4286212], [127.1346711, 45.4289351], [127.1342577, 45.4292717], [127.1334947, 45.4299064], [127.1290306, 45.4336391], [127.1125943, 45.4474443], [127.1110589, 45.4486708], [127.1103412, 45.4492147], [127.1095875, 45.4497829], [127.0983087, 45.4581447], [127.0976831, 45.4586332], [127.0972646, 45.4589828], [127.0966671, 45.4595001], [127.0906768, 45.4649681], [127.0900791, 45.4655397], [127.0893134, 45.4663406], [127.0889674, 45.4667257], [127.0886275, 45.4671227], [127.0876304, 45.4683653]]}}, {"type": "Feature", "properties": {"name": "\u6ee8\u7ee5\u7ebf", "name:en": null, "railway": "rail", "ele": null, "operator:type": null, "layer": "1", "addr:full": null, "addr:city": null, "source": null, "name:zh": null, "osm_id": 574929904, "osm_type": "ways_line"}, "geometry": {"type": "LineString", "coordinates": [[127.1704401, 45.4036295], [127.170359, 45.4038695], [127.1702597, 45.4041074]]}}, {"type": "Feature", "properties": {"name": "\u6ee8\u7ee5\u7ebf", "name:en": null, "railway": "rail", "ele": null, "operator:type": null, "layer": null, "addr:full": null, "addr:city": null, "source": null, "name:zh": null, "osm_id": 589290750, "osm_type": "ways_line"}, "geometry": {"type": "LineString", "coordinates": [[130.3702909, 44.6173282], [130.370792, 44.6175298]]}}, {"type": "Feature", "properties": {"name": "\u6ee8\u7ee5\u7ebf", "name:en": null, "railway": "rail", "ele": null, "operator:type": null, "layer": "1", "addr:full": null, "addr:city": null, "source": null, "name:zh": null, "osm_id": 589290751, "osm_type": "ways_line"}, "geometry": {"type": "LineString", "coordinates": [[130.3836609, 44.6217448], [130.3838362, 44.6217828]]}}, {"type": "Feature", "properties": {"name": "\u6ee8\u7ee5\u7ebf", "name:en": null, "railway": "rail", "ele": null, "operator:type": null, "layer": "-1", "addr:full": null, "addr:city": null, "source": null, "name:zh": null, "osm_id": 602554514, "osm_type": "ways_line"}, "geometry": {"type": "LineString", "coordinates": [[129.248961, 44.5216511], [129.249224, 44.5214821], [129.2494371, 44.521364], [129.249719, 44.5212206], [129.2499901, 44.5210932], [129.2503105, 44.5209614], [129.2505139, 44.5208911], [129.2507357, 44.5208296]]}}, {"type": "Feature", "properties": {"name": "\u6ee8\u7ee5\u7ebf", "name:en": null, "railway": "rail", "ele": null, "operator:type": null, "layer": null, "addr:full": null, "addr:city": null, "source": null, "name:zh": null, "osm_id": 602554515, "osm_type": "ways_line"}, "geometry": {"type": "LineString", "coordinates": [[129.2656327, 44.5362707], [129.2661478, 44.5365653], [129.2668156, 44.5369472], [129.267344, 44.5372306], [129.2678357, 44.537489], [129.2682459, 44.5377178], [129.2685078, 44.5378788], [129.2687205, 44.5380353], [129.2689647, 44.5382385], [129.269335, 44.5385671], [129.2700619, 44.5392741], [129.2704366, 44.5396178], [129.2708629, 44.5399832], [129.2713879, 44.5403967], [129.2716391, 44.5405797], [129.2719439, 44.5408124], [129.2721778, 44.541019], [129.2723899, 44.5412426], [129.2726001, 44.5414938], [129.2727985, 44.5417776], [129.2729293, 44.5420281], [129.273032, 44.5422943], [129.2733792, 44.543222], [129.2734938, 44.5435188], [129.2735923, 44.5437465], [129.273758, 44.5440751], [129.2739678, 44.5444268], [129.2744502, 44.5451332], [129.2746601, 44.5454475], [129.2748396, 44.5457511], [129.2750773, 44.5462333], [129.275225, 44.5465907], [129.2782297, 44.5540768], [129.2783874, 44.5544945], [129.2784923, 44.5548136], [129.2785697, 44.5551134], [129.2786144, 44.5553554], [129.2786361, 44.5555932], [129.2786542, 44.5558789], [129.2786353, 44.5574771], [129.2786362, 44.5576707], [129.2786447, 44.5578946], [129.2786701, 44.5581383], [129.2787241, 44.5584523], [129.2787872, 44.5587827], [129.2792527, 44.5610607], [129.2794034, 44.5616837], [129.279556, 44.5620558], [129.2797038, 44.5623429], [129.2798698, 44.562598], [129.2800587, 44.5628433], [129.2803097, 44.5631113], [129.2804666, 44.5632567], [129.2806396, 44.5634001], [129.2809269, 44.5636151], [129.2815319, 44.5640267], [129.2817539, 44.5641762], [129.2820054, 44.5643667], [129.2822677, 44.5645819], [129.2824983, 44.5647908], [129.2826709, 44.5649618], [129.2828434, 44.5651499], [129.2830194, 44.5653561], [129.2834729, 44.5659417], [129.2836445, 44.5661421], [129.2838119, 44.5663315], [129.2839913, 44.5665098], [129.2841962, 44.5666881], [129.284405, 44.5668537], [129.2846058, 44.5669963], [129.2847387, 44.5670835], [129.2848787, 44.5671681], [129.2851496, 44.5673201], [129.2854045, 44.5674416], [129.2857412, 44.5675787], [129.2859557, 44.5676561], [129.2861717, 44.5677248], [129.2863651, 44.5677786], [129.2865584, 44.5678287], [129.2869472, 44.5679189], [129.2873042, 44.5679892], [129.2888782, 44.5682812], [129.2893896, 44.5683916], [129.2898117, 44.5684871], [129.2901819, 44.5685892], [129.2905175, 44.5686982], [129.2908341, 44.5688123], [129.2911681, 44.5689491], [129.2914853, 44.5690888], [129.2918941, 44.569286], [129.2952233, 44.5709026], [129.2959373, 44.5712335], [129.2965676, 44.5714921], [129.2972042, 44.5717201], [129.2976848, 44.5718623], [129.2981626, 44.571985], [129.2986902, 44.5721069], [129.2991781, 44.5722], [129.2996156, 44.5722731], [129.3000402, 44.5723396]]}}, {"type": "Feature", "properties": {"name": "\u6ee8\u7ee5\u7ebf", "name:en": null, "railway": "rail", "ele": null, "operator:type": null, "layer": null, "addr:full": null, "addr:city": null, "source": "bing", "name:zh": null, "osm_id": 455320440, "osm_type": "ways_line"}, "geometry": {"type": "LineString", "coordinates": [[129.495505, 44.5637818], [129.4961494, 44.5638016], [129.4967847, 44.5638209], [129.4980776, 44.5638606], [129.4986179, 44.5638509], [129.4990636, 44.5638139], [129.4995127, 44.5637637], [129.4999235, 44.5636917], [129.5003954, 44.5635861], [129.5009382, 44.5634349], [129.5061213, 44.5618887], [129.5068766, 44.5616449], [129.5073417, 44.5614692], [129.5078385, 44.5612417], [129.5082604, 44.561009], [129.5086045, 44.5607807], [129.5088194, 44.5606274], [129.5089954, 44.5604857], [129.5091749, 44.560331], [129.5093285, 44.5601762], [129.5095678, 44.5599226], [129.5096979, 44.559773], [129.5098337, 44.5596062], [129.5100908, 44.5592126], [129.51026, 44.5588854], [129.5104097, 44.5585407], [129.5104935, 44.5582518], [129.5105711, 44.5579242], [129.5105928, 44.5576948], [129.5105921, 44.5563916], [129.5106244, 44.5558294], [129.5106994, 44.5554583], [129.5108126, 44.5550924], [129.5108771, 44.5549427], [129.5109471, 44.5548051], [129.5110318, 44.5546575], [129.5111307, 44.5545159], [129.5112377, 44.5543664], [129.5113673, 44.5542129], [129.5115608, 44.5540095], [129.511715, 44.5538602], [129.5118777, 44.5537289], [129.512122, 44.553541], [129.5125344, 44.5532772], [129.5129164, 44.5530796], [129.5133231, 44.552904], [129.5135503, 44.5528128], [129.5138099, 44.5527239], [129.5141033, 44.5526381], [129.5144193, 44.5525673], [129.514802, 44.5524989], [129.5152242, 44.5524459], [129.5156656, 44.5524217], [129.516562, 44.5524291], [129.5173884, 44.5524578], [129.5181966, 44.5524932], [129.5187868, 44.5525043], [129.5194651, 44.5524921], [129.5200507, 44.5524532], [129.5206004, 44.5524022], [129.5210463, 44.5523576], [129.5215249, 44.5522804], [129.5222195, 44.5521539], [129.5230223, 44.5519774], [129.5234525, 44.5518654], [129.5237976, 44.5517519], [129.5241832, 44.5516025], [129.5246423, 44.5514436], [129.5252245, 44.5512648], [129.5258058, 44.5511104], [129.5265488, 44.5509514], [129.5270872, 44.5508779], [129.5277455, 44.5508194], [129.5285387, 44.5508068], [129.5292033, 44.5508274], [129.5296486, 44.5508708], [129.5301845, 44.5509587], [129.5304648, 44.5510106], [129.5307417, 44.5510719], [129.5310902, 44.5511724], [129.5318103, 44.5514391], [129.532336, 44.5516156], [129.5327902, 44.551752], [129.5335391, 44.5519665], [129.534108, 44.5521523], [129.5371498, 44.5531836], [129.5376734, 44.5533723], [129.5382725, 44.553623], [129.5388716, 44.5538878], [129.539299, 44.5540714], [129.5397741, 44.5542962], [129.5399736, 44.5544033], [129.5402265, 44.5545391], [129.544731, 44.5572089], [129.5450566, 44.5573997], [129.5458902, 44.5578774], [129.5465015, 44.558228], [129.5469055, 44.5584521], [129.5472476, 44.5586355], [129.5477952, 44.5589095], [129.5483571, 44.5591361]]}}, {"type": "Feature", "properties": {"name": "\u6ee8\u7ee5\u7ebf\uff08\u5bd2\u8471\u6cb3\u96a7\u9053\uff09", "name:en": null, "railway": "rail", "ele": null, "operator:type": null, "layer": "-1", "addr:full": null, "addr:city": null, "source": null, "name:zh": null, "osm_id": 521621293, "osm_type": "ways_line"}, "geometry": {"type": "LineString", "coordinates": [[130.9211433, 44.4263166], [130.9229094, 44.4261717], [130.9241908, 44.4260092], [130.9256304, 44.4257972], [130.927151, 44.4254662], [130.9290579, 44.4249722], [130.930326, 44.4246015], [130.9317025, 44.4241393], [130.9333307, 44.4234943], [130.9347975, 44.4228806], [130.9379399, 44.4214155], [130.9417834, 44.4196398], [130.94494, 44.4179675], [130.9484365, 44.4161214], [130.9512386, 44.4145544], [130.9537155, 44.4130699], [130.9562419, 44.4113112], [130.9587791, 44.4095132], [130.9613834, 44.4077073], [130.9632187, 44.4062635], [130.9775501, 44.3944116], [130.9783933, 44.3936587], [130.9795123, 44.3925246]]}}, {"type": "Feature", "properties": {"name": "\u6ee8\u7ee5\u7ebf\uff08\u7ee5\u897f\u96a7\u9053\uff09", "name:en": null, "railway": "rail", "ele": null, "operator:type": null, "layer": null, "addr:full": null, "addr:city": null, "source": null, "name:zh": null, "osm_id": 521621297, "osm_type": "ways_line"}, "geometry": {"type": "LineString", "coordinates": [[130.8354252, 44.4430145], [130.8541299, 44.4314825], [130.857405, 44.429909], [130.8600081, 44.4288465], [130.8624369, 44.4280817]]}}, {"type": "Feature", "properties": {"name": "\u6ee8\u7ee5\u7ebf", "name:en": null, "railway": "rail", "ele": null, "operator:type": null, "layer": "1", "addr:full": null, "addr:city": null, "source": null, "name:zh": null, "osm_id": 521621299, "osm_type": "ways_line"}, "geometry": {"type": "LineString", "coordinates": [[130.8126849, 44.4570001], [130.8158815, 44.4550344]]}}, {"type": "Feature", "properties": {"name": "\u6ee8\u7ee5\u7ebf\uff08\u4e1c\u80dc\u96a7\u9053\uff09", "name:en": null, "railway": "rail", "ele": null, "operator:type": null, "layer": null, "addr:full": null, "addr:city": null, "source": null, "name:zh": null, "osm_id": 521621348, "osm_type": "ways_line"}, "geometry": {"type": "LineString", "coordinates": [[130.7828325, 44.4758487], [130.786708, 44.4730641], [130.7912321, 44.4700054], [130.811677, 44.4576199]]}}, {"type": "Feature", "properties": {"name": "\u6ee8\u7ee5\u7ebf", "name:en": null, "railway": "rail", "ele": null, "operator:type": null, "layer": null, "addr:full": null, "addr:city": null, "source": null, "name:zh": null, "osm_id": 521621350, "osm_type": "ways_line"}, "geometry": {"type": "LineString", "coordinates": [[130.8750969, 44.4259907], [130.8759951, 44.4259864], [130.8773648, 44.4259873], [130.8789986, 44.42602], [130.8815283, 44.4260707], [130.8829449, 44.4260991], [130.8926541, 44.4262938], [130.8983854, 44.4264087], [130.8990696, 44.4264224], [130.9001582, 44.4264443]]}}, {"type": "Feature", "properties": {"name": "\u6ee8\u7ee5\u7ebf", "name:en": null, "railway": "rail", "ele": null, "operator:type": null, "layer": null, "addr:full": null, "addr:city": null, "source": "GPS", "name:zh": null, "osm_id": 1147580467, "osm_type": "ways_line"}, "geometry": {"type": "LineString", "coordinates": [[128.7632214, 44.9314358], [128.7645083, 44.9354405], [128.7660547, 44.9402523]]}}, {"type": "Feature", "properties": {"name": "\u6ee8\u7ee5\u7ebf", "name:en": null, "railway": "rail", "ele": null, "operator:type": null, "layer": null, "addr:full": null, "addr:city": null, "source": null, "name:zh": null, "osm_id": 827994594, "osm_type": "ways_line"}, "geometry": {"type": "LineString", "coordinates": [[129.3003807, 44.572391], [129.301088, 44.5724936], [129.301703, 44.5725624], [129.3022677, 44.5725991], [129.302731, 44.5726114], [129.3032388, 44.5726106], [129.3039331, 44.5725842], [129.3045072, 44.5725459], [129.305769, 44.5724505], [129.3507323, 44.5692545]]}}, {"type": "Feature", "properties": {"name": "\u6ee8\u7ee5\u7ebf", "name:en": null, "railway": "rail", "ele": null, "operator:type": null, "layer": null, "addr:full": null, "addr:city": null, "source": null, "name:zh": null, "osm_id": 1147002867, "osm_type": "ways_line"}, "geometry": {"type": "LineString", "coordinates": [[127.0666775, 45.4820062], [127.0704975, 45.48028], [127.0768477, 45.4774103]]}}, {"type": "Feature", "properties": {"name": "\u6ee8\u7ee5\u7ebf", "name:en": null, "railway": "rail", "ele": null, "operator:type": null, "layer": null, "addr:full": null, "addr:city": null, "source": null, "name:zh": null, "osm_id": 1147002868, "osm_type": "ways_line"}, "geometry": {"type": "LineString", "coordinates": [[127.0768143, 45.4773656], [127.0704635, 45.4802385], [127.0663088, 45.4821179]]}}, {"type": "Feature", "properties": {"name": "\u6ee8\u7ee5\u7ebf", "name:en": null, "railway": "rail", "ele": null, "operator:type": null, "layer": null, "addr:full": null, "addr:city": null, "source": null, "name:zh": null, "osm_id": 1147347831, "osm_type": "ways_line"}, "geometry": {"type": "LineString", "coordinates": [[127.8411015, 45.2231492], [127.8436248, 45.2207199], [127.8476697, 45.2168253], [127.8481184, 45.2164192], [127.8486659, 45.2159435]]}}, {"type": "Feature", "properties": {"name": "\u6ee8\u7ee5\u7ebf", "name:en": null, "railway": "rail", "ele": null, "operator:type": null, "layer": "1", "addr:full": null, "addr:city": null, "source": "GPS", "name:zh": null, "osm_id": 1147347858, "osm_type": "ways_line"}, "geometry": {"type": "LineString", "coordinates": [[128.2926178, 44.9953404], [128.2932678, 44.9952301]]}}, {"type": "Feature", "properties": {"name": "\u6ee8\u7ee5\u7ebf", "name:en": null, "railway": "rail", "ele": null, "operator:type": null, "layer": null, "addr:full": null, "addr:city": null, "source": "GPS", "name:zh": null, "osm_id": 1147580490, "osm_type": "ways_line"}, "geometry": {"type": "LineString", "coordinates": [[129.0623179, 44.8150613], [129.0614662, 44.8155078], [129.0610435, 44.8157192], [129.0606489, 44.8158843], [129.0602998, 44.8159989], [129.0599243, 44.8160947], [129.0596112, 44.8161546], [129.0592665, 44.8162017], [129.0589503, 44.8162186], [129.0586228, 44.8162165], [129.0582647, 44.8161985], [129.0579, 44.8161547], [129.0575476, 44.8160831], [129.0573341, 44.8160322], [129.0571236, 44.8159726]]}}, {"type": "Feature", "properties": {"name": "\u6ee8\u7ee5\u7ebf", "name:en": null, "railway": "rail", "ele": null, "operator:type": null, "layer": null, "addr:full": null, "addr:city": null, "source": null, "name:zh": null, "osm_id": 846860477, "osm_type": "ways_line"}, "geometry": {"type": "LineString", "coordinates": [[130.8158815, 44.4550344], [130.8354252, 44.4430145]]}}, {"type": "Feature", "properties": {"name": "\u6ee8\u7ee5\u7ebf;\u6ee8\u7ee5\u5bbd\u8f68\u7ebf\uff08\u4e00\u53f7\u6d1e\uff09", "name:en": null, "railway": "rail", "ele": null, "operator:type": null, "layer": "-1", "addr:full": null, "addr:city": null, "source": "bing", "name:zh": null, "osm_id": 846860480, "osm_type": "ways_line"}, "geometry": {"type": "LineString", "coordinates": [[131.167688, 44.3787249], [131.1679203, 44.3788352], [131.1681751, 44.3789969], [131.1684466, 44.3791836]]}}, {"type": "Feature", "properties": {"name": "\u6ee8\u7ee5\u7ebf", "name:en": null, "railway": "rail", "ele": null, "operator:type": null, "layer": null, "addr:full": null, "addr:city": null, "source": "GPS", "name:zh": null, "osm_id": 904732954, "osm_type": "ways_line"}, "geometry": {"type": "LineString", "coordinates": [[131.0991724, 44.4022916], [131.0996711, 44.402457], [131.1011571, 44.4028747], [131.1020339, 44.4030584]]}}, {"type": "Feature", "properties": {"name": "\u6ee8\u7ee5\u7ebf\uff08\u91d1\u5bb6\u8c37\u96a7\u9053\uff09", "name:en": null, "railway": "rail", "ele": null, "operator:type": null, "layer": null, "addr:full": null, "addr:city": null, "source": "GPS", "name:zh": null, "osm_id": 904732955, "osm_type": "ways_line"}, "geometry": {"type": "LineString", "coordinates": [[131.0815836, 44.395097], [131.0977868, 44.4017872]]}}, {"type": "Feature", "properties": {"name": "\u6ee8\u7ee5\u7ebf\uff08\u671d\u9633\u6cb3\u96a7\u9053\uff09", "name:en": null, "railway": "rail", "ele": null, "operator:type": null, "layer": null, "addr:full": null, "addr:city": null, "source": "GPS", "name:zh": null, "osm_id": 904732957, "osm_type": "ways_line"}, "geometry": {"type": "LineString", "coordinates": [[131.102411, 44.4031363], [131.104455, 44.4034286], [131.1064846, 44.4036154]]}}, {"type": "Feature", "properties": {"name": "\u6ee8\u7ee5\u7ebf\uff08\u671d\u9633\u6cb3\u96a7\u9053\uff09", "name:en": null, "railway": "rail", "ele": null, "operator:type": null, "layer": null, "addr:full": null, "addr:city": null, "source": "GPS", "name:zh": null, "osm_id": 904732959, "osm_type": "ways_line"}, "geometry": {"type": "LineString", "coordinates": [[131.1064957, 44.4035712], [131.1044678, 44.4033815], [131.1024522, 44.4030795]]}}, {"type": "Feature", "properties": {"name": "\u6ee8\u7ee5\u7ebf", "name:en": null, "railway": "rail", "ele": null, "operator:type": null, "layer": "1", "addr:full": null, "addr:city": null, "source": null, "name:zh": null, "osm_id": 967497300, "osm_type": "ways_line"}, "geometry": {"type": "LineString", "coordinates": [[129.5485228, 44.5592023], [129.5483571, 44.5591361]]}}, {"type": "Feature", "properties": {"name": "\u6ee8\u7ee5\u7ebf", "name:en": null, "railway": "rail", "ele": null, "operator:type": null, "layer": "1", "addr:full": null, "addr:city": null, "source": "bing", "name:zh": null, "osm_id": 967497302, "osm_type": "ways_line"}, "geometry": {"type": "LineString", "coordinates": [[129.5485715, 44.5591423], [129.5484066, 44.5590763]]}}, {"type": "Feature", "properties": {"name": "\u6ee8\u7ee5\u7ebf\uff08\u8de8\u8001\u6ee8\u7ee5\u7ebf\u7279\u5927\u6865\uff09", "name:en": null, "railway": "rail", "ele": null, "operator:type": null, "layer": null, "addr:full": null, "addr:city": null, "source": "GPS", "name:zh": null, "osm_id": 1002184586, "osm_type": "ways_line"}, "geometry": {"type": "LineString", "coordinates": [[131.0469371, 44.3849787], [131.0439175, 44.3841915], [131.040769, 44.3835364], [131.0392895, 44.3832638], [131.0373771, 44.3829893], [131.0349608, 44.3827053], [131.0335098, 44.3825518]]}}, {"type": "Feature", "properties": {"name": "\u6ee8\u7ee5\u7ebf\uff08\u7ea2\u82b1\u5cad\u96a7\u9053\uff09", "name:en": null, "railway": "rail", "ele": null, "operator:type": null, "layer": null, "addr:full": null, "addr:city": null, "source": "GPS", "name:zh": null, "osm_id": 1002184587, "osm_type": "ways_line"}, "geometry": {"type": "LineString", "coordinates": [[131.026096, 44.3824229], [131.0297899, 44.3824423], [131.0306201, 44.382478], [131.0335024, 44.3826019]]}}, {"type": "Feature", "properties": {"name": "\u6ee8\u7ee5\u7ebf\uff08\u7ea2\u82b1\u5cad\u96a7\u9053\uff09", "name:en": null, "railway": "rail", "ele": null, "operator:type": null, "layer": null, "addr:full": null, "addr:city": null, "source": "GPS", "name:zh": null, "osm_id": 1002184588, "osm_type": "ways_line"}, "geometry": {"type": "LineString", "coordinates": [[131.0335098, 44.3825518], [131.0297984, 44.3823936], [131.0260964, 44.3823823]]}}, {"type": "Feature", "properties": {"name": "\u6ee8\u7ee5\u7ebf", "name:en": null, "railway": "rail", "ele": null, "operator:type": null, "layer": null, "addr:full": null, "addr:city": null, "source": null, "name:zh": null, "osm_id": 1043665971, "osm_type": "ways_line"}, "geometry": {"type": "LineString", "coordinates": [[129.6331961, 44.5882339], [129.6327174, 44.58846], [129.6322322, 44.5887065], [129.6262254, 44.5918326], [129.6247752, 44.5925772], [129.6243821, 44.5927793]]}}, {"type": "Feature", "properties": {"name": "\u6ee8\u7ee5\u7ebf", "name:en": null, "railway": "rail", "ele": null, "operator:type": null, "layer": "1", "addr:full": null, "addr:city": null, "source": null, "name:zh": null, "osm_id": 1043665972, "osm_type": "ways_line"}, "geometry": {"type": "LineString", "coordinates": [[129.63371, 44.5880056], [129.6334353, 44.5881251], [129.6331961, 44.5882339]]}}, {"type": "Feature", "properties": {"name": "\u6ee8\u7ee5\u7ebf", "name:en": null, "railway": "rail", "ele": null, "operator:type": null, "layer": null, "addr:full": null, "addr:city": null, "source": null, "name:zh": null, "osm_id": 1043665973, "osm_type": "ways_line"}, "geometry": {"type": "LineString", "coordinates": [[129.6337367, 44.5880419], [129.6340801, 44.5879278], [129.6344184, 44.5878284], [129.6348685, 44.5877118], [129.6352407, 44.5876234], [129.6356367, 44.5875462], [129.6361097, 44.5874813], [129.636626, 44.5874327], [129.6370217, 44.5874138], [129.6374811, 44.5874113], [129.6378755, 44.5874181], [129.6383135, 44.5874474], [129.6386687, 44.5874876], [129.6389965, 44.5875372], [129.6392858, 44.5875876], [129.639676, 44.5876721], [129.6401681, 44.5877971], [129.6405424, 44.587902], [129.6418338, 44.5883017]]}}, {"type": "Feature", "properties": {"name": "\u6ee8\u7ee5\u7ebf", "name:en": null, "railway": "rail", "ele": null, "operator:type": null, "layer": "1", "addr:full": null, "addr:city": null, "source": null, "name:zh": null, "osm_id": 1043665974, "osm_type": "ways_line"}, "geometry": {"type": "LineString", "coordinates": [[129.6332284, 44.5882733], [129.6334592, 44.5881623], [129.6337367, 44.5880419]]}}, {"type": "Feature", "properties": {"name": "\u6ee8\u7ee5\u7ebf", "name:en": null, "railway": "rail", "ele": null, "operator:type": null, "layer": "1", "addr:full": null, "addr:city": null, "source": null, "name:zh": null, "osm_id": 1043665976, "osm_type": "ways_line"}, "geometry": {"type": "LineString", "coordinates": [[129.6418338, 44.5883017], [129.6425946, 44.5885361]]}}, {"type": "Feature", "properties": {"name": "\u6ee8\u7ee5\u7ebf", "name:en": null, "railway": "rail", "ele": null, "operator:type": null, "layer": null, "addr:full": null, "addr:city": null, "source": null, "name:zh": null, "osm_id": 1043665977, "osm_type": "ways_line"}, "geometry": {"type": "LineString", "coordinates": [[129.6418551, 44.5882529], [129.6405861, 44.5878683], [129.6402026, 44.5877568], [129.6397215, 44.5876295], [129.6393063, 44.5875387], [129.6390196, 44.5874897], [129.6386473, 44.5874362], [129.6383004, 44.5873979], [129.6378911, 44.5873673], [129.6374696, 44.5873584], [129.6370031, 44.5873584], [129.6366257, 44.587381], [129.6360969, 44.5874337], [129.6356168, 44.5875002], [129.6352295, 44.5875729], [129.6348439, 44.5876606], [129.6343785, 44.5877863], [129.6340567, 44.5878844], [129.63371, 44.5880056]]}}, {"type": "Feature", "properties": {"name": "\u6ee8\u7ee5\u7ebf", "name:en": null, "railway": "rail", "ele": null, "operator:type": null, "layer": "1", "addr:full": null, "addr:city": null, "source": null, "name:zh": null, "osm_id": 1043665978, "osm_type": "ways_line"}, "geometry": {"type": "LineString", "coordinates": [[129.6426208, 44.5884922], [129.6418551, 44.5882529]]}}, {"type": "Feature", "properties": {"name": "\u6ee8\u7ee5\u7ebf", "name:en": null, "railway": "rail", "ele": null, "operator:type": null, "layer": "0", "addr:full": null, "addr:city": null, "source": "yahoo imagery", "name:zh": null, "osm_id": 1054787690, "osm_type": "ways_line"}, "geometry": {"type": "LineString", "coordinates": [[126.6671751, 45.7210988], [126.667648, 45.7209485], [126.6677863, 45.7209091], [126.6689426, 45.7205401], [126.6693821, 45.7204174]]}}, {"type": "Feature", "properties": {"name": "\u6ee8\u7ee5\u7ebf", "name:en": null, "railway": "rail", "ele": null, "operator:type": null, "layer": null, "addr:full": null, "addr:city": null, "source": "GPS", "name:zh": null, "osm_id": 1054787712, "osm_type": "ways_line"}, "geometry": {"type": "LineString", "coordinates": [[128.1556591, 45.033829], [128.1840097, 45.0345516], [128.1983991, 45.0349184], [128.1992896, 45.0349405], [128.2002569, 45.0349212], [128.2011624, 45.0348867], [128.2144105, 45.0340265], [128.2152026, 45.033935], [128.2159701, 45.0338163], [128.2164758, 45.0337084], [128.21696, 45.0335788], [128.2176885, 45.0333388], [128.2183509, 45.0330512], [128.2191444, 45.0326284], [128.2195496, 45.0323691]]}}, {"type": "Feature", "properties": {"name": "\u6ee8\u7ee5\u7ebf", "name:en": null, "railway": "rail", "ele": null, "operator:type": null, "layer": null, "addr:full": null, "addr:city": null, "source": null, "name:zh": null, "osm_id": 1054796636, "osm_type": "ways_line"}, "geometry": {"type": "LineString", "coordinates": [[129.1754602, 44.5504125], [129.1791383, 44.5502561], [129.1796595, 44.5502473], [129.1800852, 44.5502487], [129.1805646, 44.5502591], [129.1810782, 44.5502869], [129.1815395, 44.5503338], [129.1819482, 44.5503954], [129.1824827, 44.5505122], [129.192924, 44.5530713], [129.1934984, 44.5532081], [129.1937586, 44.5532627], [129.1940166, 44.5533099], [129.1943386, 44.5533561], [129.1946583, 44.5533916], [129.1950449, 44.5534232], [129.1953962, 44.5534413], [129.1956835, 44.5534458], [129.1959597, 44.5534404], [129.1962246, 44.5534309], [129.1965206, 44.553417], [129.1967153, 44.5534029], [129.1969765, 44.5533755], [129.1972269, 44.5533444], [129.197511, 44.5533032], [129.1978045, 44.5532503], [129.1981067, 44.5531838], [129.198421, 44.5531098], [129.1988469, 44.5529933], [129.1993016, 44.5528487], [129.2055852, 44.5507426], [129.2060512, 44.5505866], [129.2063939, 44.5504804], [129.2067924, 44.5503823], [129.2071865, 44.5503044], [129.2076469, 44.5502329], [129.2081108, 44.5501891], [129.2085168, 44.5501656], [129.2197095, 44.5497188], [129.2212887, 44.549672], [129.2225281, 44.5496128], [129.2229855, 44.5495795], [129.2234039, 44.5495349], [129.2236924, 44.5494941], [129.2240181, 44.5494419], [129.2243403, 44.549378], [129.2246816, 44.5492996], [129.2251856, 44.5491553], [129.2256026, 44.5490162], [129.2259691, 44.5488875], [129.230463, 44.5472645], [129.2309677, 44.5470839], [129.2313436, 44.5469302], [129.2315955, 44.5468187], [129.2318473, 44.5466941], [129.23216, 44.5465239], [129.2324158, 44.5463615], [129.2326812, 44.5461738], [129.2328595, 44.5460352]]}}, {"type": "Feature", "properties": {"name": "\u6ee8\u7ee5\u7ebf", "name:en": null, "railway": "rail", "ele": null, "operator:type": null, "layer": null, "addr:full": null, "addr:city": null, "source": "GPS", "name:zh": null, "osm_id": 1081163160, "osm_type": "ways_line"}, "geometry": {"type": "LineString", "coordinates": [[128.3770971, 44.9446182], [128.3774623, 44.9441293], [128.3778271, 44.9436889], [128.378216, 44.9433168], [128.3787364, 44.9429105], [128.3790421, 44.9427017], [128.3794445, 44.9424871], [128.3798898, 44.9422896], [128.380205, 44.9421626], [128.3805388, 44.9420486], [128.3809304, 44.9419328], [128.381432, 44.9418141], [128.3819255, 44.941722], [128.3824486, 44.9416613], [128.3828375, 44.9416385], [128.3832195, 44.9416184], [128.3837621, 44.9416373], [128.3842628, 44.9416782], [128.3849645, 44.941779], [128.3875587, 44.9421795], [128.3880492, 44.9422664], [128.3885506, 44.9423663], [128.3890386, 44.9424721], [128.3895019, 44.9425779], [128.3899787, 44.9427091], [128.3904492, 44.9428643], [128.3908745, 44.9430089], [128.3913159, 44.9431763], [128.4008643, 44.9467585], [128.4015787, 44.9470265], [128.4020265, 44.9471856], [128.4023856, 44.9472924], [128.4027777, 44.9473938], [128.4032917, 44.9475052], [128.4038895, 44.9475917], [128.4045605, 44.9476667], [128.4062636, 44.947831], [128.406812, 44.9478787], [128.4075223, 44.9479177], [128.4083451, 44.9479366], [128.4514728, 44.9483306], [128.4519413, 44.9483275], [128.4524736, 44.9482979], [128.4530851, 44.948228], [128.4536903, 44.9481172], [128.4542523, 44.9479883], [128.4549098, 44.9477941], [128.4554643, 44.9475982], [128.4581266, 44.9465114], [128.4586834, 44.946301], [128.459143, 44.9461491], [128.459687, 44.9460037], [128.4602521, 44.9458757], [128.46072, 44.9457965], [128.4611879, 44.9457306], [128.4698339, 44.9444679], [128.470537, 44.9443695], [128.4711849, 44.9442993], [128.4717668, 44.9442654], [128.4723657, 44.9442529], [128.4832409, 44.9443247], [128.4840401, 44.9443159], [128.4846092, 44.9443007], [128.485166, 44.9442549], [128.485724, 44.9441747], [128.4863579, 44.9440387], [128.4869379, 44.9438931], [128.4891056, 44.9433054], [128.4896253, 44.943158], [128.4901946, 44.942973], [128.4907793, 44.9427431], [128.4912685, 44.9425082], [128.491795, 44.9422141], [128.5012848, 44.9362212], [128.5016699, 44.9359934], [128.5020334, 44.9357905], [128.5023847, 44.9356231], [128.5028881, 44.9354142], [128.5033545, 44.9352476], [128.5039102, 44.9350885], [128.50446, 44.9349695], [128.5050364, 44.9348642], [128.5103352, 44.9339368]]}}, {"type": "Feature", "properties": {"name": "\u6ee8\u7ee5\u7ebf", "name:en": null, "railway": "rail", "ele": null, "operator:type": null, "layer": "1", "addr:full": null, "addr:city": null, "source": "GPS", "name:zh": null, "osm_id": 1081163163, "osm_type": "ways_line"}, "geometry": {"type": "LineString", "coordinates": [[128.5447214, 44.9228751], [128.5458252, 44.9226085]]}}, {"type": "Feature", "properties": {"name": "\u6ee8\u7ee5\u8d27\u7ebf", "name:en": null, "railway": "rail", "ele": null, "operator:type": null, "layer": null, "addr:full": null, "addr:city": null, "source": null, "name:zh": null, "osm_id": 1082361456, "osm_type": "ways_line"}, "geometry": {"type": "LineString", "coordinates": [[129.590266, 44.5816401], [129.5888458, 44.5806034], [129.579536, 44.5738072]]}}, {"type": "Feature", "properties": {"name": "\u6ee8\u7ee5\u8d27\u7ebf", "name:en": null, "railway": "rail", "ele": null, "operator:type": null, "layer": null, "addr:full": null, "addr:city": null, "source": null, "name:zh": null, "osm_id": 1085502958, "osm_type": "ways_line"}, "geometry": {"type": "LineString", "coordinates": [[129.5765947, 44.5720965], [129.5761088, 44.5718147], [129.5756975, 44.5715612], [129.5686236, 44.5667751], [129.5674243, 44.5659636], [129.5671467, 44.5658012], [129.5666863, 44.5655592], [129.5661749, 44.5652904], [129.565507, 44.5649393]]}}, {"type": "Feature", "properties": {"name": "\u6ee8\u7ee5\u8d27\u7ebf", "name:en": null, "railway": "rail", "ele": null, "operator:type": null, "layer": null, "addr:full": null, "addr:city": null, "source": null, "name:zh": null, "osm_id": 1085502959, "osm_type": "ways_line"}, "geometry": {"type": "LineString", "coordinates": [[129.5765947, 44.5720965], [129.5770692, 44.5723716], [129.5774644, 44.5726008], [129.5777917, 44.5727906], [129.5781748, 44.5730128], [129.5791052, 44.5735553], [129.5795877, 44.5739105]]}}, {"type": "Feature", "properties": {"name": "\u6ee8\u7ee5\u8d27\u7ebf", "name:en": null, "railway": "rail", "ele": null, "operator:type": null, "layer": null, "addr:full": null, "addr:city": null, "source": null, "name:zh": null, "osm_id": 1085502960, "osm_type": "ways_line"}, "geometry": {"type": "LineString", "coordinates": [[129.5795877, 44.5739105], [129.5891306, 44.5808824]]}}, {"type": "Feature", "properties": {"name": "\u6ee8\u7ee5\u8d27\u7ebf", "name:en": null, "railway": "rail", "ele": null, "operator:type": null, "layer": null, "addr:full": null, "addr:city": null, "source": null, "name:zh": null, "osm_id": 1085502961, "osm_type": "ways_line"}, "geometry": {"type": "LineString", "coordinates": [[129.5658725, 44.5650729], [129.566208, 44.5652505], [129.5667272, 44.5655253], [129.5672003, 44.5657756], [129.5675095, 44.5659612], [129.5686686, 44.5667444], [129.5757473, 44.5715271], [129.5765772, 44.5720174], [129.5771094, 44.5723319]]}}, {"type": "Feature", "properties": {"name": "\u6ee8\u7ee5\u7ebf", "name:en": null, "railway": "rail", "ele": null, "operator:type": null, "layer": "1", "addr:full": null, "addr:city": null, "source": "GPS", "name:zh": null, "osm_id": 1092449602, "osm_type": "ways_line"}, "geometry": {"type": "LineString", "coordinates": [[128.1337144, 45.054819], [128.1355889, 45.0550203]]}}, {"type": "Feature", "properties": {"name": "\u6ee8\u7ee5\u7ebf", "name:en": null, "railway": "rail", "ele": null, "operator:type": null, "layer": null, "addr:full": null, "addr:city": null, "source": "GPS", "name:zh": null, "osm_id": 1092449603, "osm_type": "ways_line"}, "geometry": {"type": "LineString", "coordinates": [[128.1182402, 45.0534615], [128.1220328, 45.0519635], [128.1224652, 45.0518123], [128.1228171, 45.051712], [128.1231608, 45.0516262], [128.1235563, 45.0515502], [128.1239131, 45.0515045], [128.1242863, 45.0514713], [128.1247111, 45.0514489], [128.1250757, 45.0514515], [128.1254962, 45.0514711], [128.1258411, 45.0514994], [128.1261576, 45.0515414], [128.1265229, 45.0516116], [128.1269045, 45.0517037], [128.12724, 45.0518069], [128.1275394, 45.0519119], [128.1278371, 45.0520357], [128.1281097, 45.0521613], [128.1283895, 45.052307], [128.1286292, 45.0524508], [128.1288565, 45.0526021], [128.129059, 45.0527458], [128.1292526, 45.052892], [128.1301631, 45.0535951], [128.1305098, 45.0538393], [128.130694, 45.053956], [128.1308922, 45.0540661], [128.1311011, 45.0541683], [128.1313124, 45.0542607], [128.1315211, 45.0543406], [128.1317321, 45.0544173], [128.132096, 45.0545312], [128.1324702, 45.0546264], [128.1329575, 45.0547173], [128.1333342, 45.0547738], [128.1337144, 45.054819]]}}, {"type": "Feature", "properties": {"name": "\u6ee8\u7ee5\u7ebf", "name:en": null, "railway": "rail", "ele": null, "operator:type": null, "layer": null, "addr:full": null, "addr:city": null, "source": "GPS", "name:zh": null, "osm_id": 1092449605, "osm_type": "ways_line"}, "geometry": {"type": "LineString", "coordinates": [[127.9664719, 45.2066925], [127.9669553, 45.2066958], [127.9672531, 45.2066909], [127.9675739, 45.2066794], [127.9678809, 45.2066596], [127.9681485, 45.2066397], [127.9684531, 45.2066057], [127.9687824, 45.2065573], [127.9691168, 45.2064988], [127.9694802, 45.2064196], [127.9700573, 45.2062719], [127.9741225, 45.2050886], [127.9747034, 45.2049284], [127.9751163, 45.2048183], [127.9755148, 45.2047235], [127.9763933, 45.2045518], [127.9773308, 45.2044197], [127.980055, 45.2041787], [127.9806264, 45.2041097], [127.9810802, 45.2040371], [127.9814937, 45.2039637], [127.981857, 45.2038903], [127.9824482, 45.2037615], [127.9830276, 45.2036222], [127.9878182, 45.2022468], [127.9882881, 45.2021102], [127.988737, 45.2019664], [127.9890936, 45.2018486], [127.9894455, 45.2017207], [127.9898435, 45.2015693], [127.9904518, 45.2013027], [127.9910255, 45.2010184], [127.9915552, 45.2007153], [127.9920094, 45.2004468], [128.0029219, 45.1934822], [128.003473, 45.1931272], [128.004014, 45.1927682], [128.0046349, 45.1923132], [128.0049635, 45.1920086], [128.0052855, 45.1917038], [128.0059161, 45.1910463], [128.0113974, 45.1850449], [128.0117096, 45.1846839], [128.0120076, 45.1843], [128.0123125, 45.1838661], [128.0294422, 45.1552586], [128.0297137, 45.154787], [128.0299892, 45.1542528], [128.0302537, 45.1537175], [128.0304507, 45.1532689], [128.0306342, 45.1528165], [128.0317881, 45.1499807], [128.0319626, 45.1495635], [128.0323148, 45.1487757], [128.0326634, 45.147988], [128.0329428, 45.1473166], [128.0345543, 45.1433236]]}}, {"type": "Feature", "properties": {"name": "\u6ee8\u7ee5\u7ebf", "name:en": null, "railway": "rail", "ele": null, "operator:type": null, "layer": null, "addr:full": null, "addr:city": null, "source": null, "name:zh": null, "osm_id": 1098866665, "osm_type": "ways_line"}, "geometry": {"type": "LineString", "coordinates": [[127.0876825, 45.4683874], [127.0886825, 45.4671375], [127.0890088, 45.4667427], [127.0893551, 45.4663555], [127.0897467, 45.4659557], [127.0901298, 45.4655636], [127.0907242, 45.4649876], [127.0967112, 45.4595306], [127.0972884, 45.4590309], [127.0977169, 45.4586708], [127.0983583, 45.4581683], [127.1096327, 45.4498089], [127.1103917, 45.4492348], [127.1111114, 45.4486955], [127.1126511, 45.4474706], [127.1289772, 45.433794], [127.1335742, 45.4299058], [127.1343043, 45.429301], [127.1347226, 45.4289633], [127.1351408, 45.428652], [127.1357579, 45.4282266], [127.1365887, 45.427658], [127.1417447, 45.4242762], [127.1425272, 45.423752], [127.1431094, 45.423356], [127.1436916, 45.4229468], [127.1441466, 45.4226254], [127.1487876, 45.4192887], [127.1494185, 45.4188351], [127.1498521, 45.4185233]]}}, {"type": "Feature", "properties": {"name": "\u6ee8\u7ee5\u7ebf", "name:en": null, "railway": "rail", "ele": null, "operator:type": null, "layer": "1", "addr:full": null, "addr:city": null, "source": null, "name:zh": null, "osm_id": 1098866666, "osm_type": "ways_line"}, "geometry": {"type": "LineString", "coordinates": [[127.1703376, 45.4041216], [127.1704364, 45.4038841], [127.1705218, 45.4036402]]}}, {"type": "Feature", "properties": {"name": "\u6ee8\u7ee5\u7ebf", "name:en": null, "railway": "rail", "ele": null, "operator:type": null, "layer": "1", "addr:full": null, "addr:city": null, "source": "GPS", "name:zh": null, "osm_id": 1107008760, "osm_type": "ways_line"}, "geometry": {"type": "LineString", "coordinates": [[128.0528553, 45.0872], [128.0528926, 45.0871006]]}}, {"type": "Feature", "properties": {"name": "\u6ee8\u7ee5\u8d27\u7ebf", "name:en": null, "railway": "rail", "ele": null, "operator:type": null, "layer": null, "addr:full": null, "addr:city": null, "source": null, "name:zh": null, "osm_id": 1082514391, "osm_type": "ways_line"}, "geometry": {"type": "LineString", "coordinates": [[129.5771094, 44.5723319], [129.577504, 44.572565], [129.5787186, 44.5732787], [129.5791537, 44.5735291], [129.579536, 44.5738072]]}}, {"type": "Feature", "properties": {"name": "\u6ee8\u7ee5\u7ebf", "name:en": null, "railway": "rail", "ele": null, "operator:type": null, "layer": null, "addr:full": null, "addr:city": null, "source": "bing", "name:zh": null, "osm_id": 1082514393, "osm_type": "ways_line"}, "geometry": {"type": "LineString", "coordinates": [[129.5524365, 44.5605063], [129.5516469, 44.560228], [129.5509531, 44.5600053], [129.5505854, 44.5598865], [129.5497905, 44.5595951], [129.5494198, 44.5594593], [129.5485715, 44.5591423]]}}, {"type": "Feature", "properties": {"name": "\u6ee8\u7ee5\u7ebf", "name:en": null, "railway": "rail", "ele": null, "operator:type": null, "layer": null, "addr:full": null, "addr:city": null, "source": null, "name:zh": null, "osm_id": 1085502935, "osm_type": "ways_line"}, "geometry": {"type": "LineString", "coordinates": [[129.6100458, 44.5906216], [129.6111291, 44.59104], [129.6117615, 44.5912842], [129.6121369, 44.5914682], [129.612367, 44.591574], [129.6126625, 44.591695], [129.6135906, 44.59204], [129.6142879, 44.5923113], [129.6148348, 44.5925262], [129.6162709, 44.5929699], [129.6170224, 44.5932039], [129.6173593, 44.5933048], [129.6175835, 44.5933669], [129.6177777, 44.5934153], [129.6180084, 44.5934618], [129.6182338, 44.5934997], [129.6184667, 44.5935305], [129.6186922, 44.5935525], [129.6189064, 44.5935701], [129.6191444, 44.5935766], [129.6194025, 44.5935796], [129.6216144, 44.5935233], [129.621905, 44.5935151], [129.6221991, 44.5934908], [129.6225009, 44.5934489], [129.6227623, 44.5934077], [129.622994, 44.5933618], [129.6232372, 44.5932993], [129.6234763, 44.593227], [129.6237327, 44.5931362], [129.6238664, 44.5930888]]}}, {"type": "Feature", "properties": {"name": "\u6ee8\u7ee5\u7ebf", "name:en": null, "railway": "rail", "ele": null, "operator:type": null, "layer": null, "addr:full": null, "addr:city": null, "source": null, "name:zh": null, "osm_id": 1085502936, "osm_type": "ways_line"}, "geometry": {"type": "LineString", "coordinates": [[129.6011301, 44.5877335], [129.6019191, 44.5879911], [129.6027384, 44.5882583], [129.6033366, 44.5884586], [129.6051451, 44.5890182], [129.6088532, 44.5901655], [129.6091019, 44.5902494], [129.6097053, 44.5904901], [129.6100458, 44.5906216]]}}, {"type": "Feature", "properties": {"name": "\u6ee8\u7ee5\u7ebf", "name:en": null, "railway": "rail", "ele": null, "operator:type": null, "layer": null, "addr:full": null, "addr:city": null, "source": null, "name:zh": null, "osm_id": 1092867846, "osm_type": "ways_line"}, "geometry": {"type": "LineString", "coordinates": [[129.6244201, 44.5928291], [129.6260765, 44.5919754], [129.6322682, 44.5887435], [129.6327341, 44.5885056], [129.6332284, 44.5882733]]}}, {"type": "Feature", "properties": {"name": "\u6ee8\u7ee5\u7ebf", "name:en": null, "railway": "rail", "ele": null, "operator:type": null, "layer": "1", "addr:full": null, "addr:city": null, "source": null, "name:zh": null, "osm_id": 1092867847, "osm_type": "ways_line"}, "geometry": {"type": "LineString", "coordinates": [[129.6238664, 44.5930888], [129.6240039, 44.593031], [129.6244201, 44.5928291]]}}, {"type": "Feature", "properties": {"name": "\u6ee8\u7ee5\u7ebf", "name:en": null, "railway": "rail", "ele": null, "operator:type": null, "layer": null, "addr:full": null, "addr:city": null, "source": null, "name:zh": null, "osm_id": 1092867848, "osm_type": "ways_line"}, "geometry": {"type": "LineString", "coordinates": [[129.6238255, 44.5930466], [129.6236835, 44.5931026], [129.6234313, 44.5931897], [129.6232203, 44.5932552], [129.6229788, 44.5933173], [129.6227373, 44.5933641], [129.6224776, 44.5934051], [129.6222039, 44.5934402], [129.6218964, 44.5934666], [129.621628, 44.5934767], [129.6193942, 44.5935366], [129.6191405, 44.5935375], [129.6189092, 44.5935289], [129.6186899, 44.5935119], [129.618468, 44.5934905], [129.6182275, 44.5934555], [129.6180224, 44.5934221], [129.6177905, 44.5933783], [129.6175954, 44.5933328], [129.6173804, 44.5932724], [129.6170472, 44.5931699], [129.6162882, 44.5929346], [129.6148681, 44.5924892], [129.6142879, 44.5923113]]}}, {"type": "Feature", "properties": {"name": "\u6ee8\u7ee5\u7ebf", "name:en": null, "railway": "rail", "ele": null, "operator:type": null, "layer": null, "addr:full": null, "addr:city": null, "source": "GPS", "name:zh": null, "osm_id": 1094404429, "osm_type": "ways_line"}, "geometry": {"type": "LineString", "coordinates": [[128.0528926, 45.0871006], [128.0530449, 45.0867056], [128.0531926, 45.086304], [128.0534176, 45.0856683], [128.0536712, 45.0849897], [128.0538549, 45.0844943], [128.0540115, 45.0840326], [128.0541765, 45.0835472], [128.0543031, 45.0830993], [128.0543905, 45.0826196], [128.0544857, 45.0813599], [128.0545455, 45.0809434], [128.0546191, 45.0806591], [128.0546884, 45.0804003], [128.0548469, 45.0798901], [128.05494, 45.0794444], [128.0549908, 45.0791061], [128.0551949, 45.0771942], [128.055235, 45.0768226], [128.0552354, 45.0765516], [128.0551918, 45.0762433], [128.0549252, 45.0753811], [128.0548302, 45.0749389], [128.0547756, 45.0746756], [128.0547269, 45.074358], [128.0546991, 45.0740002], [128.0547141, 45.0736401], [128.0547575, 45.073322], [128.0548557, 45.0729368], [128.0549881, 45.0725654], [128.0552688, 45.0719973], [128.0557101, 45.0713857], [128.0603064, 45.0653464], [128.0606314, 45.0649599], [128.0609657, 45.0646267], [128.0613618, 45.0643133], [128.0618267, 45.0640291], [128.0623223, 45.0637893], [128.0627508, 45.0636267], [128.0636641, 45.0633219], [128.0667626, 45.0622866], [128.0674504, 45.0620571]]}}, {"type": "Feature", "properties": {"name": "\u6ee8\u7ee5\u7ebf", "name:en": null, "railway": "rail", "ele": null, "operator:type": null, "layer": null, "addr:full": null, "addr:city": null, "source": "GPS", "name:zh": null, "osm_id": 1107943312, "osm_type": "ways_line"}, "geometry": {"type": "LineString", "coordinates": [[129.0607082, 44.7698609], [129.0605362, 44.7703544], [129.0604283, 44.7707036], [129.0603622, 44.7711074], [129.0603478, 44.7714656], [129.0603898, 44.7718313], [129.0604755, 44.7722311], [129.0606227, 44.7726395], [129.0607803, 44.7729591], [129.0609444, 44.7732223], [129.0611418, 44.7734695], [129.0613989, 44.7737532], [129.0616769, 44.7740134], [129.061956, 44.7742387], [129.0632051, 44.7752379], [129.0635408, 44.7755463], [129.0638138, 44.7758347], [129.0640371, 44.7761134], [129.0642337, 44.7764474], [129.0643852, 44.7767937], [129.0644902, 44.7771491], [129.0645493, 44.7775722], [129.0645635, 44.7778681], [129.0645471, 44.7781777], [129.064489, 44.7784765], [129.0643781, 44.7788114], [129.0642541, 44.7791261], [129.0641439, 44.7793369], [129.063983, 44.7795945], [129.0638662, 44.7797445], [129.0636109, 44.7800526], [129.0632923, 44.7803417], [129.062964, 44.7806109], [129.062567, 44.7808827], [129.0616741, 44.7813877], [129.0612269, 44.7816437], [129.0607873, 44.7819258], [129.0604458, 44.7821981], [129.0601285, 44.7824943], [129.0598079, 44.7828607], [129.0595618, 44.783247], [129.0593767, 44.7836307], [129.0592517, 44.7839673], [129.0591767, 44.784328], [129.0591442, 44.7847328], [129.0591413, 44.7848786], [129.0591455, 44.785032], [129.0591724, 44.7852623], [129.0592074, 44.7854907], [129.0592565, 44.7857054], [129.0592835, 44.7858045], [129.0593147, 44.7859036], [129.059442, 44.7861843], [129.0595801, 44.7864154], [129.0597564, 44.7866958], [129.0600049, 44.7870288], [129.0601876, 44.7872324], [129.0604012, 44.787436], [129.0606177, 44.7876072], [129.0608527, 44.7877763], [129.0612704, 44.7880348], [129.0617351, 44.7882708], [129.0622334, 44.7884786], [129.063309, 44.7888593], [129.0640745, 44.7891334], [129.0648991, 44.7894532], [129.068851, 44.7911003], [129.0691369, 44.7912389], [129.0695647, 44.7914643], [129.0700698, 44.7917673], [129.0705066, 44.7921081], [129.0709142, 44.7924931], [129.0711842, 44.792828], [129.0714417, 44.7932226], [129.0716444, 44.7936696], [129.071786, 44.794169], [129.0718653, 44.7945969], [129.072067, 44.7962449], [129.0722029, 44.7972136], [129.0722302, 44.7976414], [129.0722416, 44.7979484], [129.0722348, 44.7982641], [129.0721931, 44.79862], [129.0721211, 44.7989799], [129.072013, 44.7993809], [129.0710304, 44.8023314], [129.0708152, 44.8029208], [129.0702939, 44.8044264], [129.0700396, 44.8051609]]}}, {"type": "Feature", "properties": {"name": "\u6ee8\u7ee5\u7ebf", "name:en": null, "railway": "rail", "ele": null, "operator:type": null, "layer": "1", "addr:full": null, "addr:city": null, "source": "GPS", "name:zh": null, "osm_id": 1107943313, "osm_type": "ways_line"}, "geometry": {"type": "LineString", "coordinates": [[129.0607296, 44.7698057], [129.0607082, 44.7698609]]}}, {"type": "Feature", "properties": {"name": "\u6ee8\u7ee5\u7ebf", "name:en": null, "railway": "rail", "ele": null, "operator:type": null, "layer": null, "addr:full": null, "addr:city": null, "source": null, "name:zh": null, "osm_id": 1107943314, "osm_type": "ways_line"}, "geometry": {"type": "LineString", "coordinates": [[129.0700197, 44.8056396], [129.0701362, 44.8052863], [129.0707053, 44.8035602], [129.0720787, 44.7993946], [129.0721824, 44.7989763], [129.0722545, 44.7986349], [129.0722966, 44.7982716], [129.0722993, 44.7979377], [129.0722877, 44.7976269], [129.0722643, 44.7972001], [129.0721381, 44.7962373], [129.0719649, 44.7945906], [129.071893, 44.7941547], [129.0717521, 44.7936618], [129.0715407, 44.793192], [129.0712769, 44.7927846], [129.0709872, 44.7924424], [129.0705702, 44.7920593], [129.0701228, 44.7917183], [129.0696105, 44.7914291], [129.0691944, 44.7912134], [129.0688785, 44.791062], [129.0649556, 44.7894243], [129.0641074, 44.7890995], [129.0633556, 44.788828], [129.0622681, 44.7884387], [129.0617593, 44.7882259], [129.0612876, 44.7879901], [129.0609011, 44.7877395], [129.0606739, 44.7875734], [129.0604591, 44.7874072], [129.0602456, 44.787207], [129.0600445, 44.7869936], [129.0597944, 44.7866531], [129.0596333, 44.7864115], [129.0594916, 44.7861642], [129.0593961, 44.7859594], [129.0593494, 44.7858341], [129.0593128, 44.7857087], [129.0592549, 44.7854812], [129.0592168, 44.785255], [129.0591947, 44.7850287], [129.0591889, 44.7848695], [129.0591972, 44.7847128], [129.0592272, 44.7843312], [129.0593008, 44.7839893], [129.0594422, 44.783627], [129.059616, 44.7832628], [129.0598628, 44.7828816], [129.0601821, 44.7825128], [129.0604915, 44.7822308], [129.0608309, 44.7819587], [129.0612706, 44.7816808], [129.0617419, 44.7814132], [129.062604, 44.7809197], [129.0629928, 44.7806625], [129.0633515, 44.7803762], [129.0636604, 44.7800793], [129.0639135, 44.7797762], [129.0640611, 44.7795878], [129.0642075, 44.7793553], [129.0643042, 44.7791736], [129.0644503, 44.7788105], [129.0645579, 44.778492], [129.0646211, 44.778184], [129.0646368, 44.7778655], [129.0646225, 44.7775576], [129.0645672, 44.7771547], [129.0644637, 44.7767859], [129.0642994, 44.7764252], [129.0640968, 44.7761059], [129.0638705, 44.7758258], [129.0635835, 44.775523], [129.0632497, 44.7752183], [129.0620017, 44.7742006], [129.0617294, 44.7739713], [129.0614776, 44.7737133], [129.0612521, 44.7734407], [129.0610727, 44.7731869], [129.0609146, 44.7729232], [129.060788, 44.7726192], [129.0606471, 44.7722045], [129.0605934, 44.771844], [129.0605735, 44.7714644], [129.0606082, 44.7711208], [129.0606721, 44.7707303], [129.060786, 44.7703771], [129.0609482, 44.7699125]]}}, {"type": "Feature", "properties": {"name": "\u6ee8\u7ee5\u7ebf", "name:en": null, "railway": "rail", "ele": null, "operator:type": null, "layer": "1", "addr:full": null, "addr:city": null, "source": null, "name:zh": null, "osm_id": 1107943317, "osm_type": "ways_line"}, "geometry": {"type": "LineString", "coordinates": [[129.0611926, 44.769268], [129.0613004, 44.7689847], [129.0614296, 44.7686394]]}}, {"type": "Feature", "properties": {"name": "\u6ee8\u7ee5\u7ebf", "name:en": null, "railway": "rail", "ele": null, "operator:type": null, "layer": null, "addr:full": null, "addr:city": null, "source": "GPS", "name:zh": null, "osm_id": 1107943318, "osm_type": "ways_line"}, "geometry": {"type": "LineString", "coordinates": [[129.0609327, 44.769252], [129.0607296, 44.7698057]]}}, {"type": "Feature", "properties": {"name": "\u6ee8\u7ee5\u7ebf", "name:en": null, "railway": "rail", "ele": null, "operator:type": null, "layer": null, "addr:full": null, "addr:city": null, "source": null, "name:zh": null, "osm_id": 1107943319, "osm_type": "ways_line"}, "geometry": {"type": "LineString", "coordinates": [[129.0609691, 44.7698577], [129.0611926, 44.769268]]}}, {"type": "Feature", "properties": {"name": "\u6ee8\u7ee5\u7ebf", "name:en": null, "railway": "rail", "ele": null, "operator:type": null, "layer": "1", "addr:full": null, "addr:city": null, "source": "GPS", "name:zh": null, "osm_id": 1107739586, "osm_type": "ways_line"}, "geometry": {"type": "LineString", "coordinates": [[128.9201467, 44.9153997], [128.919911, 44.915541]]}}, {"type": "Feature", "properties": {"name": "\u6ee8\u7ee5\u7ebf", "name:en": null, "railway": "rail", "ele": null, "operator:type": null, "layer": null, "addr:full": null, "addr:city": null, "source": "GPS", "name:zh": null, "osm_id": 1107739587, "osm_type": "ways_line"}, "geometry": {"type": "LineString", "coordinates": [[128.9125165, 44.9220599], [128.9126758, 44.92196], [128.9128165, 44.9218601], [128.9129267, 44.9217727], [128.9130275, 44.9216852], [128.913243, 44.9214903], [128.9135087, 44.9212058], [128.9136907, 44.9209753], [128.9138451, 44.920735], [128.9139762, 44.9204764], [128.9145585, 44.919071], [128.9148542, 44.9185137], [128.9150721, 44.9182077], [128.9153208, 44.9179147], [128.9156046, 44.9176465], [128.9159752, 44.9173614], [128.9165048, 44.9170419], [128.9167926, 44.9169009], [128.9172837, 44.916712], [128.9182809, 44.9163905], [128.9187959, 44.9162137], [128.919108, 44.9160867], [128.9193865, 44.9159522], [128.9196261, 44.9158225], [128.9200123, 44.915604]]}}, {"type": "Feature", "properties": {"name": "\u6ee8\u7ee5\u7ebf", "name:en": null, "railway": "rail", "ele": null, "operator:type": null, "layer": null, "addr:full": null, "addr:city": null, "source": "GPS", "name:zh": null, "osm_id": 1107739589, "osm_type": "ways_line"}, "geometry": {"type": "LineString", "coordinates": [[128.937606, 44.9135385], [128.9344827, 44.9140015], [128.9339436, 44.9140719], [128.9336611, 44.9141008], [128.9333694, 44.914121], [128.9330614, 44.9141333], [128.9327533, 44.9141346], [128.9324102, 44.9141225], [128.93206, 44.9141004], [128.9317505, 44.9140739], [128.9314409, 44.9140398], [128.9311274, 44.9139962], [128.9308219, 44.9139488], [128.9271028, 44.9132293], [128.926489, 44.9131198], [128.9259712, 44.9130662], [128.925429, 44.9130486], [128.9248467, 44.9130754], [128.9242624, 44.9131525], [128.9238449, 44.9132376], [128.9235511, 44.9133162], [128.9231535, 44.9134531], [128.9227878, 44.9135963], [128.9224807, 44.9137427], [128.9220613, 44.913987], [128.9216509, 44.9142901], [128.9209474, 44.9148459], [128.9206072, 44.9150965], [128.920382, 44.9152495], [128.9201467, 44.9153997]]}}, {"type": "Feature", "properties": {"name": "\u6ee8\u7ee5\u7ebf", "name:en": null, "railway": "rail", "ele": null, "operator:type": null, "layer": null, "addr:full": null, "addr:city": null, "source": "GPS", "name:zh": null, "osm_id": 1107739591, "osm_type": "ways_line"}, "geometry": {"type": "LineString", "coordinates": [[128.9202272, 44.915465], [128.9204787, 44.9152882], [128.920722, 44.9151113], [128.9209966, 44.9149054], [128.9216986, 44.9143181], [128.9221174, 44.9140171], [128.9225088, 44.9137894], [128.9228085, 44.9136471], [128.9231816, 44.9135032], [128.923578, 44.9133693], [128.9238759, 44.9132908], [128.9242834, 44.9132033], [128.9248532, 44.9131291], [128.9253966, 44.9131038], [128.9258831, 44.9131067], [128.9264629, 44.9131665], [128.9270634, 44.9132621], [128.9307798, 44.9139761], [128.9310948, 44.9140285], [128.9314098, 44.9140808], [128.931724, 44.914123], [128.9320559, 44.9141588], [128.9323958, 44.9141839], [128.9327357, 44.9141951], [128.9330578, 44.9141947], [128.9333799, 44.91419], [128.9336511, 44.9141783], [128.9339222, 44.9141579], [128.934178, 44.9141303], [128.9344338, 44.9141006], [128.9376378, 44.9136335]]}}, {"type": "Feature", "properties": {"name": "\u6ee8\u7ee5\u7ebf", "name:en": null, "railway": "rail", "ele": null, "operator:type": null, "layer": null, "addr:full": null, "addr:city": null, "source": "GPS", "name:zh": null, "osm_id": 1107739592, "osm_type": "ways_line"}, "geometry": {"type": "LineString", "coordinates": [[128.9381468, 44.9135593], [128.9396589, 44.9133389], [128.9400133, 44.9132908], [128.9403676, 44.9132477], [128.94065, 44.9132206], [128.9409325, 44.9132035], [128.94108, 44.9131984], [128.9412274, 44.9131984], [128.9413767, 44.9132008], [128.9415224, 44.9132083], [128.9417883, 44.9132298], [128.9420506, 44.9132588], [128.9423579, 44.9133061], [128.9426546, 44.9133634], [128.9428545, 44.9134086], [128.9430438, 44.9134589], [128.9432236, 44.913516], [128.9433928, 44.9135757], [128.943519, 44.9136274], [128.9439754, 44.9138248], [128.9442477, 44.9139676], [128.944618, 44.9141898], [128.9450022, 44.914494], [128.9465549, 44.9158429], [128.947144, 44.9163569]]}}, {"type": "Feature", "properties": {"name": "\u6ee8\u7ee5\u7ebf", "name:en": null, "railway": "rail", "ele": null, "operator:type": null, "layer": "1", "addr:full": null, "addr:city": null, "source": "GPS", "name:zh": null, "osm_id": 1107739596, "osm_type": "ways_line"}, "geometry": {"type": "LineString", "coordinates": [[128.947144, 44.9163569], [128.9473855, 44.9165644]]}}, {"type": "Feature", "properties": {"name": "\u6ee8\u7ee5\u7ebf", "name:en": null, "railway": "rail", "ele": null, "operator:type": null, "layer": null, "addr:full": null, "addr:city": null, "source": "GPS", "name:zh": null, "osm_id": 1107739597, "osm_type": "ways_line"}, "geometry": {"type": "LineString", "coordinates": [[128.9560014, 44.9209209], [128.9558792, 44.9207108], [128.9557784, 44.9205707], [128.9556798, 44.9204356], [128.9555644, 44.920302], [128.9554489, 44.9201759], [128.9553208, 44.9200498], [128.9551827, 44.9199307], [128.9550305, 44.9198091], [128.954865, 44.9196786], [128.9546853, 44.9195482], [128.9545251, 44.9194418], [128.9543402, 44.9193328], [128.9541497, 44.9192291], [128.9539416, 44.9191254], [128.9537494, 44.9190445], [128.953543, 44.9189636], [128.9533189, 44.9188842], [128.9530841, 44.9188049], [128.9526253, 44.9186689], [128.9505164, 44.9180739], [128.950139, 44.9179628], [128.9497616, 44.9178326], [128.9494023, 44.9176862], [128.9490591, 44.9175284], [128.948762, 44.9173728], [128.9485168, 44.9172413], [128.9482901, 44.9171098], [128.9480995, 44.9169849], [128.9479213, 44.91686], [128.9476914, 44.9166831], [128.9474677, 44.9165019]]}}, {"type": "Feature", "properties": {"name": "\u6ee8\u7ee5\u7ebf", "name:en": null, "railway": "rail", "ele": null, "operator:type": null, "layer": "1", "addr:full": null, "addr:city": null, "source": "GPS", "name:zh": null, "osm_id": 1107739598, "osm_type": "ways_line"}, "geometry": {"type": "LineString", "coordinates": [[128.9561416, 44.9212276], [128.9560014, 44.9209209]]}}, {"type": "Feature", "properties": {"name": "\u6ee8\u7ee5\u7ebf", "name:en": null, "railway": "rail", "ele": null, "operator:type": null, "layer": null, "addr:full": null, "addr:city": null, "source": "GPS", "name:zh": null, "osm_id": 1107739599, "osm_type": "ways_line"}, "geometry": {"type": "LineString", "coordinates": [[128.9473855, 44.9165644], [128.9476113, 44.9167464], [128.9478525, 44.9169285], [128.948049, 44.9170632], [128.9482579, 44.9171979], [128.9484773, 44.9173227], [128.9487074, 44.9174476], [128.9490012, 44.9175922], [128.9493465, 44.9177446], [128.9497239, 44.9178895], [128.9501023, 44.918011], [128.9504807, 44.9181212], [128.9523598, 44.9186292], [128.9527057, 44.9187401], [128.9530797, 44.9188793], [128.9534276, 44.9190274], [128.9538045, 44.9192186], [128.9541588, 44.919422], [128.9544853, 44.9196389], [128.9547768, 44.9198652], [128.9549827, 44.9200479], [128.955189, 44.920249], [128.9553822, 44.9204692], [128.9555614, 44.9206928], [128.9556425, 44.9208138], [128.9557174, 44.9209381]]}}, {"type": "Feature", "properties": {"name": "\u6ee8\u7ee5\u7ebf", "name:en": null, "railway": "rail", "ele": null, "operator:type": null, "layer": "1", "addr:full": null, "addr:city": null, "source": "GPS", "name:zh": null, "osm_id": 1107739600, "osm_type": "ways_line"}, "geometry": {"type": "LineString", "coordinates": [[128.9557174, 44.9209381], [128.955828, 44.9211271], [128.9559369, 44.9213259]]}}, {"type": "Feature", "properties": {"name": "\u6ee8\u7ee5\u7ebf", "name:en": null, "railway": "rail", "ele": null, "operator:type": null, "layer": null, "addr:full": null, "addr:city": null, "source": "GPS", "name:zh": null, "osm_id": 1107739604, "osm_type": "ways_line"}, "geometry": {"type": "LineString", "coordinates": [[128.9621061, 44.8518712], [128.9615798, 44.8517658], [128.9611978, 44.8517042], [128.9608978, 44.8516647], [128.9604708, 44.8516252], [128.9600435, 44.8516226], [128.9596846, 44.8516361], [128.9592574, 44.8516689], [128.9589066, 44.8517303], [128.9585321, 44.8518068], [128.9581971, 44.8518993], [128.9579225, 44.8519881], [128.9575948, 44.8521157], [128.9572806, 44.8522585], [128.9570218, 44.8524001], [128.9567657, 44.8525513], [128.9562941, 44.8529081], [128.955887, 44.85331], [128.9556143, 44.8536467], [128.955382, 44.8540175], [128.9552256, 44.8544217], [128.9551281, 44.8548023], [128.9550976, 44.8551772], [128.9551364, 44.8556226], [128.9552305, 44.8560114], [128.9553493, 44.8563344], [128.9554947, 44.8566267], [128.9557077, 44.857003], [128.9560686, 44.8576697], [128.9564937, 44.8583995], [128.956693, 44.8587917], [128.9568629, 44.859211], [128.9569973, 44.8596462], [128.9570686, 44.8600343], [128.957098, 44.8603628], [128.9571032, 44.8605871], [128.9570805, 44.8608877], [128.9570373, 44.8611898], [128.9569646, 44.8615345], [128.9568663, 44.8618741], [128.9567577, 44.8621714], [128.9565721, 44.8625464], [128.9562803, 44.8630383]]}}, {"type": "Feature", "properties": {"name": "\u6ee8\u7ee5\u7ebf", "name:en": null, "railway": "rail", "ele": null, "operator:type": null, "layer": "1", "addr:full": null, "addr:city": null, "source": "GPS", "name:zh": null, "osm_id": 1107739605, "osm_type": "ways_line"}, "geometry": {"type": "LineString", "coordinates": [[128.9624783, 44.851947], [128.9621061, 44.8518712]]}}, {"type": "Feature", "properties": {"name": "\u6ee8\u7ee5\u7ebf", "name:en": null, "railway": "rail", "ele": null, "operator:type": null, "layer": null, "addr:full": null, "addr:city": null, "source": null, "name:zh": null, "osm_id": 1107739614, "osm_type": "ways_line"}, "geometry": {"type": "LineString", "coordinates": [[128.9624366, 44.8520332], [128.9676657, 44.8530589], [128.968954, 44.8533148], [128.9694495, 44.8534152], [128.9699356, 44.8534906], [128.9703259, 44.8535253], [128.9706658, 44.8535388], [128.9711211, 44.8535344], [128.9715891, 44.8535064], [128.9721353, 44.8534585], [128.989291, 44.8517582], [128.9901292, 44.8516745], [128.9906489, 44.8516113], [128.9911539, 44.851527], [128.9916186, 44.8514104], [128.99204, 44.8512739], [128.9924816, 44.851107], [128.9931252, 44.8507979], [128.9946634, 44.8500433], [128.9951649, 44.8497849], [128.9957077, 44.8494894], [128.9961772, 44.8491983], [128.9966996, 44.8488467], [128.9975212, 44.8482359], [128.9982441, 44.8476924], [129.0047748, 44.8427596], [129.0078187, 44.8404572], [129.0082526, 44.8401394], [129.0085668, 44.8399296], [129.0089204, 44.839738], [129.0092883, 44.8395635], [129.0096563, 44.8394316], [129.0099856, 44.8393286], [129.0104247, 44.8392277], [129.0108715, 44.8391555], [129.0113536, 44.8391066], [129.0118444, 44.8390885], [129.0122867, 44.8390906], [129.0185498, 44.8394315], [129.019047, 44.839459], [129.0195045, 44.8394782], [129.0199058, 44.8394815], [129.0201946, 44.8394737], [129.0204934, 44.8394496], [129.0208859, 44.8393985], [129.0213671, 44.8393142], [129.0217436, 44.8392239], [129.0220814, 44.8391222], [129.0224845, 44.8389675], [129.0228344, 44.8388167], [129.0230979, 44.8386792], [129.0233951, 44.8385118], [129.0237203, 44.8382979], [129.0239667, 44.838109], [129.024213, 44.837892], [129.0244332, 44.837656], [129.0246477, 44.837394], [129.0248587, 44.8370764], [129.0250113, 44.8368051], [129.025139, 44.8365142], [129.0254814, 44.8357017], [129.025643, 44.8354089], [129.0258162, 44.8351476], [129.0259886, 44.8349074], [129.0261955, 44.8346356], [129.0279532, 44.8324554], [129.0281863, 44.8321657], [129.0284147, 44.8318694], [129.0287679, 44.8314395], [129.0290212, 44.8311755], [129.0293072, 44.8309082], [129.0328138, 44.8278217], [129.0330469, 44.8275942], [129.0332941, 44.8273517], [129.0335373, 44.827085], [129.0346113, 44.8257383], [129.0348105, 44.8254615], [129.034971, 44.8251984], [129.0350788, 44.8249713], [129.035156, 44.824729], [129.0352155, 44.8244461], [129.0352221, 44.8241819], [129.0352028, 44.8239246], [129.0351358, 44.8235843], [129.0350645, 44.8232109], [129.035032, 44.8228764], [129.0350483, 44.8225808], [129.0351073, 44.8222824], [129.0351967, 44.822043], [129.0353232, 44.8217922], [129.035466, 44.8215499], [129.0358736, 44.820976], [129.0359966, 44.8207713], [129.0361053, 44.8205609], [129.0361938, 44.8203388], [129.036268, 44.8201196], [129.03637, 44.8196569], [129.0365941, 44.8184762], [129.0366323, 44.8182361], [129.0366564, 44.8180198], [129.0366694, 44.8178334], [129.0366647, 44.8175829], [129.0366553, 44.8173304], [129.0365789, 44.8167729], [129.0365362, 44.8163418], [129.0365322, 44.8161162], [129.0365383, 44.815954], [129.0365525, 44.8157938], [129.0366013, 44.8155566], [129.0366603, 44.8153425], [129.0373569, 44.8132357], [129.037455, 44.8129964], [129.0375741, 44.8127435], [129.0377132, 44.8124928], [129.0388076, 44.8109109], [129.0389542, 44.81072], [129.0390747, 44.8105632], [129.0391952, 44.8104254], [129.0393938, 44.8102114], [129.0396676, 44.8099811], [129.0398972, 44.8097945], [129.0401845, 44.8095898], [129.0404878, 44.8094051], [129.040912, 44.8091795], [129.0413854, 44.8089737], [129.0417844, 44.8088328], [129.0422022, 44.8087101], [129.0427573, 44.8085927], [129.0433288, 44.8085035], [129.0438926, 44.8084411], [129.047334, 44.8080725], [129.0476982, 44.808044], [129.0480396, 44.808025], [129.0485333, 44.8080261], [129.0489367, 44.8080498], [129.0493455, 44.8081009], [129.049749, 44.8081872], [129.0501307, 44.8082951], [129.0504946, 44.8084457], [129.0508591, 44.8086509], [129.0512022, 44.8088794], [129.0514837, 44.8091022], [129.0517727, 44.8093942], [129.0519759, 44.8096691], [129.0521467, 44.8099708], [129.052304, 44.8103182], [129.0527179, 44.81153], [129.0528091, 44.8117805], [129.0529516, 44.8121114], [129.0530952, 44.8123771], [129.0532588, 44.8126499], [129.0535077, 44.8130079], [129.0537804, 44.813377], [129.0546704, 44.8145171], [129.0549047, 44.8147645], [129.0551341, 44.8149667], [129.0554583, 44.8152165], [129.0557429, 44.8154034], [129.0561292, 44.8156224], [129.0564488, 44.8157775], [129.0565813, 44.8158357], [129.0567145, 44.8158906]]}}, {"type": "Feature", "properties": {"name": "\u6ee8\u7ee5\u7ebf", "name:en": null, "railway": "rail", "ele": null, "operator:type": null, "layer": null, "addr:full": null, "addr:city": null, "source": "GPS", "name:zh": null, "osm_id": 1107739616, "osm_type": "ways_line"}, "geometry": {"type": "LineString", "coordinates": [[129.0567467, 44.8158387], [129.0565725, 44.815764], [129.0563995, 44.8156871], [129.0560996, 44.8155379], [129.0557854, 44.8153499], [129.0554678, 44.8151323], [129.0551807, 44.8149094], [129.0549572, 44.814709], [129.0547228, 44.8144681], [129.0538599, 44.8133538], [129.0535852, 44.8129818], [129.0533497, 44.8126425], [129.0531673, 44.8123094], [129.0530575, 44.81208], [129.0529046, 44.8117248], [129.0528199, 44.8114807], [129.052578, 44.8107262], [129.0524024, 44.8101686], [129.0521411, 44.8093487]]}}, {"type": "Feature", "properties": {"name": "\u6ee8\u7ee5\u7ebf", "name:en": null, "railway": "rail", "ele": null, "operator:type": null, "layer": "1", "addr:full": null, "addr:city": null, "source": "GPS", "name:zh": null, "osm_id": 1107739617, "osm_type": "ways_line"}, "geometry": {"type": "LineString", "coordinates": [[129.0571236, 44.8159726], [129.0569345, 44.8159098], [129.0567467, 44.8158387]]}}, {"type": "Feature", "properties": {"name": "\u6ee8\u7ee5\u7ebf", "name:en": null, "railway": "rail", "ele": null, "operator:type": null, "layer": null, "addr:full": null, "addr:city": null, "source": "GPS", "name:zh": null, "osm_id": 1107943322, "osm_type": "ways_line"}, "geometry": {"type": "LineString", "coordinates": [[129.0442019, 44.6476429], [129.0440442, 44.647791], [129.0439056, 44.647938], [129.0436891, 44.6481945], [129.043474, 44.6485068], [129.0432669, 44.6488595], [129.0430636, 44.6492914], [129.0426246, 44.6501888], [129.04238, 44.6506863], [129.0399094, 44.6556029], [129.0396708, 44.6560233], [129.0394821, 44.6563197], [129.0393107, 44.6565474], [129.0391606, 44.6567272], [129.0388694, 44.657027], [129.0385644, 44.6572999], [129.0381424, 44.6576144], [129.0374318, 44.6580544], [129.0322234, 44.6611902], [129.0318166, 44.6614366], [129.0314581, 44.6616634], [129.0311442, 44.6618826], [129.0307575, 44.6621843], [129.0303877, 44.6625242], [129.0301353, 44.6627895], [129.0299195, 44.6630481], [129.0296243, 44.6634712], [129.0294435, 44.6637853], [129.0291667, 44.6642713], [129.0275199, 44.6674456], [129.0273049, 44.6679058], [129.0272005, 44.668108], [129.0261692, 44.6700878], [129.0259765, 44.670534], [129.0257699, 44.670962], [129.0254934, 44.6716121]]}}, {"type": "Feature", "properties": {"name": "\u6ee8\u7ee5\u7ebf", "name:en": null, "railway": "rail", "ele": null, "operator:type": null, "layer": "1", "addr:full": null, "addr:city": null, "source": "GPS", "name:zh": null, "osm_id": 1107943323, "osm_type": "ways_line"}, "geometry": {"type": "LineString", "coordinates": [[129.0202821, 44.690181], [129.0202176, 44.6905029]]}}, {"type": "Feature", "properties": {"name": "\u6ee8\u7ee5\u7ebf", "name:en": null, "railway": "rail", "ele": null, "operator:type": null, "layer": "1", "addr:full": null, "addr:city": null, "source": "GPS", "name:zh": null, "osm_id": 1107943329, "osm_type": "ways_line"}, "geometry": {"type": "LineString", "coordinates": [[129.0254934, 44.6716121], [129.0253876, 44.6718615]]}}, {"type": "Feature", "properties": {"name": "\u6ee8\u7ee5\u7ebf", "name:en": null, "railway": "rail", "ele": null, "operator:type": null, "layer": "1", "addr:full": null, "addr:city": null, "source": null, "name:zh": null, "osm_id": 1107943330, "osm_type": "ways_line"}, "geometry": {"type": "LineString", "coordinates": [[129.0443527, 44.6477414], [129.045172, 44.6469381]]}}, {"type": "Feature", "properties": {"name": "\u6ee8\u7ee5\u7ebf", "name:en": null, "railway": "rail", "ele": null, "operator:type": null, "layer": "1", "addr:full": null, "addr:city": null, "source": "GPS", "name:zh": null, "osm_id": 1107943331, "osm_type": "ways_line"}, "geometry": {"type": "LineString", "coordinates": [[129.0450598, 44.6468682], [129.0442019, 44.6476429]]}}, {"type": "Feature", "properties": {"name": "\u6ee8\u7ee5\u7ebf", "name:en": null, "railway": "rail", "ele": null, "operator:type": null, "layer": null, "addr:full": null, "addr:city": null, "source": null, "name:zh": null, "osm_id": 1108150217, "osm_type": "ways_line"}, "geometry": {"type": "LineString", "coordinates": [[129.0631845, 44.6344061], [129.063562, 44.6338951], [129.0643889, 44.6327755], [129.0647915, 44.6322446], [129.0651485, 44.631744], [129.0654304, 44.6313408], [129.0656442, 44.6309455], [129.065795, 44.6305361], [129.0658905, 44.6301221], [129.0659467, 44.6297947], [129.0659796, 44.6294517], [129.0659829, 44.6290661], [129.0659428, 44.6286762], [129.0659127, 44.6284927], [129.0658621, 44.6282516], [129.0657523, 44.6279008], [129.0656277, 44.6275717], [129.0654713, 44.6272273], [129.0653536, 44.6269916], [129.0641777, 44.6248624], [129.0640342, 44.6246075], [129.0639049, 44.6243299], [129.0638079, 44.6240642], [129.0637386, 44.623827], [129.0636813, 44.6234973], [129.0636586, 44.6231768], [129.0636811, 44.6228509], [129.0637384, 44.622544], [129.0638082, 44.6222571], [129.0639649, 44.6218722], [129.0641495, 44.6215114], [129.0642555, 44.62134], [129.0643818, 44.6211773], [129.0645142, 44.6210051], [129.0647761, 44.6207405], [129.0649996, 44.6205267], [129.069166, 44.6166506], [129.0696042, 44.6162132], [129.069866, 44.6159209], [129.0701118, 44.6156151], [129.0703474, 44.615285], [129.0707045, 44.6147218], [129.073683, 44.6098471], [129.073924, 44.6094837], [129.074169, 44.6091648], [129.0743643, 44.6089294], [129.074621, 44.608661], [129.0750003, 44.6082883], [129.0751699, 44.6081292]]}}, {"type": "Feature", "properties": {"name": "\u6ee8\u7ee5\u7ebf", "name:en": null, "railway": "rail", "ele": null, "operator:type": null, "layer": null, "addr:full": null, "addr:city": null, "source": null, "name:zh": null, "osm_id": 1108150215, "osm_type": "ways_line"}, "geometry": {"type": "LineString", "coordinates": [[129.0751218, 44.6081098], [129.0749549, 44.6082648], [129.0745818, 44.60863], [129.0743221, 44.6089066], [129.0741254, 44.6091432], [129.0738926, 44.6094469], [129.0736452, 44.6097957], [129.0706519, 44.6147066], [129.0702926, 44.6152705], [129.0700664, 44.6155958], [129.0698163, 44.6159074], [129.0695426, 44.6162069], [129.0691307, 44.6166292], [129.0649608, 44.6205024], [129.0647401, 44.6207139], [129.0644746, 44.6209833], [129.0643374, 44.6211596], [129.0642039, 44.6213238], [129.0640949, 44.6214937], [129.0639052, 44.6218625], [129.063747, 44.6222537], [129.0636778, 44.6225376], [129.0636228, 44.6228433], [129.0635987, 44.6231841], [129.0636234, 44.6234903], [129.0636842, 44.6238351], [129.0637509, 44.6240705], [129.063853, 44.6243407], [129.0639816, 44.6246153], [129.0641314, 44.6248874], [129.0652866, 44.6270095], [129.0654114, 44.6272556], [129.0655548, 44.6275823], [129.0656845, 44.627925], [129.0657961, 44.6282775], [129.0658808, 44.6287181], [129.0659125, 44.6290634], [129.0659079, 44.6294576], [129.0658722, 44.6297856], [129.0658029, 44.6301283], [129.0657145, 44.6305326], [129.0655603, 44.6309321], [129.0653713, 44.6313118], [129.0650872, 44.6317385], [129.0647399, 44.6322205], [129.0645044, 44.6325355], [129.0643222, 44.6327704], [129.0641553, 44.6329917], [129.0637955, 44.633469]]}}, {"type": "Feature", "properties": {"name": "\u6ee8\u7ee5\u7ebf", "name:en": null, "railway": "rail", "ele": null, "operator:type": null, "layer": "1", "addr:full": null, "addr:city": null, "source": null, "name:zh": null, "osm_id": 1108150216, "osm_type": "ways_line"}, "geometry": {"type": "LineString", "coordinates": [[129.0754214, 44.6078316], [129.0751218, 44.6081098]]}}, {"type": "Feature", "properties": {"name": "\u6ee8\u7ee5\u7ebf\uff08\u897f\u5357\u6c9f\u7279\u5927\u6865\uff09", "name:en": null, "railway": "rail", "ele": null, "operator:type": null, "layer": "1", "addr:full": null, "addr:city": null, "source": null, "name:zh": null, "osm_id": 1110006701, "osm_type": "ways_line"}, "geometry": {"type": "LineString", "coordinates": [[130.5600829, 44.5514665], [130.5543582, 44.5534107]]}}, {"type": "Feature", "properties": {"name": "\u6ee8\u7ee5\u7ebf\uff08\u897f\u5357\u6c9f\u7279\u5927\u6865\uff09", "name:en": null, "railway": "rail", "ele": null, "operator:type": null, "layer": "1", "addr:full": null, "addr:city": null, "source": null, "name:zh": null, "osm_id": 1110006702, "osm_type": "ways_line"}, "geometry": {"type": "LineString", "coordinates": [[130.5543755, 44.5534475], [130.5601141, 44.551509]]}}, {"type": "Feature", "properties": {"name": "\u6ee8\u7ee5\u7ebf", "name:en": null, "railway": "rail", "ele": null, "operator:type": null, "layer": "1", "addr:full": null, "addr:city": null, "source": null, "name:zh": null, "osm_id": 1110006703, "osm_type": "ways_line"}, "geometry": {"type": "LineString", "coordinates": [[130.7804426, 44.4775939], [130.7819356, 44.4765037]]}}, {"type": "Feature", "properties": {"name": "\u6ee8\u7ee5\u7ebf", "name:en": null, "railway": "rail", "ele": null, "operator:type": null, "layer": "1", "addr:full": null, "addr:city": null, "source": null, "name:zh": null, "osm_id": 1110006704, "osm_type": "ways_line"}, "geometry": {"type": "LineString", "coordinates": [[130.7818959, 44.4764753], [130.7804031, 44.4775619]]}}, {"type": "Feature", "properties": {"name": "\u6ee8\u7ee5\u7ebf", "name:en": null, "railway": "rail", "ele": null, "operator:type": null, "layer": null, "addr:full": null, "addr:city": null, "source": null, "name:zh": null, "osm_id": 1110006705, "osm_type": "ways_line"}, "geometry": {"type": "LineString", "coordinates": [[130.811677, 44.4576199], [130.8126849, 44.4570001]]}}, {"type": "Feature", "properties": {"name": "\u6ee8\u7ee5\u7ebf", "name:en": null, "railway": "rail", "ele": null, "operator:type": null, "layer": null, "addr:full": null, "addr:city": null, "source": null, "name:zh": null, "osm_id": 1110006706, "osm_type": "ways_line"}, "geometry": {"type": "LineString", "coordinates": [[130.8126472, 44.4569723], [130.8116413, 44.4575908]]}}, {"type": "Feature", "properties": {"name": "\u6ee8\u7ee5\u7ebf", "name:en": null, "railway": "rail", "ele": null, "operator:type": null, "layer": null, "addr:full": null, "addr:city": null, "source": null, "name:zh": null, "osm_id": 1110006707, "osm_type": "ways_line"}, "geometry": {"type": "LineString", "coordinates": [[130.8624369, 44.4280817], [130.8644231, 44.4274888], [130.8658522, 44.4271488], [130.8669063, 44.4269094]]}}, {"type": "Feature", "properties": {"name": "\u6ee8\u7ee5\u7ebf", "name:en": null, "railway": "rail", "ele": null, "operator:type": null, "layer": "1", "addr:full": null, "addr:city": null, "source": "bing;GPS", "name:zh": null, "osm_id": 1107392511, "osm_type": "ways_line"}, "geometry": {"type": "LineString", "coordinates": [[128.544705, 44.9228341], [128.5440737, 44.9229818], [128.5436418, 44.923099], [128.5432467, 44.923223], [128.5428851, 44.9233564], [128.5424496, 44.9235366], [128.5421009, 44.9236906], [128.5403352, 44.924581], [128.5399301, 44.9247609], [128.5394901, 44.9249276], [128.5390554, 44.9250595], [128.538627, 44.9251692], [128.5381771, 44.9252686], [128.5377567, 44.9253376], [128.5372416, 44.9253998], [128.5341022, 44.9257117], [128.5337312, 44.9257569], [128.5333493, 44.9258066], [128.5329863, 44.9258678], [128.5327663, 44.9259115], [128.5325543, 44.9259609]]}}, {"type": "Feature", "properties": {"name": "\u6ee8\u7ee5\u7ebf", "name:en": null, "railway": "rail", "ele": null, "operator:type": null, "layer": "1", "addr:full": null, "addr:city": null, "source": "bing;GPS", "name:zh": null, "osm_id": 1107392512, "osm_type": "ways_line"}, "geometry": {"type": "LineString", "coordinates": [[128.5325543, 44.9259609], [128.532295, 44.9260287]]}}, {"type": "Feature", "properties": {"name": "\u6ee8\u7ee5\u7ebf", "name:en": null, "railway": "rail", "ele": null, "operator:type": null, "layer": null, "addr:full": null, "addr:city": null, "source": "GPS", "name:zh": null, "osm_id": 1107392513, "osm_type": "ways_line"}, "geometry": {"type": "LineString", "coordinates": [[128.5325858, 44.9260283], [128.532977, 44.9259385], [128.5333609, 44.9258664], [128.5337348, 44.9258111], [128.5341327, 44.9257621], [128.5372619, 44.9254418], [128.5377775, 44.9253787], [128.5381826, 44.9253179], [128.5386495, 44.9252172], [128.5390783, 44.9251068], [128.5395205, 44.9249723], [128.5399686, 44.9248038], [128.5403858, 44.9246169], [128.5421267, 44.9237333], [128.5424747, 44.9235731], [128.5429045, 44.9233993], [128.5432732, 44.9232636], [128.5436659, 44.923145], [128.5440814, 44.9230239], [128.5447214, 44.9228751]]}}, {"type": "Feature", "properties": {"name": "\u6ee8\u7ee5\u7ebf", "name:en": null, "railway": "rail", "ele": null, "operator:type": null, "layer": "1", "addr:full": null, "addr:city": null, "source": "GPS", "name:zh": null, "osm_id": 1107392514, "osm_type": "ways_line"}, "geometry": {"type": "LineString", "coordinates": [[128.5323451, 44.9260956], [128.5325858, 44.9260283]]}}, {"type": "Feature", "properties": {"name": "\u6ee8\u7ee5\u7ebf", "name:en": null, "railway": "rail", "ele": null, "operator:type": null, "layer": null, "addr:full": null, "addr:city": null, "source": "GPS", "name:zh": null, "osm_id": 1107739566, "osm_type": "ways_line"}, "geometry": {"type": "LineString", "coordinates": [[128.8488189, 44.945838], [128.8483611, 44.9457178], [128.847894, 44.9456042], [128.8476143, 44.9455418], [128.8473316, 44.9454925], [128.8470552, 44.9454508], [128.8467789, 44.94542], [128.8464592, 44.9453935], [128.8461365, 44.9453735], [128.8458398, 44.9453651], [128.845537, 44.9453611], [128.8448914, 44.9453843], [128.8442458, 44.9454321], [128.8310157, 44.9465008], [128.830414, 44.9465644], [128.8299187, 44.9466386], [128.8293975, 44.9467498], [128.8288535, 44.9468814], [128.8201225, 44.9489922], [128.8196972, 44.9490885], [128.8192913, 44.9491704], [128.8184731, 44.9493189], [128.817634, 44.9494575], [128.80398, 44.9514048]]}}, {"type": "Feature", "properties": {"name": "\u6ee8\u7ee5\u7ebf", "name:en": null, "railway": "rail", "ele": null, "operator:type": null, "layer": "1", "addr:full": null, "addr:city": null, "source": "GPS", "name:zh": null, "osm_id": 1107739567, "osm_type": "ways_line"}, "geometry": {"type": "LineString", "coordinates": [[128.8492126, 44.9459516], [128.8488189, 44.945838]]}}, {"type": "Feature", "properties": {"name": "\u6ee8\u7ee5\u7ebf", "name:en": null, "railway": "rail", "ele": null, "operator:type": null, "layer": null, "addr:full": null, "addr:city": null, "source": "GPS", "name:zh": null, "osm_id": 1107739568, "osm_type": "ways_line"}, "geometry": {"type": "LineString", "coordinates": [[128.7059874, 44.9128626], [128.7131925, 44.912252], [128.7142097, 44.9121394], [128.7154561, 44.9119752], [128.7200429, 44.9112136], [128.7210976, 44.911062], [128.7216305, 44.9110135], [128.7221665, 44.9109852], [128.7229727, 44.9109601], [128.7405091, 44.9107197], [128.7410361, 44.9107351], [128.7415868, 44.9107712], [128.7421619, 44.9108495], [128.742728, 44.9109535], [128.7432971, 44.9111011], [128.7436861, 44.9112152], [128.7440606, 44.9113498], [128.7444132, 44.9114933], [128.7449013, 44.9117178], [128.7453895, 44.9119875], [128.7457992, 44.912254], [128.7461632, 44.912533], [128.7465345, 44.9128489], [128.7467517, 44.9130652]]}}, {"type": "Feature", "properties": {"name": "\u6ee8\u7ee5\u7ebf", "name:en": null, "railway": "rail", "ele": null, "operator:type": null, "layer": null, "addr:full": null, "addr:city": null, "source": "GPS", "name:zh": null, "osm_id": 1107739581, "osm_type": "ways_line"}, "geometry": {"type": "LineString", "coordinates": [[128.8871461, 44.9334582], [128.884805, 44.9349687], [128.8836646, 44.9357045], [128.8831664, 44.9360147], [128.8826858, 44.9362627], [128.8822377, 44.9364535], [128.8816931, 44.9366328], [128.881226, 44.9367542], [128.8807958, 44.9368442], [128.8799877, 44.9369846], [128.8794559, 44.9370952], [128.8788631, 44.9372527], [128.8784284, 44.9374123], [128.8779777, 44.9376111], [128.8775644, 44.9378325], [128.8772316, 44.9380502], [128.8769266, 44.9382762], [128.8766859, 44.9384947], [128.8763492, 44.9388132], [128.8758822, 44.9393224], [128.873975, 44.94133], [128.8736521, 44.9416513], [128.8733025, 44.9419618], [128.8727948, 44.9423294], [128.8723132, 44.9426038], [128.8719817, 44.9427647], [128.8716096, 44.9429206], [128.871244, 44.9430573], [128.8708942, 44.9431727], [128.8703426, 44.9433057], [128.8635928, 44.9447765], [128.8629226, 44.9449248], [128.8623815, 44.9450604], [128.8565809, 44.9466294], [128.8558238, 44.9468121], [128.8552282, 44.9469159], [128.8547425, 44.9469742], [128.8543334, 44.9470007], [128.8540014, 44.9470035], [128.853538, 44.9469911], [128.853159, 44.9469514], [128.8526137, 44.946868], [128.8520178, 44.9467288], [128.8515866, 44.9466195], [128.8492126, 44.9459516]]}}, {"type": "Feature", "properties": {"name": "\u6ee8\u7ee5\u7ebf", "name:en": null, "railway": "rail", "ele": null, "operator:type": null, "layer": "1", "addr:full": null, "addr:city": null, "source": "GPS", "name:zh": null, "osm_id": 1107739582, "osm_type": "ways_line"}, "geometry": {"type": "LineString", "coordinates": [[128.9124304, 44.9219786], [128.9122342, 44.9220997]]}}, {"type": "Feature", "properties": {"name": "\u6ee8\u7ee5\u7ebf", "name:en": null, "railway": "rail", "ele": null, "operator:type": null, "layer": null, "addr:full": null, "addr:city": null, "source": "GPS", "name:zh": null, "osm_id": 1107739583, "osm_type": "ways_line"}, "geometry": {"type": "LineString", "coordinates": [[128.8491768, 44.946031], [128.8515137, 44.9466945], [128.8519708, 44.9468123], [128.8525835, 44.946949], [128.8531451, 44.9470355], [128.8535297, 44.9470669], [128.8539862, 44.9470763], [128.8542577, 44.9470705], [128.8547632, 44.9470324], [128.8552456, 44.9469758], [128.8557978, 44.9468736], [128.8565996, 44.9466716], [128.8624154, 44.945096], [128.862955, 44.9449603], [128.8636186, 44.9448091], [128.8703644, 44.9433392], [128.8709026, 44.943213], [128.8712709, 44.9431044], [128.8716319, 44.9429735], [128.872025, 44.9428213], [128.8723737, 44.9426559], [128.8728621, 44.9423689], [128.8733562, 44.9420003], [128.8737223, 44.9416502], [128.8740234, 44.9413477], [128.8759499, 44.9393251], [128.876391, 44.9388472], [128.8767341, 44.9385209], [128.8769724, 44.9383159], [128.8772723, 44.9380882], [128.877612, 44.9378701], [128.8780106, 44.9376539], [128.8784521, 44.9374527], [128.8789032, 44.9372881], [128.879465, 44.9371368], [128.8799951, 44.9370281], [128.8808012, 44.9368824], [128.8812357, 44.9367985], [128.8817366, 44.9366682], [128.8822559, 44.9364984], [128.8827056, 44.9363134], [128.8832223, 44.9360458], [128.8837133, 44.9357397], [128.8853726, 44.9346665], [128.8858918, 44.9343307]]}}, {"type": "Feature", "properties": {"name": "\u6ee8\u7ee5\u7ebf", "name:en": null, "railway": "rail", "ele": null, "operator:type": null, "layer": null, "addr:full": null, "addr:city": null, "source": "GPS", "name:zh": null, "osm_id": 1107739585, "osm_type": "ways_line"}, "geometry": {"type": "LineString", "coordinates": [[128.919911, 44.915541], [128.9198085, 44.9156041], [128.9195124, 44.9157658], [128.9192713, 44.9158843], [128.9190122, 44.9160014], [128.9187349, 44.9161241], [128.9184641, 44.9162296], [128.9182025, 44.9163198], [128.9172248, 44.9166179], [128.9167008, 44.9168113], [128.9163957, 44.9169524], [128.9158667, 44.9172662], [128.9154439, 44.9175772], [128.915118, 44.917882], [128.9148796, 44.9181708], [128.9146751, 44.9184727], [128.9143785, 44.9190344], [128.9138097, 44.9204176], [128.9136685, 44.9206965], [128.9135133, 44.9209457], [128.9133449, 44.9211546], [128.9131249, 44.9214035], [128.9130176, 44.9215124], [128.9129009, 44.9216213], [128.9127766, 44.9217257], [128.912644, 44.9218284], [128.9125372, 44.9219068], [128.9124304, 44.9219786]]}}, {"type": "Feature", "properties": {"name": "\u6ee8\u7ee5\u7ebf", "name:en": null, "railway": "rail", "ele": null, "operator:type": null, "layer": null, "addr:full": null, "addr:city": null, "source": null, "name:zh": null, "osm_id": 1109541060, "osm_type": "ways_line"}, "geometry": {"type": "LineString", "coordinates": [[130.0173357, 44.6040793], [130.0165461, 44.6042463]]}}, {"type": "Feature", "properties": {"name": "\u6ee8\u7ee5\u7ebf\uff08\u4e1c\u6c9f\u7279\u5927\u6865\uff09", "name:en": null, "railway": "rail", "ele": null, "operator:type": null, "layer": "1", "addr:full": null, "addr:city": null, "source": null, "name:zh": null, "osm_id": 1109541078, "osm_type": "ways_line"}, "geometry": {"type": "LineString", "coordinates": [[130.5874939, 44.5442049], [130.5971005, 44.5419961]]}}, {"type": "Feature", "properties": {"name": "\u6ee8\u7ee5\u7ebf", "name:en": null, "railway": "rail", "ele": null, "operator:type": null, "layer": null, "addr:full": null, "addr:city": null, "source": null, "name:zh": null, "osm_id": 1109541088, "osm_type": "ways_line"}, "geometry": {"type": "LineString", "coordinates": [[130.5974402, 44.5418723], [130.597081, 44.54196]]}}, {"type": "Feature", "properties": {"name": "\u6ee8\u7ee5\u7ebf", "name:en": null, "railway": "rail", "ele": null, "operator:type": null, "layer": null, "addr:full": null, "addr:city": null, "source": null, "name:zh": null, "osm_id": 1109541089, "osm_type": "ways_line"}, "geometry": {"type": "LineString", "coordinates": [[130.5971005, 44.5419961], [130.597457, 44.541909]]}}, {"type": "Feature", "properties": {"name": "\u6ee8\u7ee5\u7ebf", "name:en": null, "railway": "rail", "ele": null, "operator:type": null, "layer": null, "addr:full": null, "addr:city": null, "source": null, "name:zh": null, "osm_id": 1109541090, "osm_type": "ways_line"}, "geometry": {"type": "LineString", "coordinates": [[130.6837873, 44.5214411], [130.6846767, 44.5211023], [130.6855755, 44.5207401], [130.6862714, 44.5204383], [130.6869627, 44.5201165]]}}, {"type": "Feature", "properties": {"name": "\u6ee8\u7ee5\u7ebf", "name:en": null, "railway": "rail", "ele": null, "operator:type": null, "layer": "1", "addr:full": null, "addr:city": null, "source": null, "name:zh": null, "osm_id": 1109541091, "osm_type": "ways_line"}, "geometry": {"type": "LineString", "coordinates": [[130.6869627, 44.5201165], [130.6877611, 44.5197348]]}}, {"type": "Feature", "properties": {"name": "\u6ee8\u7ee5\u7ebf", "name:en": null, "railway": "rail", "ele": null, "operator:type": null, "layer": null, "addr:full": null, "addr:city": null, "source": null, "name:zh": null, "osm_id": 1109541092, "osm_type": "ways_line"}, "geometry": {"type": "LineString", "coordinates": [[130.6869335, 44.5200837], [130.6862358, 44.5204035], [130.6855382, 44.5207034], [130.6846546, 44.5210643], [130.6837664, 44.5214053]]}}, {"type": "Feature", "properties": {"name": "\u6ee8\u7ee5\u7ebf", "name:en": null, "railway": "rail", "ele": null, "operator:type": null, "layer": "1", "addr:full": null, "addr:city": null, "source": null, "name:zh": null, "osm_id": 1109541093, "osm_type": "ways_line"}, "geometry": {"type": "LineString", "coordinates": [[130.6877245, 44.5197029], [130.6869335, 44.5200837]]}}, {"type": "Feature", "properties": {"name": "\u6ee8\u7ee5\u7ebf", "name:en": null, "railway": "rail", "ele": null, "operator:type": null, "layer": null, "addr:full": null, "addr:city": null, "source": null, "name:zh": null, "osm_id": 1109541094, "osm_type": "ways_line"}, "geometry": {"type": "LineString", "coordinates": [[130.6877611, 44.5197348], [130.6885665, 44.5193564], [130.6894931, 44.5189066], [130.6904056, 44.5184252], [130.6912901, 44.5179056], [130.6921513, 44.5173593]]}}, {"type": "Feature", "properties": {"name": "\u6ee8\u7ee5\u7ebf", "name:en": null, "railway": "rail", "ele": null, "operator:type": null, "layer": null, "addr:full": null, "addr:city": null, "source": null, "name:zh": null, "osm_id": 1109541095, "osm_type": "ways_line"}, "geometry": {"type": "LineString", "coordinates": [[130.6921075, 44.5173323], [130.6912475, 44.5178768], [130.6903594, 44.5183913], [130.6894597, 44.5188692], [130.6885226, 44.5193255], [130.6877245, 44.5197029]]}}, {"type": "Feature", "properties": {"name": "\u6ee8\u7ee5\u7ebf", "name:en": null, "railway": "rail", "ele": null, "operator:type": null, "layer": null, "addr:full": null, "addr:city": null, "source": null, "name:zh": null, "osm_id": 1110006708, "osm_type": "ways_line"}, "geometry": {"type": "LineString", "coordinates": [[130.8668921, 44.426875], [130.8658393, 44.4270917], [130.8643817, 44.4274363], [130.8623945, 44.4280434]]}}, {"type": "Feature", "properties": {"name": "\u6ee8\u7ee5\u7ebf", "name:en": null, "railway": "rail", "ele": null, "operator:type": null, "layer": "1", "addr:full": null, "addr:city": null, "source": null, "name:zh": null, "osm_id": 1110006731, "osm_type": "ways_line"}, "geometry": {"type": "LineString", "coordinates": [[130.9939355, 44.3846895], [130.9945265, 44.3845229]]}}, {"type": "Feature", "properties": {"name": "\u6ee8\u7ee5\u7ebf", "name:en": null, "railway": "rail", "ele": null, "operator:type": null, "layer": null, "addr:full": null, "addr:city": null, "source": null, "name:zh": null, "osm_id": 1110006733, "osm_type": "ways_line"}, "geometry": {"type": "LineString", "coordinates": [[130.7827938, 44.4758217], [130.7818959, 44.4764753]]}}, {"type": "Feature", "properties": {"name": "\u6ee8\u7ee5\u7ebf", "name:en": null, "railway": "rail", "ele": null, "operator:type": null, "layer": null, "addr:full": null, "addr:city": null, "source": null, "name:zh": null, "osm_id": 1110006734, "osm_type": "ways_line"}, "geometry": {"type": "LineString", "coordinates": [[130.7819356, 44.4765037], [130.7828325, 44.4758487]]}}, {"type": "Feature", "properties": {"name": "\u6ee8\u7ee5\u7ebf", "name:en": null, "railway": "rail", "ele": null, "operator:type": null, "layer": null, "addr:full": null, "addr:city": null, "source": null, "name:zh": null, "osm_id": 1108150230, "osm_type": "ways_line"}, "geometry": {"type": "LineString", "coordinates": [[129.0866567, 44.577528], [129.0861928, 44.5776391], [129.0858069, 44.5777481], [129.0853255, 44.5778987], [129.0847115, 44.5781134], [129.0746116, 44.5817173], [129.0739753, 44.5819314], [129.0736781, 44.5820257], [129.0733649, 44.5821136], [129.0729439, 44.5822064], [129.0725733, 44.582283], [129.070672, 44.5826425], [129.0702512, 44.5827233], [129.069782, 44.5828313], [129.0694059, 44.5829374], [129.0691158, 44.5830318], [129.0688402, 44.5831379], [129.0686487, 44.5832257], [129.0683177, 44.5833951], [129.0680399, 44.5835486], [129.0677958, 44.5837139], [129.067551, 44.5839004], [129.0672973, 44.5841386], [129.067071, 44.5843862], [129.066903, 44.5845928], [129.066765, 44.5848095], [129.066663, 44.5849915], [129.0665735, 44.5851823], [129.0664979, 44.5853728], [129.0664419, 44.5855594], [129.0663961, 44.5857477], [129.0663658, 44.5859838], [129.0663498, 44.5862384], [129.0663602, 44.5864772], [129.0663829, 44.5867181], [129.0664291, 44.5869729], [129.0664808, 44.587206], [129.0672389, 44.5906082], [129.0673372, 44.5910132], [129.067382, 44.5912039], [129.0674245, 44.5913947], [129.0674855, 44.5916284], [129.0675562, 44.5918548], [129.0676809, 44.5921856], [129.067791, 44.5923792], [129.0679547, 44.5926629], [129.0681015, 44.5928943], [129.0682519, 44.593097], [129.0683913, 44.593275], [129.0685209, 44.5934211], [129.0686396, 44.5935449], [129.0687808, 44.5936841], [129.0689435, 44.59383], [129.0691402, 44.5939875], [129.06932, 44.5941257], [129.0695132, 44.5942639], [129.0697803, 44.5944402], [129.0700394, 44.5945924], [129.0703179, 44.5947456], [129.0706198, 44.5948938], [129.0742902, 44.5965948], [129.0745719, 44.5967314], [129.0748955, 44.5968934], [129.0751747, 44.5970409], [129.0754704, 44.5972248], [129.0757263, 44.5974006], [129.075988, 44.5975822], [129.0762727, 44.5978017], [129.0764508, 44.5979406], [129.0766037, 44.5980784], [129.0768492, 44.5983316], [129.0771094, 44.5986433], [129.0772764, 44.5988544], [129.0774406, 44.5990784], [129.0775788, 44.5992912], [129.0776653, 44.599441], [129.0777421, 44.5995868], [129.0778072, 44.5997247], [129.07787, 44.5998789], [129.0779304, 44.600036], [129.0779908, 44.6002148], [129.0780426, 44.6003849], [129.0780832, 44.6005377], [129.078117, 44.6006868], [129.0781518, 44.6008352], [129.078186, 44.6010634], [129.078204, 44.6012895], [129.0782166, 44.6014823], [129.0782329, 44.6016564], [129.0782303, 44.6018266], [129.0782188, 44.6020643], [129.0781885, 44.6023054], [129.078168, 44.6025096], [129.078137, 44.6027271], [129.078057, 44.6031864], [129.0779533, 44.603628], [129.0778063, 44.6041304], [129.0776346, 44.604603], [129.0774647, 44.6050205], [129.0772556, 44.6054479], [129.0770748, 44.6058131], [129.0768608, 44.6061674], [129.0766467, 44.6064953], [129.0763663, 44.6068759], [129.0761523, 44.6071172], [129.0759782, 44.6073], [129.075741, 44.6075349], [129.0754214, 44.6078316]]}}, {"type": "Feature", "properties": {"name": "\u6ee8\u7ee5\u7ebf", "name:en": null, "railway": "rail", "ele": null, "operator:type": null, "layer": "1", "addr:full": null, "addr:city": null, "source": null, "name:zh": null, "osm_id": 1108150231, "osm_type": "ways_line"}, "geometry": {"type": "LineString", "coordinates": [[129.1356011, 44.5648979], [129.1354262, 44.5649466]]}}, {"type": "Feature", "properties": {"name": "\u6ee8\u7ee5\u7ebf", "name:en": null, "railway": "rail", "ele": null, "operator:type": null, "layer": null, "addr:full": null, "addr:city": null, "source": null, "name:zh": null, "osm_id": 1108150240, "osm_type": "ways_line"}, "geometry": {"type": "LineString", "coordinates": [[129.2489249, 44.5216182], [129.2487216, 44.5217625], [129.2483742, 44.5220599], [129.2480821, 44.522366], [129.2478409, 44.5226607], [129.2476678, 44.5229102], [129.2474286, 44.5233897], [129.2472628, 44.5238294], [129.2470854, 44.5246495], [129.2467081, 44.5266664], [129.2465791, 44.5272525], [129.2463364, 44.5281056], [129.2461623, 44.5286204], [129.2450204, 44.5317198], [129.2449256, 44.5319427], [129.2448073, 44.5321862], [129.2446924, 44.5323952], [129.2445612, 44.5325932], [129.2444039, 44.5328106], [129.2435227, 44.5339024], [129.2433181, 44.5341421], [129.2431435, 44.5343336], [129.2429566, 44.5345214], [129.242745, 44.5346949], [129.2423866, 44.5349919], [129.242097, 44.5351951], [129.2404264, 44.5363672], [129.2399381, 44.5367536], [129.2395043, 44.5371463], [129.2393435, 44.5373171], [129.239197, 44.5374952], [129.2389669, 44.5377868], [129.2387336, 44.5381319], [129.2385309, 44.5384489], [129.2383873, 44.538723], [129.2382723, 44.5389834], [129.2381714, 44.5392303], [129.2378425, 44.5401658], [129.2377267, 44.540473], [129.2376194, 44.5407287], [129.2375446, 44.5408918], [129.2374324, 44.5410988], [129.2373334, 44.5412759], [129.2372094, 44.5414628], [129.2370633, 44.5416644], [129.2368972, 44.5418668], [129.2367199, 44.5420609], [129.236563, 44.5422258], [129.236339, 44.542436], [129.2353141, 44.5433529], [129.235117, 44.5435494], [129.2349623, 44.5437015], [129.2348431, 44.543839], [129.2346682, 44.5440478], [129.2339846, 44.5449017], [129.2338449, 44.5450658], [129.2336689, 44.5452648], [129.2335328, 44.5454001], [129.2333603, 44.5455669], [129.2330944, 44.545783], [129.2329964, 44.5458648]]}}, {"type": "Feature", "properties": {"name": "\u6ee8\u7ee5\u7ebf", "name:en": null, "railway": "rail", "ele": null, "operator:type": null, "layer": null, "addr:full": null, "addr:city": null, "source": null, "name:zh": null, "osm_id": 1108150242, "osm_type": "ways_line"}, "geometry": {"type": "LineString", "coordinates": [[129.2330425, 44.5458936], [129.2331368, 44.545817], [129.2333963, 44.5455983], [129.233581, 44.5454309], [129.2337228, 44.5452862], [129.2339089, 44.5450803], [129.2340427, 44.544921], [129.2347269, 44.5440724], [129.2348949, 44.5438664], [129.2350143, 44.5437236], [129.2351641, 44.5435742], [129.2353732, 44.5433726], [129.2363881, 44.5424673], [129.2366205, 44.5422493], [129.2367826, 44.5420837], [129.2369639, 44.5418893], [129.237123, 44.5416967], [129.2372755, 44.5414978], [129.2374057, 44.5412956], [129.237506, 44.5411153], [129.2376249, 44.5408818], [129.2376933, 44.54073], [129.2377967, 44.5404799], [129.2379493, 44.5400789], [129.2382312, 44.5392367], [129.2383278, 44.5389925], [129.2384454, 44.5387393], [129.2385918, 44.5384604], [129.238789, 44.5381507], [129.2390242, 44.5378124], [129.2392513, 44.5375146], [129.2393916, 44.5373402], [129.2395563, 44.5371688], [129.2397117, 44.5370395], [129.2400753, 44.5367145], [129.2404881, 44.536385], [129.2412892, 44.5358184], [129.2424415, 44.535019], [129.2427943, 44.5347324], [129.2430038, 44.5345556], [129.2432025, 44.5343667], [129.2433843, 44.5341635], [129.2435907, 44.5339154], [129.2444528, 44.5328186], [129.2446045, 44.5326294], [129.2447523, 44.5324054], [129.2448633, 44.5321978], [129.2449865, 44.5319332], [129.2450708, 44.5317275], [129.2462124, 44.5286254], [129.2463976, 44.5280785], [129.2464839, 44.5278061], [129.2466415, 44.5272655], [129.2467765, 44.5266571], [129.2471432, 44.5246518], [129.2472541, 44.5241246], [129.2472849, 44.5239709], [129.2473404, 44.5237951], [129.247439, 44.5235403], [129.2475684, 44.5232416], [129.2477286, 44.5229208], [129.2479381, 44.5226309], [129.2481415, 44.5223805], [129.2483695, 44.5221388], [129.2485851, 44.5219367], [129.2487969, 44.5217696], [129.248961, 44.5216511]]}}, {"type": "Feature", "properties": {"name": "\u6ee8\u7ee5\u7ebf", "name:en": null, "railway": "rail", "ele": null, "operator:type": null, "layer": "1", "addr:full": null, "addr:city": null, "source": null, "name:zh": null, "osm_id": 1108926951, "osm_type": "ways_line"}, "geometry": {"type": "LineString", "coordinates": [[129.3000402, 44.5723396], [129.3003807, 44.572391]]}}, {"type": "Feature", "properties": {"name": "\u6ee8\u7ee5\u7ebf", "name:en": null, "railway": "rail", "ele": null, "operator:type": null, "layer": "1", "addr:full": null, "addr:city": null, "source": "bing", "name:zh": null, "osm_id": 1108926970, "osm_type": "ways_line"}, "geometry": {"type": "LineString", "coordinates": [[129.4741434, 44.5652545], [129.4746796, 44.5651775]]}}, {"type": "Feature", "properties": {"name": "\u6ee8\u7ee5\u7ebf", "name:en": null, "railway": "rail", "ele": null, "operator:type": null, "layer": null, "addr:full": null, "addr:city": null, "source": "yahoo imagery", "name:zh": null, "osm_id": 1147002854, "osm_type": "ways_line"}, "geometry": {"type": "LineString", "coordinates": [[126.9931676, 45.5478377], [126.9925022, 45.5481678], [126.9918994, 45.5484812], [126.991417, 45.548757], [126.9908136, 45.5491158], [126.9854664, 45.5524636], [126.9849309, 45.5528009], [126.9845968, 45.5530395], [126.9843849, 45.5531968], [126.984173, 45.5533641], [126.9838414, 45.5536665], [126.9834581, 45.554069], [126.9820029, 45.5556405]]}}, {"type": "Feature", "properties": {"name": "\u6ee8\u7ee5\u7ebf", "name:en": null, "railway": "rail", "ele": null, "operator:type": null, "layer": null, "addr:full": null, "addr:city": null, "source": "yahoo imagery", "name:zh": null, "osm_id": 1147002859, "osm_type": "ways_line"}, "geometry": {"type": "LineString", "coordinates": [[126.9932096, 45.5478763], [126.9936622, 45.5476516], [126.9943339, 45.5473183], [126.9964564, 45.5462671]]}}, {"type": "Feature", "properties": {"name": "\u6ee8\u7ee5\u7ebf", "name:en": null, "railway": "rail", "ele": null, "operator:type": null, "layer": null, "addr:full": null, "addr:city": null, "source": "yahoo imagery", "name:zh": null, "osm_id": 1147002860, "osm_type": "ways_line"}, "geometry": {"type": "LineString", "coordinates": [[126.9964181, 45.5462253], [126.994296, 45.5472778], [126.9936247, 45.5476105], [126.9931676, 45.5478377]]}}, {"type": "Feature", "properties": {"name": "\u6ee8\u7ee5\u7ebf", "name:en": null, "railway": "rail", "ele": null, "operator:type": null, "layer": null, "addr:full": null, "addr:city": null, "source": null, "name:zh": null, "osm_id": 1147002863, "osm_type": "ways_line"}, "geometry": {"type": "LineString", "coordinates": [[127.0663088, 45.4821179], [127.0654461, 45.4825081], [127.0648955, 45.4827572], [127.0643991, 45.4829818], [127.0435971, 45.4923907], [127.0429898, 45.4926839], [127.0425247, 45.4929465], [127.0421818, 45.49319], [127.0418688, 45.4934304], [127.0416385, 45.4936221], [127.0413786, 45.4938638], [127.0410877, 45.4941772], [127.0407922, 45.494541], [127.0405425, 45.4949085], [127.0403148, 45.4953217], [127.0400808, 45.4958125], [127.0362196, 45.5044812], [127.03596, 45.5050668], [127.0357603, 45.5055815], [127.0355779, 45.5061196], [127.0341296, 45.5116997], [127.0340308, 45.5120254], [127.0339666, 45.5121976], [127.0339023, 45.5123591], [127.033784, 45.5126194], [127.0336491, 45.5128836], [127.0334726, 45.5131662], [127.0332926, 45.513434], [127.0329582, 45.5138325], [127.0225981, 45.5262247], [127.0116545, 45.539294], [127.0114393, 45.5395293], [127.0112282, 45.5397504], [127.0109676, 45.5399748], [127.0107231, 45.5401796], [127.0104678, 45.5403768], [127.0101584, 45.5405976], [127.0098302, 45.540809], [127.0093697, 45.5410716], [127.0087908, 45.5413702], [127.0084533, 45.5415282], [127.0080591, 45.5417031], [127.0050314, 45.5429041], [127.0046553, 45.543049], [127.0041741, 45.5432304], [127.0036887, 45.5433971], [127.003253, 45.5435449], [127.002641, 45.5437409], [127.000528, 45.5443713], [127.0001242, 45.5445046], [126.9996795, 45.5446597]]}}, {"type": "Feature", "properties": {"name": "\u6ee8\u7ee5\u7ebf", "name:en": null, "railway": "rail", "ele": null, "operator:type": null, "layer": null, "addr:full": null, "addr:city": null, "source": null, "name:zh": null, "osm_id": 1147002864, "osm_type": "ways_line"}, "geometry": {"type": "LineString", "coordinates": [[126.9997005, 45.5447007], [127.0001475, 45.5445423], [127.0005363, 45.5444131], [127.0026573, 45.543779], [127.0032807, 45.5435804], [127.0037336, 45.5434264], [127.0042234, 45.5432559], [127.005027, 45.542952], [127.0080864, 45.541732], [127.0084958, 45.5415543], [127.0089842, 45.5413212], [127.0094129, 45.5411032], [127.0098631, 45.5408456], [127.0101962, 45.5406282], [127.0105132, 45.5404033], [127.0107704, 45.5402041], [127.0110183, 45.5399974], [127.0112773, 45.5397722], [127.0115008, 45.5395459], [127.0116964, 45.5393381], [127.032993, 45.513863], [127.0333364, 45.51345], [127.033529, 45.5131789], [127.0336973, 45.5129039], [127.033833, 45.5126421], [127.0339554, 45.512368], [127.0340208, 45.5122059], [127.0340862, 45.5120361], [127.0341846, 45.5117066], [127.0356432, 45.5061217], [127.0358199, 45.5055873], [127.0360121, 45.5050763], [127.0362561, 45.5044983], [127.0401346, 45.495821], [127.0403608, 45.4953407], [127.0405908, 45.4949176], [127.0408312, 45.4945737], [127.0411358, 45.4941851], [127.0412951, 45.494022], [127.0414492, 45.4938567], [127.0416862, 45.4936394], [127.0419171, 45.4934498], [127.0422227, 45.4932205], [127.0425583, 45.492987], [127.0430235, 45.492719], [127.0436195, 45.4924242], [127.0639035, 45.4832603], [127.0660419, 45.4822934], [127.0666775, 45.4820062]]}}, {"type": "Feature", "properties": {"name": "\u6ee8\u7ee5\u7ebf", "name:en": null, "railway": "rail", "ele": null, "operator:type": null, "layer": null, "addr:full": null, "addr:city": null, "source": null, "name:zh": null, "osm_id": 1147002874, "osm_type": "ways_line"}, "geometry": {"type": "LineString", "coordinates": [[127.1498521, 45.4185233], [127.1506179, 45.4179727], [127.151248, 45.4175676], [127.1519708, 45.4171057], [127.1561571, 45.4144875], [127.1592011, 45.4125822], [127.1599344, 45.4121097], [127.1606838, 45.4116147], [127.1616851, 45.4109352], [127.1626801, 45.4103203]]}}, {"type": "Feature", "properties": {"name": "\u6ee8\u7ee5\u7ebf", "name:en": null, "railway": "rail", "ele": null, "operator:type": null, "layer": null, "addr:full": null, "addr:city": null, "source": null, "name:zh": null, "osm_id": 1147002875, "osm_type": "ways_line"}, "geometry": {"type": "LineString", "coordinates": [[127.1626402, 45.4102827], [127.1588906, 45.4126583], [127.1560735, 45.4144205], [127.1517092, 45.4171504], [127.1512529, 45.4174545], [127.1503281, 45.4181181]]}}, {"type": "Feature", "properties": {"name": "\u6ee8\u7ee5\u7ebf", "name:en": null, "railway": "rail", "ele": null, "operator:type": null, "layer": null, "addr:full": null, "addr:city": null, "source": null, "name:zh": null, "osm_id": 1147002876, "osm_type": "ways_line"}, "geometry": {"type": "LineString", "coordinates": [[127.1702597, 45.4041074], [127.1701607, 45.404317], [127.1700479, 45.4045224], [127.1699113, 45.4047574], [127.1697229, 45.4050519], [127.1695712, 45.4052906], [127.1693868, 45.4055195], [127.1691896, 45.4057579], [127.1689765, 45.4059893], [127.168554, 45.4063918], [127.1680578, 45.4067878], [127.1676502, 45.4070916], [127.167293, 45.407333], [127.1669653, 45.4075519], [127.16631, 45.4079575], [127.1640935, 45.4093619], [127.1636435, 45.409647], [127.1631738, 45.4099446], [127.1626402, 45.4102827]]}}, {"type": "Feature", "properties": {"name": "\u6ee8\u7ee5\u7ebf", "name:en": null, "railway": "rail", "ele": null, "operator:type": null, "layer": null, "addr:full": null, "addr:city": null, "source": null, "name:zh": null, "osm_id": 1147002877, "osm_type": "ways_line"}, "geometry": {"type": "LineString", "coordinates": [[127.1626801, 45.4103203], [127.1632192, 45.4099809], [127.1636867, 45.4096903], [127.1663761, 45.4080069], [127.1670253, 45.4075967], [127.1673285, 45.4073907], [127.1676827, 45.4071376], [127.1681066, 45.4068197], [127.1685923, 45.4064284], [127.169011, 45.4060216], [127.1692412, 45.4057791], [127.1694566, 45.4055262], [127.1696264, 45.4052994], [127.1697798, 45.4050676], [127.1699768, 45.4047847], [127.1701215, 45.4045426], [127.1702367, 45.4043332], [127.1703376, 45.4041216]]}}, {"type": "Feature", "properties": {"name": "\u6ee8\u7ee5\u7ebf", "name:en": null, "railway": "rail", "ele": null, "operator:type": null, "layer": null, "addr:full": null, "addr:city": null, "source": null, "name:zh": null, "osm_id": 1147002887, "osm_type": "ways_line"}, "geometry": {"type": "LineString", "coordinates": [[127.3324143, 45.3277245], [127.3326443, 45.3276044], [127.3331562, 45.3272977], [127.335438, 45.3256817], [127.3359067, 45.325383], [127.3363278, 45.3251591], [127.3367077, 45.3249904], [127.3372128, 45.3247884], [127.3376659, 45.3246342], [127.3379549, 45.3245543], [127.3382492, 45.324483], [127.3388238, 45.324353], [127.3394535, 45.3242316], [127.3425428, 45.3237466], [127.3432966, 45.3236493], [127.3439684, 45.3235904], [127.3446693, 45.3235546], [127.3454957, 45.3235542], [127.3463963, 45.3235781], [127.3500397, 45.3237352], [127.3505998, 45.3237519], [127.3511564, 45.3237536], [127.3514793, 45.3237324], [127.3518023, 45.3237013], [127.3550359, 45.3232716], [127.3558157, 45.3231986], [127.3565505, 45.3231613], [127.3572263, 45.323183], [127.3579582, 45.3232397], [127.3623234, 45.3238371], [127.3631545, 45.3239238], [127.3638913, 45.3239809], [127.3645083, 45.3240053], [127.3692022, 45.3241053], [127.3702991, 45.32417], [127.3711459, 45.3242654], [127.3719874, 45.3244323], [127.372783, 45.3246631], [127.373336, 45.3248873], [127.3739537, 45.3251699], [127.3746732, 45.3255631], [127.3752094, 45.3259548], [127.3756909, 45.326368], [127.3761768, 45.32687], [127.3764906, 45.3272718], [127.3767761, 45.3277043], [127.3771424, 45.3284417], [127.3773424, 45.3289966], [127.3779571, 45.331132], [127.3781181, 45.3316174], [127.3783318, 45.3320895], [127.378603, 45.332526], [127.378889, 45.3328819], [127.3792191, 45.333241], [127.3796012, 45.3335892], [127.3799396, 45.3338681], [127.3802887, 45.3341243], [127.3806139, 45.3343348], [127.3809531, 45.3345403], [127.3813339, 45.3347494], [127.3817358, 45.3349435], [127.3821418, 45.3351038], [127.3825654, 45.3352616], [127.3830259, 45.3353972], [127.3834793, 45.3355204], [127.3839397, 45.3356226], [127.3843967, 45.3356988], [127.3847869, 45.3357514], [127.3852091, 45.3357866], [127.3855326, 45.335801], [127.3859038, 45.3358129], [127.3863685, 45.3358137], [127.3868156, 45.3357995]]}}, {"type": "Feature", "properties": {"name": "\u6ee8\u7ee5\u7ebf", "name:en": null, "railway": "rail", "ele": null, "operator:type": null, "layer": null, "addr:full": null, "addr:city": null, "source": "yahoo imagery, landsat", "name:zh": null, "osm_id": 1147002888, "osm_type": "ways_line"}, "geometry": {"type": "LineString", "coordinates": [[127.3937292, 45.3316173], [127.3932107, 45.3323531], [127.3929776, 45.3326724], [127.3927119, 45.3330021], [127.3923881, 45.3333471], [127.3920596, 45.3336444], [127.3916566, 45.333954], [127.391263, 45.3342209], [127.3909439, 45.3344131], [127.3906224, 45.3345889], [127.390171, 45.3348063], [127.3896986, 45.3349975], [127.389062, 45.3352049], [127.3886472, 45.3353129], [127.3882395, 45.3354047], [127.3879115, 45.3354711], [127.3874489, 45.3355401], [127.3870041, 45.3355897], [127.3864585, 45.3356261], [127.3858546, 45.3356426], [127.3853078, 45.3356314], [127.3848166, 45.3355985], [127.3843347, 45.3355394], [127.3839597, 45.3354733], [127.383594, 45.3353974], [127.3831842, 45.3353007], [127.3828026, 45.335194], [127.382208, 45.3350117], [127.3815377, 45.3347549], [127.3810091, 45.3344912], [127.3803806, 45.3341023], [127.3799989, 45.3338304], [127.3796597, 45.3335581], [127.379288, 45.3332017], [127.3789661, 45.3328508], [127.3786871, 45.3324855], [127.378418, 45.3320552], [127.3782073, 45.3316083], [127.378045, 45.3311137], [127.3774232, 45.3289845], [127.3772291, 45.3284256], [127.3768903, 45.3276953], [127.3765956, 45.3272447], [127.3762561, 45.3268197], [127.3757874, 45.3263463], [127.3753077, 45.3259348], [127.3747304, 45.3255231], [127.3739881, 45.3251063], [127.3734121, 45.3248477], [127.372822, 45.3246152], [127.3720059, 45.3243751], [127.3711657, 45.3242119], [127.3703319, 45.3241197], [127.3692053, 45.3240599], [127.3645084, 45.3239612], [127.3638935, 45.323937], [127.3631599, 45.3238874], [127.3623284, 45.3237991], [127.357985, 45.3232026], [127.3572214, 45.3231389], [127.3565398, 45.3231183], [127.3558264, 45.3231486], [127.3550186, 45.323229], [127.3518042, 45.3236521], [127.3514776, 45.3236893], [127.3511651, 45.3237091], [127.3506007, 45.3237069], [127.3500399, 45.3236873], [127.346418, 45.3235348], [127.3455115, 45.3235017], [127.3446809, 45.3235036], [127.3439961, 45.3235377], [127.3432979, 45.3235967], [127.3425468, 45.3236987], [127.3394364, 45.3241966], [127.3388009, 45.3243096], [127.3382278, 45.3244402], [127.3379336, 45.3245133], [127.3376413, 45.3245949], [127.3371881, 45.3247486], [127.3366813, 45.3249518], [127.3362902, 45.3251255], [127.335851, 45.3253639], [127.3353827, 45.325662], [127.3330878, 45.3272551], [127.332602, 45.3275484], [127.3323696, 45.3276708]]}}, {"type": "Feature", "properties": {"name": "\u6ee8\u7ee5\u7ebf", "name:en": null, "railway": "rail", "ele": null, "operator:type": null, "layer": null, "addr:full": null, "addr:city": null, "source": "yahoo imagery, landsat", "name:zh": null, "osm_id": 1147002892, "osm_type": "ways_line"}, "geometry": {"type": "LineString", "coordinates": [[127.3203595, 45.3305509], [127.3183739, 45.3306251], [127.317861, 45.3306537], [127.3173218, 45.3306986], [127.3169598, 45.330738], [127.3165512, 45.3307926], [127.3161506, 45.3308624], [127.3158007, 45.330933], [127.3154534, 45.331013], [127.3151659, 45.331088], [127.3148329, 45.3311789], [127.3145337, 45.331273], [127.3142151, 45.3313798], [127.3138473, 45.3315095], [127.3134903, 45.3316581], [127.3131728, 45.3317989], [127.3129492, 45.3319044], [127.3126048, 45.3320722], [127.3119416, 45.3324548], [127.3117054, 45.3326131], [127.3114667, 45.3327824], [127.3111055, 45.3330503], [127.3107723, 45.3333281], [127.3105211, 45.3335579], [127.3102769, 45.3337976], [127.3099312, 45.3341717], [127.3087381, 45.3355552], [127.3078136, 45.3366337]]}}, {"type": "Feature", "properties": {"name": "\u6ee8\u7ee5\u7ebf", "name:en": null, "railway": "rail", "ele": null, "operator:type": null, "layer": null, "addr:full": null, "addr:city": null, "source": null, "name:zh": null, "osm_id": 1147002893, "osm_type": "ways_line"}, "geometry": {"type": "LineString", "coordinates": [[127.3078731, 45.3366536], [127.3088009, 45.3355748], [127.3099805, 45.3342034], [127.310337, 45.333809], [127.3105731, 45.3335721], [127.31083, 45.3333434], [127.3111546, 45.3330734], [127.3115046, 45.3328052], [127.311739, 45.3326453], [127.3119797, 45.3324863], [127.3126345, 45.3321136], [127.3129743, 45.3319403], [127.3131994, 45.3318353], [127.3135142, 45.331695], [127.3138682, 45.33155], [127.3141061, 45.3314592], [127.314344, 45.3313759], [127.3145871, 45.3312976], [127.314849, 45.3312193], [127.3151894, 45.3311229], [127.31547, 45.3310506], [127.315837, 45.3309638], [127.3161725, 45.3308993], [127.3165701, 45.3308346], [127.3169677, 45.3307812], [127.3173422, 45.3307416], [127.3178605, 45.330699], [127.3183792, 45.3306722], [127.3194661, 45.330632]]}}, {"type": "Feature", "properties": {"name": "\u6ee8\u7ee5\u7ebf", "name:en": null, "railway": "rail", "ele": null, "operator:type": null, "layer": null, "addr:full": null, "addr:city": null, "source": "bing", "name:zh": null, "osm_id": 1147347810, "osm_type": "ways_line"}, "geometry": {"type": "LineString", "coordinates": [[127.397903, 45.323126], [127.3973987, 45.3245744], [127.397208, 45.3251219], [127.3965576, 45.3269895], [127.396378, 45.3274294], [127.3961895, 45.3278283], [127.3958585, 45.3284304], [127.3943654, 45.3307059]]}}, {"type": "Feature", "properties": {"name": "\u6ee8\u7ee5\u7ebf", "name:en": null, "railway": "rail", "ele": null, "operator:type": null, "layer": null, "addr:full": null, "addr:city": null, "source": "bing", "name:zh": null, "osm_id": 1147347811, "osm_type": "ways_line"}, "geometry": {"type": "LineString", "coordinates": [[127.3944901, 45.3307266], [127.3959513, 45.3284568], [127.3962717, 45.3278462], [127.3964553, 45.3274444], [127.3966261, 45.3269949], [127.3976042, 45.324182], [127.3979198, 45.3232741], [127.3980049, 45.3230293]]}}, {"type": "Feature", "properties": {"name": "\u6ee8\u7ee5\u7ebf", "name:en": null, "railway": "rail", "ele": null, "operator:type": null, "layer": null, "addr:full": null, "addr:city": null, "source": "bing", "name:zh": null, "osm_id": 1147347817, "osm_type": "ways_line"}, "geometry": {"type": "LineString", "coordinates": [[127.3980049, 45.3230293], [127.399056, 45.3200063], [127.4012387, 45.3137283]]}}, {"type": "Feature", "properties": {"name": "\u6ee8\u7ee5\u7ebf", "name:en": null, "railway": "rail", "ele": null, "operator:type": null, "layer": null, "addr:full": null, "addr:city": null, "source": "bing", "name:zh": null, "osm_id": 1147347818, "osm_type": "ways_line"}, "geometry": {"type": "LineString", "coordinates": [[127.4012106, 45.313618], [127.3989934, 45.3199946], [127.397903, 45.323126]]}}, {"type": "Feature", "properties": {"name": "\u6ee8\u7ee5\u7ebf", "name:en": null, "railway": "rail", "ele": null, "operator:type": null, "layer": null, "addr:full": null, "addr:city": null, "source": "bing", "name:zh": null, "osm_id": 1147347821, "osm_type": "ways_line"}, "geometry": {"type": "LineString", "coordinates": [[127.5076992, 45.2765973], [127.5074744, 45.2766737]]}}, {"type": "Feature", "properties": {"name": "\u6ee8\u7ee5\u7ebf", "name:en": null, "railway": "rail", "ele": null, "operator:type": null, "layer": null, "addr:full": null, "addr:city": null, "source": "bing;GPS", "name:zh": null, "osm_id": 1147347823, "osm_type": "ways_line"}, "geometry": {"type": "LineString", "coordinates": [[127.5075283, 45.2767508], [127.5079797, 45.2766043]]}}, {"type": "Feature", "properties": {"name": "\u6ee8\u7ee5\u7ebf", "name:en": null, "railway": "rail", "ele": null, "operator:type": null, "layer": null, "addr:full": null, "addr:city": null, "source": "bing;GPS", "name:zh": null, "osm_id": 1147347825, "osm_type": "ways_line"}, "geometry": {"type": "LineString", "coordinates": [[127.5079797, 45.2766043], [127.5090186, 45.2762675], [127.5096313, 45.2760676], [127.509946, 45.2759719], [127.5102493, 45.2758891], [127.5105325, 45.27582], [127.510818, 45.2757606], [127.5113438, 45.2756645], [127.5158553, 45.2749279], [127.5209394, 45.2740977], [127.5216987, 45.2739837], [127.5220467, 45.2739383], [127.5224268, 45.273897], [127.5227401, 45.2738686], [127.523072, 45.273844], [127.5241576, 45.2738006]]}}, {"type": "Feature", "properties": {"name": "\u6ee8\u7ee5\u7ebf", "name:en": null, "railway": "rail", "ele": null, "operator:type": null, "layer": null, "addr:full": null, "addr:city": null, "source": "bing", "name:zh": null, "osm_id": 1147347826, "osm_type": "ways_line"}, "geometry": {"type": "LineString", "coordinates": [[127.5245241, 45.2737252], [127.5237676, 45.2737593], [127.523076, 45.2737963], [127.5227367, 45.2738212], [127.522445, 45.2738461], [127.522039, 45.273889], [127.5216751, 45.273936], [127.5209171, 45.2740492], [127.5158395, 45.2748802], [127.5113239, 45.2756193], [127.5107969, 45.2757089], [127.5105645, 45.2757494], [127.5103333, 45.2757965], [127.5101046, 45.2758453], [127.5098729, 45.2759037], [127.5096086, 45.2759721], [127.5093464, 45.2760489], [127.5088867, 45.2761935], [127.5076992, 45.2765973]]}}, {"type": "Feature", "properties": {"name": "\u6ee8\u7ee5\u7ebf", "name:en": null, "railway": "rail", "ele": null, "operator:type": null, "layer": null, "addr:full": null, "addr:city": null, "source": "GPS;bing", "name:zh": null, "osm_id": 1147347829, "osm_type": "ways_line"}, "geometry": {"type": "LineString", "coordinates": [[127.9463708, 45.2045965], [127.9454719, 45.2044281], [127.944758, 45.2042943], [127.9439735, 45.2041474], [127.9323611, 45.2019717], [127.9312096, 45.2017855], [127.9290762, 45.2014761], [127.919078, 45.2003395], [127.918302, 45.2002655], [127.917417, 45.2002265], [127.9165526, 45.200237], [127.9153406, 45.2002766], [127.8999989, 45.2011949], [127.899315, 45.201227], [127.8986301, 45.2012383], [127.8980826, 45.2012262], [127.8973945, 45.201198], [127.8968429, 45.2011584], [127.8954573, 45.2010161], [127.8947022, 45.200953], [127.8936449, 45.2008914], [127.8927247, 45.2008652], [127.8917658, 45.2008807], [127.8909162, 45.2009293], [127.8902439, 45.2009908], [127.8893415, 45.201122], [127.8653899, 45.2051099], [127.8647701, 45.2052336], [127.864155, 45.2053837], [127.8633159, 45.2056783], [127.8600106, 45.2069337], [127.8592692, 45.2072448], [127.8585372, 45.2076138], [127.8578151, 45.2080414], [127.8573849, 45.2083372], [127.856983, 45.20864], [127.8565718, 45.2089905], [127.8493564, 45.2152681], [127.8487509, 45.2157952]]}}, {"type": "Feature", "properties": {"name": "\u6ee8\u7ee5\u7ebf", "name:en": null, "railway": "rail", "ele": null, "operator:type": null, "layer": null, "addr:full": null, "addr:city": null, "source": "GPS", "name:zh": null, "osm_id": 1147347844, "osm_type": "ways_line"}, "geometry": {"type": "LineString", "coordinates": [[128.1166729, 45.0536067], [128.111151, 45.0559719], [128.1104996, 45.0562179], [128.1098401, 45.0564438], [128.1094336, 45.0565628], [128.1090453, 45.0566583], [128.1086803, 45.0567308], [128.108303, 45.056799], [128.108036, 45.0568416], [128.1077567, 45.0568755], [128.1073562, 45.0569087], [128.1069557, 45.0569245], [128.1064988, 45.0569237], [128.1060419, 45.056912], [128.1053383, 45.0568606], [128.0898369, 45.0556629], [128.0893189, 45.0556223], [128.0887153, 45.0555943], [128.0882692, 45.0555969], [128.0877186, 45.0556204], [128.0872539, 45.0556598], [128.0867222, 45.0557295], [128.086142, 45.0558388], [128.0857189, 45.0559336], [128.0852191, 45.0560813], [128.084745, 45.0562393], [128.0828294, 45.0568776], [128.0810806, 45.0574604], [128.0799499, 45.0578372]]}}, {"type": "Feature", "properties": {"name": "\u6ee8\u7ee5\u7ebf", "name:en": null, "railway": "rail", "ele": null, "operator:type": null, "layer": null, "addr:full": null, "addr:city": null, "source": "GPS", "name:zh": null, "osm_id": 1147347845, "osm_type": "ways_line"}, "geometry": {"type": "LineString", "coordinates": [[128.0809496, 45.0575525], [128.0816691, 45.0573124], [128.0823419, 45.0570878], [128.0847466, 45.0562851], [128.085236, 45.0561219], [128.0857218, 45.0559838], [128.0861535, 45.0558839], [128.0867351, 45.0557771], [128.0872589, 45.055711], [128.0877212, 45.0556708], [128.0882705, 45.0556408], [128.0887431, 45.0556405], [128.0892927, 45.0556638], [128.0899033, 45.0557077], [128.1053226, 45.0569157], [128.1060543, 45.0569578], [128.1065016, 45.0569722], [128.106952, 45.0569757], [128.1073635, 45.0569528], [128.1077658, 45.0569212], [128.1080458, 45.0568872], [128.1083165, 45.0568489], [128.1086996, 45.0567811], [128.1090642, 45.0567111], [128.1094618, 45.0566116], [128.1098835, 45.0564893], [128.1105566, 45.0562686], [128.1112215, 45.056048], [128.1127301, 45.0555419], [128.1142395, 45.0550361], [128.1149548, 45.0547848], [128.1156609, 45.0545156], [128.1167709, 45.0540453]]}}, {"type": "Feature", "properties": {"name": "\u6ee8\u7ee5\u7ebf", "name:en": null, "railway": "rail", "ele": null, "operator:type": null, "layer": null, "addr:full": null, "addr:city": null, "source": "GPS", "name:zh": null, "osm_id": 1147347847, "osm_type": "ways_line"}, "geometry": {"type": "LineString", "coordinates": [[128.0674504, 45.0620571], [128.0714779, 45.0607132], [128.0809496, 45.0575525]]}}, {"type": "Feature", "properties": {"name": "\u6ee8\u7ee5\u7ebf", "name:en": null, "railway": "rail", "ele": null, "operator:type": null, "layer": null, "addr:full": null, "addr:city": null, "source": "GPS", "name:zh": null, "osm_id": 1147347848, "osm_type": "ways_line"}, "geometry": {"type": "LineString", "coordinates": [[128.0799499, 45.0578372], [128.0714522, 45.0606688], [128.0667427, 45.062238]]}}, {"type": "Feature", "properties": {"name": "\u6ee8\u7ee5\u7ebf", "name:en": null, "railway": "rail", "ele": null, "operator:type": null, "layer": null, "addr:full": null, "addr:city": null, "source": "GPS", "name:zh": null, "osm_id": 1147347851, "osm_type": "ways_line"}, "geometry": {"type": "LineString", "coordinates": [[128.2932678, 44.9952301], [128.304031, 44.9934041], [128.3047848, 44.9932569], [128.3053607, 44.9931273], [128.3060776, 44.9929305], [128.3082257, 44.9923068], [128.3090162, 44.9920983], [128.3096137, 44.991996], [128.3101183, 44.991928], [128.3107425, 44.9918727], [128.3114329, 44.9918442], [128.3120749, 44.9918344], [128.3127589, 44.991838], [128.314033, 44.9919107], [128.3144028, 44.9919216], [128.3147833, 44.9919107], [128.3151078, 44.9918844], [128.3154002, 44.9918496], [128.3159653, 44.9917443], [128.3164637, 44.9916185], [128.3168967, 44.9914714], [128.3172881, 44.9913374], [128.3175657, 44.9912273], [128.3189088, 44.9906942], [128.3194487, 44.9904021], [128.3198644, 44.990116], [128.3205828, 44.9895253], [128.3210733, 44.9891453], [128.3216584, 44.9887929], [128.3223029, 44.988489], [128.3230956, 44.9881937], [128.3268532, 44.9869912], [128.327615, 44.986735], [128.3280551, 44.9865492], [128.3285113, 44.9863162], [128.3287859, 44.9861582], [128.3290605, 44.9859805], [128.3294611, 44.985682], [128.3310948, 44.9844547], [128.3321852, 44.9835192], [128.3324596, 44.9833256], [128.332764, 44.9831321], [128.3332362, 44.9828717], [128.3418352, 44.9782588], [128.3423217, 44.9780009], [128.3427924, 44.9777792], [128.343258, 44.9775782], [128.3438469, 44.9773725], [128.3444667, 44.9771997], [128.3450246, 44.9770766], [128.3456529, 44.976977], [128.3559201, 44.9756947], [128.3569673, 44.9755555], [128.357671, 44.9754082], [128.3584075, 44.9752191], [128.3589488, 44.9750179], [128.359663, 44.9747082], [128.3603078, 44.9743454], [128.3608574, 44.9739429], [128.3613861, 44.97347], [128.3661277, 44.9680615], [128.3663352, 44.9677862], [128.3665289, 44.9674859], [128.3667073, 44.9671463], [128.3668472, 44.9667768], [128.3669411, 44.9664531], [128.3670311, 44.9661103], [128.3671018, 44.9657294], [128.3677872, 44.9599311], [128.3678597, 44.9595551], [128.3679454, 44.9592297], [128.3680603, 44.9589148], [128.3681715, 44.9586636], [128.368465, 44.9580527], [128.3685795, 44.9578657], [128.3689839, 44.9572054], [128.3691267, 44.9569723], [128.3692366, 44.9567946]]}}, {"type": "Feature", "properties": {"name": "\u6ee8\u7ee5\u7ebf", "name:en": null, "railway": "rail", "ele": null, "operator:type": null, "layer": null, "addr:full": null, "addr:city": null, "source": "GPS;bing", "name:zh": null, "osm_id": 1147347852, "osm_type": "ways_line"}, "geometry": {"type": "LineString", "coordinates": [[128.3693984, 44.9564318], [128.3690784, 44.9569509], [128.3689327, 44.9571871], [128.3685235, 44.9578508], [128.3684182, 44.9580216], [128.3681015, 44.9586491], [128.3679888, 44.9589057], [128.3678761, 44.9592312], [128.3677947, 44.9595463], [128.3677276, 44.9599298], [128.3670305, 44.9657406], [128.3669651, 44.9660973], [128.3668782, 44.9664418], [128.3667765, 44.9667841], [128.3666559, 44.9671266], [128.3664446, 44.9674895], [128.3662947, 44.9677222], [128.3660789, 44.9680286], [128.3613284, 44.9734331], [128.3607628, 44.9738837], [128.3601865, 44.9742904], [128.3595962, 44.9746135], [128.3589198, 44.9749242], [128.3583055, 44.9751505], [128.3576333, 44.97535], [128.3569579, 44.9754987], [128.3559332, 44.9756435], [128.3456564, 44.9769271], [128.3450083, 44.9770333], [128.344419, 44.9771681], [128.3438428, 44.9773234], [128.3432349, 44.9775421], [128.3427569, 44.9777445], [128.3422868, 44.9779654], [128.3417991, 44.9782293], [128.3332056, 44.9828321], [128.3327348, 44.9830926], [128.332414, 44.9832963], [128.3321363, 44.9834878], [128.331018, 44.98442], [128.3294117, 44.9856428], [128.3290124, 44.9859269], [128.3284696, 44.98624], [128.3280107, 44.9864847], [128.3275398, 44.9866897], [128.3268544, 44.9869367], [128.3230584, 44.9881533], [128.3222538, 44.9884388], [128.3216095, 44.9887409], [128.3210122, 44.9891064], [128.3204849, 44.9895025], [128.3197719, 44.9900939], [128.3193989, 44.9903509], [128.3188646, 44.9906617], [128.3175397, 44.9911937], [128.3172346, 44.9913057], [128.3168919, 44.9914132], [128.3158014, 44.9916767], [128.3154577, 44.9917486], [128.3151073, 44.991811], [128.3147431, 44.9918494], [128.3144298, 44.9918632], [128.3140654, 44.9918615], [128.3127593, 44.9917919], [128.3120706, 44.9917869], [128.3114207, 44.9918038], [128.3107459, 44.9918308], [128.3101139, 44.9918864], [128.3096202, 44.9919521], [128.3089758, 44.9920574], [128.3082026, 44.9922643], [128.3059936, 44.9928988], [128.305351, 44.9930814], [128.3047738, 44.9932128], [128.3040183, 44.9933499], [128.2955037, 44.9947986], [128.2949319, 44.9948877], [128.293445, 44.9951253], [128.293248, 44.9951583]]}}, {"type": "Feature", "properties": {"name": "\u6ee8\u7ee5\u7ebf", "name:en": null, "railway": "rail", "ele": null, "operator:type": null, "layer": null, "addr:full": null, "addr:city": null, "source": "GPS", "name:zh": null, "osm_id": 1147347853, "osm_type": "ways_line"}, "geometry": {"type": "LineString", "coordinates": [[128.2611118, 44.999435], [128.264754, 44.9993273], [128.2655158, 44.9992857], [128.2663735, 44.9992175], [128.2673842, 44.9991127], [128.2730671, 44.9985288]]}}, {"type": "Feature", "properties": {"name": "\u6ee8\u7ee5\u7ebf", "name:en": null, "railway": "rail", "ele": null, "operator:type": null, "layer": null, "addr:full": null, "addr:city": null, "source": "GPS;bing", "name:zh": null, "osm_id": 1147347854, "osm_type": "ways_line"}, "geometry": {"type": "LineString", "coordinates": [[128.2740525, 44.9983859], [128.2673767, 44.9990713], [128.2663771, 44.9991729], [128.2655094, 44.9992523], [128.2647478, 44.9992897], [128.2628565, 44.9993454], [128.2602592, 44.9994218]]}}, {"type": "Feature", "properties": {"name": "\u6ee8\u7ee5\u7ebf", "name:en": null, "railway": "rail", "ele": null, "operator:type": null, "layer": null, "addr:full": null, "addr:city": null, "source": "GPS;bing", "name:zh": null, "osm_id": 1147347855, "osm_type": "ways_line"}, "geometry": {"type": "LineString", "coordinates": [[128.2925986, 44.9952671], [128.290868, 44.995557], [128.290448, 44.9956156], [128.2902237, 44.9956433], [128.2899993, 44.9956681], [128.289767, 44.9956786], [128.2895347, 44.9956824], [128.2892917, 44.9956749], [128.2890487, 44.9956598], [128.288804, 44.9956366], [128.2885593, 44.9956019], [128.2880911, 44.9955272], [128.2868762, 44.9953263], [128.2865438, 44.9952814], [128.2862084, 44.9952474], [128.2859606, 44.9952331], [128.2857097, 44.9952232], [128.2854082, 44.9952231], [128.2851098, 44.9952329], [128.2847366, 44.9952637], [128.2843664, 44.9953043], [128.2840419, 44.9953507], [128.2837112, 44.9954059], [128.2833755, 44.9954822], [128.2830398, 44.9955672], [128.2826935, 44.9956765], [128.2823594, 44.9957915], [128.281797, 44.9960264], [128.2793541, 44.9971533], [128.2786801, 44.9974556], [128.2781988, 44.9976506], [128.2777154, 44.9977974], [128.2772655, 44.997931], [128.2766668, 44.998066], [128.275934, 44.998184], [128.2750386, 44.9982847], [128.2745992, 44.9983298], [128.2740525, 44.9983859]]}}, {"type": "Feature", "properties": {"name": "\u6ee8\u7ee5\u7ebf", "name:en": null, "railway": "rail", "ele": null, "operator:type": null, "layer": "1", "addr:full": null, "addr:city": null, "source": "GPS;bing", "name:zh": null, "osm_id": 1147347856, "osm_type": "ways_line"}, "geometry": {"type": "LineString", "coordinates": [[128.293248, 44.9951583], [128.2925986, 44.9952671]]}}, {"type": "Feature", "properties": {"name": "\u6ee8\u7ee5\u7ebf", "name:en": null, "railway": "rail", "ele": null, "operator:type": null, "layer": null, "addr:full": null, "addr:city": null, "source": "GPS", "name:zh": null, "osm_id": 1147347857, "osm_type": "ways_line"}, "geometry": {"type": "LineString", "coordinates": [[128.2730671, 44.9985288], [128.2740546, 44.9984241], [128.2750457, 44.998319], [128.2759473, 44.9982182], [128.2766756, 44.9981087], [128.2772803, 44.997976], [128.2777383, 44.997848], [128.2781923, 44.9977047], [128.2787066, 44.9974939], [128.2818228, 44.9960635], [128.2823947, 44.9958301], [128.2827166, 44.995718], [128.2830384, 44.9956212], [128.2833863, 44.9955307], [128.2837249, 44.9954533], [128.2840473, 44.9953969], [128.2843697, 44.9953514], [128.2847422, 44.9953103], [128.2851147, 44.9952822], [128.2853984, 44.9952717], [128.285682, 44.9952699], [128.2859417, 44.9952811], [128.2861799, 44.9952989], [128.286825, 44.9953649], [128.2880697, 44.9955747], [128.2885384, 44.9956482], [128.2887855, 44.9956782], [128.2890326, 44.9957017], [128.2892744, 44.9957212], [128.2895189, 44.9957313], [128.2897418, 44.9957338], [128.2899675, 44.9957297], [128.2901942, 44.9957146], [128.2904208, 44.9956968], [128.2908393, 44.9956421], [128.2926178, 44.9953404]]}}, {"type": "Feature", "properties": {"name": "\u6ee8\u7ee5\u7ebf", "name:en": null, "railway": "rail", "ele": null, "operator:type": null, "layer": null, "addr:full": null, "addr:city": null, "source": "GPS", "name:zh": null, "osm_id": 1147347863, "osm_type": "ways_line"}, "geometry": {"type": "LineString", "coordinates": [[128.3692366, 44.9567946], [128.3695065, 44.9563583], [128.3698757, 44.9557796], [128.3702544, 44.9552201], [128.3707151, 44.9545099], [128.3730109, 44.9507591], [128.374254, 44.948728], [128.3743763, 44.9485407]]}}, {"type": "Feature", "properties": {"name": "\u6ee8\u7ee5\u7ebf", "name:en": null, "railway": "rail", "ele": null, "operator:type": null, "layer": null, "addr:full": null, "addr:city": null, "source": "GPS;bing", "name:zh": null, "osm_id": 1147347864, "osm_type": "ways_line"}, "geometry": {"type": "LineString", "coordinates": [[128.374702, 44.9478877], [128.3744257, 44.9483108], [128.3738173, 44.949265], [128.3729137, 44.9507306], [128.3693984, 44.9564318]]}}, {"type": "Feature", "properties": {"name": "\u6ee8\u7ee5\u7ebf", "name:en": null, "railway": "rail", "ele": null, "operator:type": null, "layer": null, "addr:full": null, "addr:city": null, "source": "GPS", "name:zh": null, "osm_id": 1147347865, "osm_type": "ways_line"}, "geometry": {"type": "LineString", "coordinates": [[128.3743763, 44.9485407], [128.3745705, 44.9482435], [128.3748765, 44.9477748], [128.3753695, 44.9470117], [128.3757001, 44.9465024], [128.3762071, 44.9458151], [128.376597, 44.945293]]}}, {"type": "Feature", "properties": {"name": "\u6ee8\u7ee5\u7ebf", "name:en": null, "railway": "rail", "ele": null, "operator:type": null, "layer": null, "addr:full": null, "addr:city": null, "source": "GPS", "name:zh": null, "osm_id": 1147580469, "osm_type": "ways_line"}, "geometry": {"type": "LineString", "coordinates": [[128.7666964, 44.9420358], [128.76458, 44.9354281], [128.7634482, 44.9318941]]}}, {"type": "Feature", "properties": {"name": "\u6ee8\u7ee5\u7ebf", "name:en": null, "railway": "rail", "ele": null, "operator:type": null, "layer": null, "addr:full": null, "addr:city": null, "source": "GPS", "name:zh": null, "osm_id": 1147580482, "osm_type": "ways_line"}, "geometry": {"type": "LineString", "coordinates": [[128.9561675, 44.909934], [128.9546432, 44.9095017], [128.9522048, 44.9087906], [128.9508016, 44.9083814], [128.950188, 44.9081943], [128.9496118, 44.9079951], [128.9491643, 44.9077799], [128.9486568, 44.9074886], [128.9482782, 44.9072167], [128.9479678, 44.9069261], [128.947716, 44.9066508], [128.9474876, 44.9063385], [128.9473095, 44.9060232], [128.9471675, 44.9056372], [128.9471009, 44.9052872], [128.9470754, 44.9049189], [128.9470714, 44.904647], [128.9470988, 44.9039331], [128.947078, 44.9035577], [128.9470089, 44.9031894], [128.9468836, 44.902832], [128.9466369, 44.902334], [128.9464257, 44.9020256], [128.9462132, 44.9017957], [128.9459915, 44.901579], [128.945571, 44.9012378], [128.94513, 44.9009542], [128.9446933, 44.9007151], [128.9443803, 44.9005823], [128.9439262, 44.9004308], [128.941625, 44.8997043], [128.9410819, 44.8995019], [128.9406619, 44.8993261], [128.9401567, 44.8990963], [128.9397483, 44.8988979], [128.9393632, 44.8986478], [128.9390745, 44.8984204], [128.9387547, 44.8981219], [128.9384837, 44.8978364], [128.9382374, 44.8975436], [128.9379665, 44.8971767], [128.9377277, 44.8968121], [128.9373794, 44.8963662], [128.9370622, 44.8960069], [128.9366653, 44.8956689], [128.9362744, 44.8954094], [128.9358028, 44.8951306], [128.9352989, 44.8948826], [128.9346084, 44.8946166], [128.9316128, 44.8937089], [128.9311874, 44.8935558], [128.9307971, 44.8933895], [128.93041, 44.8931882], [128.9300508, 44.8929969], [128.9289729, 44.892386], [128.9285853, 44.8921187], [128.9282959, 44.8918846], [128.9280198, 44.89162], [128.927799, 44.8913345], [128.9276303, 44.8910677], [128.9275302, 44.890838], [128.9274775, 44.8906376]]}}, {"type": "Feature", "properties": {"name": "\u6ee8\u7ee5\u7ebf", "name:en": null, "railway": "rail", "ele": null, "operator:type": null, "layer": null, "addr:full": null, "addr:city": null, "source": "GPS", "name:zh": null, "osm_id": 1147580493, "osm_type": "ways_line"}, "geometry": {"type": "LineString", "coordinates": [[129.0700396, 44.8051609], [129.0698222, 44.8057887], [129.0696056, 44.8064505], [129.0694788, 44.8068685], [129.0693547, 44.8072971], [129.069106, 44.8082466], [129.0690213, 44.8085542], [129.0689192, 44.8088093], [129.0688178, 44.8090475], [129.0686951, 44.809316], [129.0685419, 44.8095759], [129.0683889, 44.8098092], [129.0682299, 44.8100387], [129.0680511, 44.8102739], [129.0678718, 44.8104833], [129.0676324, 44.8107295], [129.0673196, 44.8110308], [129.0650743, 44.8130425], [129.0642701, 44.813763], [129.0638797, 44.8141054], [129.0635467, 44.8143607], [129.0632322, 44.8145664], [129.0629241, 44.8147459], [129.0623179, 44.8150613]]}}, {"type": "Feature", "properties": {"name": "\u6ee8\u7ee5\u7ebf", "name:en": null, "railway": "rail", "ele": null, "operator:type": null, "layer": null, "addr:full": null, "addr:city": null, "source": null, "name:zh": null, "osm_id": 1147580494, "osm_type": "ways_line"}, "geometry": {"type": "LineString", "coordinates": [[129.0624054, 44.8151152], [129.0628785, 44.814882], [129.0631778, 44.8147266], [129.0634987, 44.8145404], [129.0638142, 44.8143371], [129.0641102, 44.8141057], [129.0644358, 44.8138188], [129.0652201, 44.8131195], [129.0676543, 44.8109488], [129.0680043, 44.8106037], [129.0681347, 44.8104686], [129.0683477, 44.8102174], [129.0686004, 44.8098696], [129.0688173, 44.809516], [129.0689991, 44.8091138], [129.0691522, 44.8086791], [129.0692615, 44.8082721], [129.0694207, 44.8076018], [129.069545, 44.807101], [129.0697446, 44.8064738], [129.0700197, 44.8056396]]}}, {"type": "Feature", "properties": {"name": "\u6ee8\u7ee5\u7ebf", "name:en": null, "railway": "rail", "ele": null, "operator:type": null, "layer": null, "addr:full": null, "addr:city": null, "source": "bing", "name:zh": null, "osm_id": 1147580529, "osm_type": "ways_line"}, "geometry": {"type": "LineString", "coordinates": [[129.3843405, 44.5635052], [129.3838239, 44.5637395], [129.3835856, 44.5638377], [129.3833136, 44.5639393], [129.3830977, 44.564015], [129.3828943, 44.5640782], [129.382677, 44.5641382], [129.3797342, 44.5648672], [129.3741996, 44.5662382], [129.3735417, 44.566409], [129.37286, 44.5665925], [129.3723668, 44.5667235], [129.3715821, 44.566918]]}}, {"type": "Feature", "properties": {"name": "\u6ee8\u7ee5\u7ebf", "name:en": null, "railway": "rail", "ele": null, "operator:type": null, "layer": null, "addr:full": null, "addr:city": null, "source": null, "name:zh": null, "osm_id": 1188207414, "osm_type": "ways_line"}, "geometry": {"type": "LineString", "coordinates": [[130.5793605, 44.546079], [130.5874939, 44.5442049]]}}, {"type": "Feature", "properties": {"name": "\u6ee8\u7ee5\u7ebf", "name:en": null, "railway": "rail", "ele": null, "operator:type": null, "layer": null, "addr:full": null, "addr:city": null, "source": "yahoo imagery", "name:zh": null, "osm_id": 1128127046, "osm_type": "ways_line"}, "geometry": {"type": "LineString", "coordinates": [[126.7241477, 45.7125867], [126.7423481, 45.7112051], [126.7438028, 45.7110955], [126.7528375, 45.7104149], [126.7564795, 45.7101402], [126.7569219, 45.710107]]}}, {"type": "Feature", "properties": {"name": "\u6ee8\u7ee5\u7ebf", "name:en": null, "railway": "rail", "ele": null, "operator:type": null, "layer": null, "addr:full": null, "addr:city": null, "source": "yahoo imagery", "name:zh": null, "osm_id": 1128127053, "osm_type": "ways_line"}, "geometry": {"type": "LineString", "coordinates": [[126.7569219, 45.710107], [126.7600534, 45.7098644], [126.7729663, 45.7088638]]}}, {"type": "Feature", "properties": {"name": "\u6ee8\u7ee5\u7ebf", "name:en": null, "railway": "rail", "ele": null, "operator:type": null, "layer": null, "addr:full": null, "addr:city": null, "source": "yahoo imagery", "name:zh": null, "osm_id": 1128127061, "osm_type": "ways_line"}, "geometry": {"type": "LineString", "coordinates": [[126.7729663, 45.7088638], [126.773545, 45.7088186], [126.7757184, 45.7086498], [126.7785538, 45.7084294], [126.7858093, 45.7078633], [126.7892514, 45.7075947], [126.7941889, 45.7072093], [126.7949261, 45.707141], [126.7953973, 45.7070872], [126.7959199, 45.7070171], [126.7965362, 45.7069111], [126.7971174, 45.7067921], [126.7977814, 45.706649], [126.7984104, 45.7064926], [126.8105986, 45.7031368]]}}, {"type": "Feature", "properties": {"name": "\u6ee8\u7ee5\u7ebf", "name:en": null, "railway": "rail", "ele": null, "operator:type": null, "layer": null, "addr:full": null, "addr:city": null, "source": "yahoo imagery", "name:zh": null, "osm_id": 1128127062, "osm_type": "ways_line"}, "geometry": {"type": "LineString", "coordinates": [[126.8105955, 45.7030802], [126.7983982, 45.7064591], [126.7977543, 45.7066231], [126.7971204, 45.7067559], [126.7965143, 45.7068781], [126.7958873, 45.7069857], [126.7953935, 45.7070514], [126.794895, 45.7071073], [126.7941782, 45.7071699], [126.7934918, 45.7072226], [126.7850677, 45.7078779], [126.7843792, 45.7079315], [126.7749101, 45.7086672], [126.7743359, 45.7087115]]}}, {"type": "Feature", "properties": {"name": "\u6ee8\u7ee5\u7ebf", "name:en": null, "railway": "rail", "ele": null, "operator:type": null, "layer": null, "addr:full": null, "addr:city": null, "source": "yahoo imagery", "name:zh": null, "osm_id": 1128127065, "osm_type": "ways_line"}, "geometry": {"type": "LineString", "coordinates": [[126.8174797, 45.7012287], [126.8286681, 45.698134], [126.8338527, 45.6967077]]}}, {"type": "Feature", "properties": {"name": "\u6ee8\u7ee5\u7ebf", "name:en": null, "railway": "rail", "ele": null, "operator:type": null, "layer": null, "addr:full": null, "addr:city": null, "source": "yahoo imagery", "name:zh": null, "osm_id": 1128127066, "osm_type": "ways_line"}, "geometry": {"type": "LineString", "coordinates": [[126.8346712, 45.6964053], [126.8315738, 45.6972645], [126.8286335, 45.6980696], [126.8173474, 45.7011895]]}}, {"type": "Feature", "properties": {"name": "\u6ee8\u7ee5\u7ebf", "name:en": null, "railway": "rail", "ele": null, "operator:type": null, "layer": null, "addr:full": null, "addr:city": null, "source": "yahoo imagery", "name:zh": null, "osm_id": 1147002853, "osm_type": "ways_line"}, "geometry": {"type": "LineString", "coordinates": [[126.9813912, 45.5563862], [126.9835071, 45.5540856], [126.9838843, 45.5536977], [126.984216, 45.553398], [126.9844278, 45.5532279], [126.9846384, 45.5530722], [126.9849817, 45.5528315], [126.9855012, 45.5524979], [126.9908537, 45.549157], [126.9914518, 45.5487852], [126.9919303, 45.5485209], [126.9925447, 45.5482058], [126.9932096, 45.5478763]]}}, {"type": "Feature", "properties": {"name": "\u6ee8\u7ee5\u7ebf", "name:en": null, "railway": "rail", "ele": null, "operator:type": null, "layer": null, "addr:full": null, "addr:city": null, "source": "bing;GPS", "name:zh": null, "osm_id": 1147347830, "osm_type": "ways_line"}, "geometry": {"type": "LineString", "coordinates": [[127.8486659, 45.2159435], [127.8497492, 45.2150023], [127.8501369, 45.2146654], [127.8566139, 45.2090168], [127.8570337, 45.2086668], [127.8574441, 45.2083646], [127.8578626, 45.2080749], [127.8585703, 45.2076459], [127.8593014, 45.2072897], [127.8600373, 45.2069823], [127.8633841, 45.2057159], [127.8641962, 45.2054575], [127.8647885, 45.205309], [127.8653901, 45.2051869], [127.8883678, 45.2013259], [127.8893584, 45.201172], [127.8902784, 45.2010476], [127.8909613, 45.2009738], [127.8917682, 45.2009237], [127.8927128, 45.2009123], [127.8936178, 45.200942], [127.8946939, 45.2010042], [127.8954362, 45.2010669], [127.8968184, 45.2012009], [127.8973999, 45.2012408], [127.8980811, 45.201275], [127.8986332, 45.2012818], [127.8993214, 45.2012711], [127.9000064, 45.2012422], [127.9153517, 45.2003266], [127.9165358, 45.2002848], [127.9174124, 45.2002721], [127.9182925, 45.2003143], [127.9190589, 45.2003835], [127.9290571, 45.2015189], [127.9311689, 45.2018213], [127.9323439, 45.2020117], [127.9433846, 45.2040803], [127.9459504, 45.204561], [127.9463547, 45.2046367]]}}, {"type": "Feature", "properties": {"name": "\u6ee8\u7ee5\u7ebf", "name:en": null, "railway": "rail", "ele": null, "operator:type": null, "layer": null, "addr:full": null, "addr:city": null, "source": null, "name:zh": null, "osm_id": 1147347832, "osm_type": "ways_line"}, "geometry": {"type": "LineString", "coordinates": [[127.8487509, 45.2157952], [127.8480642, 45.2163929], [127.8476364, 45.2167803], [127.8435661, 45.220693], [127.8392371, 45.224854]]}}, {"type": "Feature", "properties": {"name": "\u6ee8\u7ee5\u7ebf", "name:en": null, "railway": "rail", "ele": null, "operator:type": null, "layer": null, "addr:full": null, "addr:city": null, "source": "bing;GPS", "name:zh": null, "osm_id": 1147347835, "osm_type": "ways_line"}, "geometry": {"type": "LineString", "coordinates": [[127.9605664, 45.2065218], [127.9619748, 45.2065497], [127.9624275, 45.2065725], [127.9636306, 45.2066101], [127.965608, 45.206685]]}}, {"type": "Feature", "properties": {"name": "\u6ee8\u7ee5\u7ebf", "name:en": null, "railway": "rail", "ele": null, "operator:type": null, "layer": null, "addr:full": null, "addr:city": null, "source": "GPS;bing", "name:zh": null, "osm_id": 1147347836, "osm_type": "ways_line"}, "geometry": {"type": "LineString", "coordinates": [[127.9655533, 45.206606], [127.9626691, 45.2065235], [127.9619693, 45.2065066], [127.9611249, 45.2064891]]}}, {"type": "Feature", "properties": {"name": "\u6ee8\u7ee5\u7ebf", "name:en": null, "railway": "rail", "ele": null, "operator:type": null, "layer": null, "addr:full": null, "addr:city": null, "source": "bing;GPS", "name:zh": null, "osm_id": 1147347837, "osm_type": "ways_line"}, "geometry": {"type": "LineString", "coordinates": [[127.9472198, 45.2047988], [127.954387, 45.2061416], [127.954521, 45.2061641], [127.9552255, 45.2062825], [127.9560174, 45.2063845], [127.9567544, 45.2064411], [127.9575028, 45.2064611], [127.9605664, 45.2065218]]}}, {"type": "Feature", "properties": {"name": "\u6ee8\u7ee5\u7ebf", "name:en": null, "railway": "rail", "ele": null, "operator:type": null, "layer": null, "addr:full": null, "addr:city": null, "source": "GPS;bing", "name:zh": null, "osm_id": 1147347838, "osm_type": "ways_line"}, "geometry": {"type": "LineString", "coordinates": [[127.9611249, 45.2064891], [127.9574854, 45.2064249], [127.9567884, 45.2064016], [127.9560598, 45.2063469], [127.955245, 45.2062413], [127.9545352, 45.206123], [127.9543889, 45.2060986], [127.9472, 45.2047518]]}}, {"type": "Feature", "properties": {"name": "\u6ee8\u7ee5\u7ebf", "name:en": null, "railway": "rail", "ele": null, "operator:type": null, "layer": null, "addr:full": null, "addr:city": null, "source": null, "name:zh": null, "osm_id": 1286080875, "osm_type": "ways_line"}, "geometry": {"type": "LineString", "coordinates": [[127.0850178, 45.4717179], [127.0873143, 45.4688476]]}}, {"type": "Feature", "properties": {"name": "\u6ee8\u7ee5\u7ebf", "name:en": null, "railway": "rail", "ele": null, "operator:type": null, "layer": null, "addr:full": null, "addr:city": null, "source": null, "name:zh": null, "osm_id": 1286080876, "osm_type": "ways_line"}, "geometry": {"type": "LineString", "coordinates": [[127.0872607, 45.4688259], [127.084958, 45.471695]]}}, {"type": "Feature", "properties": {"name": "\u6ee8\u7ee5\u7ebf", "name:en": null, "railway": "rail", "ele": null, "operator:type": null, "layer": null, "addr:full": null, "addr:city": null, "source": null, "name:zh": null, "osm_id": 1286080893, "osm_type": "ways_line"}, "geometry": {"type": "LineString", "coordinates": [[127.3869584, 45.3357943], [127.3871949, 45.3357792], [127.3876272, 45.3357472], [127.3879605, 45.3357144], [127.3882937, 45.3356666], [127.3887024, 45.3355921], [127.3891417, 45.3354926], [127.3895189, 45.3353976], [127.3898634, 45.3352895], [127.3903283, 45.3351075], [127.3908026, 45.3348894], [127.3911867, 45.3346705], [127.3915662, 45.3344253], [127.3919126, 45.3341583], [127.3922193, 45.3338815], [127.3924362, 45.3336598], [127.3926218, 45.3334363], [127.3928565, 45.3331258], [127.3938695, 45.3316573]]}}, {"type": "Feature", "properties": {"name": "\u6ee8\u7ee5\u7ebf", "name:en": null, "railway": "rail", "ele": null, "operator:type": null, "layer": "1", "addr:full": null, "addr:city": null, "source": "bing;GPS", "name:zh": null, "osm_id": 1286080904, "osm_type": "ways_line"}, "geometry": {"type": "LineString", "coordinates": [[127.6188619, 45.263747], [127.6189372, 45.2637101]]}}, {"type": "Feature", "properties": {"name": "\u6ee8\u7ee5\u7ebf", "name:en": null, "railway": "rail", "ele": null, "operator:type": null, "layer": "1", "addr:full": null, "addr:city": null, "source": "GPS", "name:zh": null, "osm_id": 1286196399, "osm_type": "ways_line"}, "geometry": {"type": "LineString", "coordinates": [[128.9376378, 44.9136335], [128.9381468, 44.9135593]]}}, {"type": "Feature", "properties": {"name": "\u6ee8\u7ee5\u7ebf", "name:en": null, "railway": "rail", "ele": null, "operator:type": null, "layer": null, "addr:full": null, "addr:city": null, "source": null, "name:zh": null, "osm_id": 1286196439, "osm_type": "ways_line"}, "geometry": {"type": "LineString", "coordinates": [[129.0868787, 44.5775343], [129.0870224, 44.5775055], [129.0874198, 44.5774413], [129.0878355, 44.5773954], [129.088478, 44.5773481], [129.0895305, 44.5772855], [129.0898886, 44.5772659]]}}, {"type": "Feature", "properties": {"name": "\u6ee8\u7ee5\u7ebf", "name:en": null, "railway": "rail", "ele": null, "operator:type": null, "layer": "1", "addr:full": null, "addr:city": null, "source": null, "name:zh": null, "osm_id": 1286196440, "osm_type": "ways_line"}, "geometry": {"type": "LineString", "coordinates": [[129.0866761, 44.5775788], [129.0868787, 44.5775343]]}}, {"type": "Feature", "properties": {"name": "\u6ee8\u7ee5\u7ebf", "name:en": null, "railway": "rail", "ele": null, "operator:type": null, "layer": "1", "addr:full": null, "addr:city": null, "source": null, "name:zh": null, "osm_id": 1286196441, "osm_type": "ways_line"}, "geometry": {"type": "LineString", "coordinates": [[129.086862, 44.5774854], [129.0866567, 44.577528]]}}, {"type": "Feature", "properties": {"name": "\u6ee8\u7ee5\u7ebf", "name:en": null, "railway": "rail", "ele": null, "operator:type": null, "layer": null, "addr:full": null, "addr:city": null, "source": null, "name:zh": null, "osm_id": 1187640955, "osm_type": "ways_line"}, "geometry": {"type": "LineString", "coordinates": [[129.5551336, 44.5614322], [129.5532395, 44.560753]]}}, {"type": "Feature", "properties": {"name": "\u6ee8\u7ee5\u7ebf", "name:en": null, "railway": "rail", "ele": null, "operator:type": null, "layer": null, "addr:full": null, "addr:city": null, "source": null, "name:zh": null, "osm_id": 1187640956, "osm_type": "ways_line"}, "geometry": {"type": "LineString", "coordinates": [[129.55735, 44.5621245], [129.5568172, 44.5619557], [129.5551336, 44.5614322]]}}, {"type": "Feature", "properties": {"name": "\u6ee8\u7ee5\u7ebf", "name:en": null, "railway": "rail", "ele": null, "operator:type": null, "layer": null, "addr:full": null, "addr:city": null, "source": null, "name:zh": null, "osm_id": 1188207402, "osm_type": "ways_line"}, "geometry": {"type": "LineString", "coordinates": [[130.4230277, 44.6181298], [130.4231499, 44.6180747]]}}, {"type": "Feature", "properties": {"name": "\u6ee8\u7ee5\u7ebf", "name:en": null, "railway": "rail", "ele": null, "operator:type": null, "layer": null, "addr:full": null, "addr:city": null, "source": null, "name:zh": null, "osm_id": 1188207403, "osm_type": "ways_line"}, "geometry": {"type": "LineString", "coordinates": [[130.4231245, 44.6180408], [130.4230047, 44.6180948]]}}, {"type": "Feature", "properties": {"name": "\u6ee8\u7ee5\u7ebf", "name:en": null, "railway": "rail", "ele": null, "operator:type": null, "layer": null, "addr:full": null, "addr:city": null, "source": null, "name:zh": null, "osm_id": 1188207404, "osm_type": "ways_line"}, "geometry": {"type": "LineString", "coordinates": [[130.4805395, 44.5788658], [130.4808409, 44.5787685]]}}, {"type": "Feature", "properties": {"name": "\u6ee8\u7ee5\u7ebf", "name:en": null, "railway": "rail", "ele": null, "operator:type": null, "layer": null, "addr:full": null, "addr:city": null, "source": null, "name:zh": null, "osm_id": 1188207405, "osm_type": "ways_line"}, "geometry": {"type": "LineString", "coordinates": [[130.4807987, 44.5787206], [130.4805085, 44.5788179]]}}, {"type": "Feature", "properties": {"name": "\u6ee8\u7ee5\u7ebf\uff08\u5174\u6e90\u7279\u5927\u6865\uff09", "name:en": null, "railway": "rail", "ele": null, "operator:type": null, "layer": "1", "addr:full": null, "addr:city": null, "source": null, "name:zh": null, "osm_id": 1188207406, "osm_type": "ways_line"}, "geometry": {"type": "LineString", "coordinates": [[130.4704486, 44.583907], [130.4725105, 44.5826221], [130.4740356, 44.581748], [130.475497, 44.5809933], [130.4768645, 44.5803303], [130.4782335, 44.5797301], [130.4795268, 44.5792195], [130.4805395, 44.5788658]]}}, {"type": "Feature", "properties": {"name": "\u6ee8\u7ee5\u7ebf\uff08\u5174\u6e90\u7279\u5927\u6865\uff09", "name:en": null, "railway": "rail", "ele": null, "operator:type": null, "layer": "1", "addr:full": null, "addr:city": null, "source": null, "name:zh": null, "osm_id": 1188207407, "osm_type": "ways_line"}, "geometry": {"type": "LineString", "coordinates": [[130.4805085, 44.5788179], [130.4795047, 44.5791767], [130.4782059, 44.5796967], [130.4768423, 44.5803002], [130.4754407, 44.5809713], [130.474006, 44.5817194], [130.4724725, 44.5826033], [130.470417, 44.5838826]]}}, {"type": "Feature", "properties": {"name": "\u6ee8\u7ee5\u7ebf", "name:en": null, "railway": "rail", "ele": null, "operator:type": null, "layer": null, "addr:full": null, "addr:city": null, "source": null, "name:zh": null, "osm_id": 1188207408, "osm_type": "ways_line"}, "geometry": {"type": "LineString", "coordinates": [[130.5751923, 44.5469989], [130.5723646, 44.5476546], [130.5697924, 44.5482823], [130.5677599, 44.5488381]]}}, {"type": "Feature", "properties": {"name": "\u6ee8\u7ee5\u7ebf", "name:en": null, "railway": "rail", "ele": null, "operator:type": null, "layer": null, "addr:full": null, "addr:city": null, "source": null, "name:zh": null, "osm_id": 1188207409, "osm_type": "ways_line"}, "geometry": {"type": "LineString", "coordinates": [[130.5677766, 44.5488928], [130.5698147, 44.5483164], [130.572384, 44.5476907], [130.5752094, 44.5470355]]}}, {"type": "Feature", "properties": {"name": "\u6ee8\u7ee5\u7ebf", "name:en": null, "railway": "rail", "ele": null, "operator:type": null, "layer": "1", "addr:full": null, "addr:city": null, "source": null, "name:zh": null, "osm_id": 1188207410, "osm_type": "ways_line"}, "geometry": {"type": "LineString", "coordinates": [[130.5677599, 44.5488381], [130.5653028, 44.5496794]]}}, {"type": "Feature", "properties": {"name": "\u6ee8\u7ee5\u7ebf", "name:en": null, "railway": "rail", "ele": null, "operator:type": null, "layer": "1", "addr:full": null, "addr:city": null, "source": null, "name:zh": null, "osm_id": 1188207411, "osm_type": "ways_line"}, "geometry": {"type": "LineString", "coordinates": [[130.5653388, 44.5497267], [130.5677766, 44.5488928]]}}, {"type": "Feature", "properties": {"name": "\u6ee8\u7ee5\u7ebf", "name:en": null, "railway": "rail", "ele": null, "operator:type": null, "layer": "1", "addr:full": null, "addr:city": null, "source": null, "name:zh": null, "osm_id": 1188207412, "osm_type": "ways_line"}, "geometry": {"type": "LineString", "coordinates": [[130.5752094, 44.5470355], [130.5793605, 44.546079]]}}, {"type": "Feature", "properties": {"name": "\u6ee8\u7ee5\u7ebf", "name:en": null, "railway": "rail", "ele": null, "operator:type": null, "layer": "1", "addr:full": null, "addr:city": null, "source": null, "name:zh": null, "osm_id": 1188207413, "osm_type": "ways_line"}, "geometry": {"type": "LineString", "coordinates": [[130.5793466, 44.5460416], [130.5751923, 44.5469989]]}}, {"type": "Feature", "properties": {"name": "\u6ee8\u7ee5\u7ebf", "name:en": null, "railway": "rail", "ele": null, "operator:type": null, "layer": null, "addr:full": null, "addr:city": null, "source": null, "name:zh": null, "osm_id": 1188207415, "osm_type": "ways_line"}, "geometry": {"type": "LineString", "coordinates": [[130.58748, 44.5441675], [130.5793466, 44.5460416]]}}, {"type": "Feature", "properties": {"name": "\u6ee8\u7ee5\u7ebf\uff08\u67f3\u6bdb\u6cb3\u7279\u5927\u6865\uff09", "name:en": null, "railway": "rail", "ele": null, "operator:type": null, "layer": "1", "addr:full": null, "addr:city": null, "source": null, "name:zh": null, "osm_id": 1188207416, "osm_type": "ways_line"}, "geometry": {"type": "LineString", "coordinates": [[130.8669063, 44.4269094], [130.8681777, 44.4266547], [130.869382, 44.4264688], [130.8703385, 44.426335], [130.8712985, 44.4262265], [130.87294, 44.4260784], [130.8739892, 44.4260291], [130.8750969, 44.4259907]]}}, {"type": "Feature", "properties": {"name": "\u6ee8\u7ee5\u7ebf\uff08\u67f3\u6bdb\u6cb3\u7279\u5927\u6865\uff09", "name:en": null, "railway": "rail", "ele": null, "operator:type": null, "layer": "1", "addr:full": null, "addr:city": null, "source": null, "name:zh": null, "osm_id": 1188207417, "osm_type": "ways_line"}, "geometry": {"type": "LineString", "coordinates": [[130.8750899, 44.4259443], [130.8739876, 44.4259841], [130.8729339, 44.4260398], [130.871291, 44.4261882], [130.8703304, 44.4263013], [130.8693716, 44.4264308], [130.8681653, 44.426617], [130.8668921, 44.426875]]}}, {"type": "Feature", "properties": {"name": "\u6ee8\u7ee5\u7ebf", "name:en": null, "railway": "rail", "ele": null, "operator:type": null, "layer": null, "addr:full": null, "addr:city": null, "source": "GPS", "name:zh": null, "osm_id": 1188207418, "osm_type": "ways_line"}, "geometry": {"type": "LineString", "coordinates": [[131.0991977, 44.4022402], [131.0978226, 44.4017376]]}}, {"type": "Feature", "properties": {"name": "\u6ee8\u7ee5\u7ebf", "name:en": null, "railway": "rail", "ele": null, "operator:type": null, "layer": null, "addr:full": null, "addr:city": null, "source": "GPS", "name:zh": null, "osm_id": 1188207419, "osm_type": "ways_line"}, "geometry": {"type": "LineString", "coordinates": [[131.0977868, 44.4017872], [131.0991724, 44.4022916]]}}, {"type": "Feature", "properties": {"name": "\u6ee8\u7ee5\u7ebf", "name:en": null, "railway": "rail", "ele": null, "operator:type": null, "layer": null, "addr:full": null, "addr:city": null, "source": "GPS", "name:zh": null, "osm_id": 1188207420, "osm_type": "ways_line"}, "geometry": {"type": "LineString", "coordinates": [[131.1024522, 44.4030795], [131.1020487, 44.4029984]]}}, {"type": "Feature", "properties": {"name": "\u6ee8\u7ee5\u7ebf", "name:en": null, "railway": "rail", "ele": null, "operator:type": null, "layer": null, "addr:full": null, "addr:city": null, "source": "GPS", "name:zh": null, "osm_id": 1188207421, "osm_type": "ways_line"}, "geometry": {"type": "LineString", "coordinates": [[131.1020339, 44.4030584], [131.102411, 44.4031363]]}}, {"type": "Feature", "properties": {"name": "\u6ee8\u7ee5\u7ebf", "name:en": null, "railway": "rail", "ele": null, "operator:type": null, "layer": null, "addr:full": null, "addr:city": null, "source": null, "name:zh": null, "osm_id": 1255168009, "osm_type": "ways_line"}, "geometry": {"type": "LineString", "coordinates": [[129.669436, 44.5911766], [129.6699189, 44.5910837], [129.6704313, 44.5909784], [129.6707499, 44.5909102], [129.6710686, 44.5908344], [129.6722955, 44.5905298], [129.6730176, 44.5903112], [129.6738279, 44.5900427], [129.6745871, 44.5897609], [129.675272, 44.5894801]]}}, {"type": "Feature", "properties": {"name": "\u6ee8\u7ee5\u7ebf", "name:en": null, "railway": "rail", "ele": null, "operator:type": null, "layer": null, "addr:full": null, "addr:city": null, "source": null, "name:zh": null, "osm_id": 1255168010, "osm_type": "ways_line"}, "geometry": {"type": "LineString", "coordinates": [[129.6752382, 44.5894431], [129.6745356, 44.5897326], [129.6738067, 44.5900057], [129.6729974, 44.5902702], [129.6719782, 44.5905713], [129.671077, 44.5907939], [129.6707349, 44.5908756], [129.6704116, 44.5909441], [129.6699079, 44.5910478], [129.669423, 44.591142]]}}, {"type": "Feature", "properties": {"name": "\u6ee8\u7ee5\u7ebf", "name:en": null, "railway": "rail", "ele": null, "operator:type": null, "layer": "1", "addr:full": null, "addr:city": null, "source": null, "name:zh": null, "osm_id": 1255168011, "osm_type": "ways_line"}, "geometry": {"type": "LineString", "coordinates": [[129.675947, 44.5891451], [129.6757329, 44.5892393], [129.6752382, 44.5894431]]}}, {"type": "Feature", "properties": {"name": "\u6ee8\u7ee5\u7ebf", "name:en": null, "railway": "rail", "ele": null, "operator:type": null, "layer": "1", "addr:full": null, "addr:city": null, "source": null, "name:zh": null, "osm_id": 1255168012, "osm_type": "ways_line"}, "geometry": {"type": "LineString", "coordinates": [[129.675272, 44.5894801], [129.6757583, 44.5892807], [129.6759732, 44.589186]]}}, {"type": "Feature", "properties": {"name": "\u6ee8\u7ee5\u7ebf", "name:en": null, "railway": "rail", "ele": null, "operator:type": null, "layer": null, "addr:full": null, "addr:city": null, "source": null, "name:zh": null, "osm_id": 1255168014, "osm_type": "ways_line"}, "geometry": {"type": "LineString", "coordinates": [[129.6759732, 44.589186], [129.6761488, 44.5891085], [129.676578, 44.5889053], [129.6771707, 44.5886051], [129.6777645, 44.5882883], [129.6779908, 44.5881597]]}}, {"type": "Feature", "properties": {"name": "\u6ee8\u7ee5\u7ebf", "name:en": null, "railway": "rail", "ele": null, "operator:type": null, "layer": null, "addr:full": null, "addr:city": null, "source": null, "name:zh": null, "osm_id": 1255168015, "osm_type": "ways_line"}, "geometry": {"type": "LineString", "coordinates": [[129.6779571, 44.5881327], [129.6777149, 44.5882623], [129.6771222, 44.5885768], [129.6765494, 44.5888654], [129.6761611, 44.5890509], [129.675947, 44.5891451]]}}, {"type": "Feature", "properties": {"name": "\u6ee8\u7ee5\u7ebf", "name:en": null, "railway": "rail", "ele": null, "operator:type": null, "layer": "1", "addr:full": null, "addr:city": null, "source": null, "name:zh": null, "osm_id": 1255168016, "osm_type": "ways_line"}, "geometry": {"type": "LineString", "coordinates": [[129.6779908, 44.5881597], [129.6782287, 44.5880295], [129.6786128, 44.5878168]]}}, {"type": "Feature", "properties": {"name": "\u6ee8\u7ee5\u7ebf", "name:en": null, "railway": "rail", "ele": null, "operator:type": null, "layer": "1", "addr:full": null, "addr:city": null, "source": null, "name:zh": null, "osm_id": 1255168017, "osm_type": "ways_line"}, "geometry": {"type": "LineString", "coordinates": [[129.6785809, 44.5877771], [129.6781992, 44.5879963], [129.6779571, 44.5881327]]}}, {"type": "Feature", "properties": {"name": "\u6ee8\u7ee5\u7ebf", "name:en": null, "railway": "rail", "ele": null, "operator:type": null, "layer": null, "addr:full": null, "addr:city": null, "source": "GPS;bing", "name:zh": null, "osm_id": 1147347866, "osm_type": "ways_line"}, "geometry": {"type": "LineString", "coordinates": [[128.3756156, 44.9464816], [128.3752075, 44.9471136], [128.3749789, 44.9474636], [128.374702, 44.9478877]]}}, {"type": "Feature", "properties": {"name": "\u6ee8\u7ee5\u7ebf", "name:en": null, "railway": "rail", "ele": null, "operator:type": null, "layer": null, "addr:full": null, "addr:city": null, "source": "GPS", "name:zh": null, "osm_id": 1147347872, "osm_type": "ways_line"}, "geometry": {"type": "LineString", "coordinates": [[128.5458252, 44.9226085], [128.5481382, 44.9220583], [128.5487826, 44.9219243], [128.5493384, 44.9218216], [128.5498781, 44.9217557], [128.5505122, 44.9217117], [128.5511586, 44.9216983], [128.5580904, 44.9218286], [128.5587231, 44.9218547], [128.5592734, 44.9218999], [128.5600898, 44.9220087], [128.5608875, 44.9221741], [128.5616112, 44.9223871], [128.5622604, 44.9226289], [128.5631357, 44.9229974], [128.5730982, 44.9273533], [128.5737975, 44.9276585], [128.5743074, 44.9278591], [128.5748327, 44.9280313], [128.5753425, 44.9281777], [128.5759141, 44.9283059], [128.5764741, 44.9284071], [128.5770433, 44.9284821], [128.580388, 44.9288719], [128.58098, 44.928936], [128.5815344, 44.9289677], [128.5820807, 44.9289823], [128.5826304, 44.9289589], [128.5831627, 44.928913], [128.5837863, 44.9288386], [128.5963748, 44.9271769], [128.5987876, 44.9268585]]}}, {"type": "Feature", "properties": {"name": "\u6ee8\u7ee5\u7ebf", "name:en": null, "railway": "rail", "ele": null, "operator:type": null, "layer": null, "addr:full": null, "addr:city": null, "source": "GPS", "name:zh": null, "osm_id": 1147347873, "osm_type": "ways_line"}, "geometry": {"type": "LineString", "coordinates": [[128.5987752, 44.9268141], [128.5969668, 44.9270532], [128.5837641, 44.9287988], [128.5831679, 44.9288688], [128.5826415, 44.928918], [128.5820822, 44.9289366], [128.5815478, 44.9289262], [128.5809919, 44.928893], [128.5803985, 44.9288302], [128.5770313, 44.9284282], [128.5764997, 44.9283611], [128.5759433, 44.9282634], [128.5753729, 44.9281248], [128.5748697, 44.9279844], [128.5743325, 44.9278132], [128.5738169, 44.9276116], [128.5731369, 44.9273129], [128.5631664, 44.9229544], [128.562314, 44.9225849], [128.5616445, 44.9223373], [128.560891, 44.9221201], [128.5601254, 44.9219553], [128.5593029, 44.9218481], [128.5587543, 44.9218085], [128.5581262, 44.9217855], [128.551178, 44.9216536], [128.5505218, 44.921668], [128.5498778, 44.9217063], [128.5493214, 44.9217774], [128.5487619, 44.9218834], [128.5481221, 44.9220184], [128.5458113, 44.9225677]]}}, {"type": "Feature", "properties": {"name": "\u6ee8\u7ee5\u7ebf", "name:en": null, "railway": "rail", "ele": null, "operator:type": null, "layer": null, "addr:full": null, "addr:city": null, "source": "GPS", "name:zh": null, "osm_id": 1147580465, "osm_type": "ways_line"}, "geometry": {"type": "LineString", "coordinates": [[128.7660547, 44.9402523], [128.7669328, 44.9429846], [128.7676776, 44.9453019], [128.7679223, 44.9460088], [128.7681503, 44.9464675], [128.7682712, 44.9466739], [128.7684029, 44.946868], [128.7685673, 44.9470784], [128.7687388, 44.9472889], [128.7689467, 44.9475203], [128.7691687, 44.9477454], [128.7693768, 44.947934], [128.7695956, 44.9481163], [128.7701093, 44.9484741], [128.7704157, 44.9486584], [128.7707323, 44.9488355], [128.7784926, 44.9531715], [128.7787553, 44.9533113], [128.7790503, 44.9534511], [128.7793061, 44.953568], [128.7795942, 44.9536848], [128.7798808, 44.9537896], [128.7801936, 44.9538911], [128.7804976, 44.953979], [128.7808186, 44.9540615], [128.7811106, 44.9541311], [128.7814087, 44.9541865], [128.7817118, 44.9542298], [128.782018, 44.9542611], [128.782352, 44.9542876], [128.7826953, 44.954312], [128.783284, 44.9543193], [128.7838077, 44.9543035], [128.7842959, 44.9542651], [128.7849401, 44.9541857], [128.8026567, 44.9516477]]}}, {"type": "Feature", "properties": {"name": "\u6ee8\u7ee5\u7ebf", "name:en": null, "railway": "rail", "ele": null, "operator:type": null, "layer": null, "addr:full": null, "addr:city": null, "source": "GPS", "name:zh": null, "osm_id": 1147580468, "osm_type": "ways_line"}, "geometry": {"type": "LineString", "coordinates": [[128.7469071, 44.9130403], [128.7466533, 44.9127874], [128.746277, 44.9124658], [128.7459117, 44.9121888], [128.7454906, 44.911909], [128.7449706, 44.9116257], [128.7444998, 44.9114132], [128.7441584, 44.9112775], [128.7437807, 44.9111379], [128.7433692, 44.9110206], [128.742814, 44.9108865], [128.7422004, 44.9107869], [128.7415977, 44.910717], [128.7410671, 44.9106824], [128.7404994, 44.9106757], [128.7229727, 44.9109115], [128.722172, 44.9109364], [128.721612, 44.9109659], [128.7210678, 44.9110132], [128.7200535, 44.9111583], [128.7154359, 44.9119155], [128.7142089, 44.9120662], [128.7132007, 44.9121677], [128.7059773, 44.9127858]]}}, {"type": "Feature", "properties": {"name": "\u6ee8\u7ee5\u7ebf", "name:en": null, "railway": "rail", "ele": null, "operator:type": null, "layer": null, "addr:full": null, "addr:city": null, "source": "GPS", "name:zh": null, "osm_id": 1147580471, "osm_type": "ways_line"}, "geometry": {"type": "LineString", "coordinates": [[128.8978804, 44.9265761], [128.8983924, 44.926247], [128.8992467, 44.9256916], [128.8996431, 44.9254496], [128.9000109, 44.9252608], [128.9003242, 44.9251144], [128.9007216, 44.9249697], [128.9013745, 44.9247704], [128.9017644, 44.9246653], [128.9023987, 44.9245152], [128.9093903, 44.9230601], [128.910241, 44.9228859], [128.9107709, 44.9227666], [128.9113465, 44.9226109], [128.9116325, 44.9225077], [128.9119097, 44.9223855], [128.9121099, 44.9222874], [128.9123239, 44.9221722]]}}, {"type": "Feature", "properties": {"name": "\u6ee8\u7ee5\u7ebf", "name:en": null, "railway": "rail", "ele": null, "operator:type": null, "layer": null, "addr:full": null, "addr:city": null, "source": "GPS", "name:zh": null, "osm_id": 1147580472, "osm_type": "ways_line"}, "geometry": {"type": "LineString", "coordinates": [[128.9122342, 44.9220997], [128.9120413, 44.9222091], [128.9118557, 44.9223072], [128.911581, 44.9224418], [128.9113029, 44.9225562], [128.9107522, 44.9227189], [128.9102116, 44.92285], [128.9093724, 44.9230186], [128.9023622, 44.9244841], [128.9017389, 44.9246246], [128.9013669, 44.9247304], [128.9007102, 44.9249369], [128.9003027, 44.9250864], [128.8999869, 44.9252274], [128.8996115, 44.9254204], [128.899211, 44.9256685], [128.8987611, 44.9259609], [128.8982397, 44.9262997]]}}, {"type": "Feature", "properties": {"name": "\u6ee8\u7ee5\u7ebf", "name:en": null, "railway": "rail", "ele": null, "operator:type": null, "layer": null, "addr:full": null, "addr:city": null, "source": "GPS", "name:zh": null, "osm_id": 1147580474, "osm_type": "ways_line"}, "geometry": {"type": "LineString", "coordinates": [[128.8858918, 44.9343307], [128.891289, 44.9308398], [128.8978804, 44.9265761]]}}, {"type": "Feature", "properties": {"name": "\u6ee8\u7ee5\u7ebf", "name:en": null, "railway": "rail", "ele": null, "operator:type": null, "layer": null, "addr:full": null, "addr:city": null, "source": "GPS", "name:zh": null, "osm_id": 1147580475, "osm_type": "ways_line"}, "geometry": {"type": "LineString", "coordinates": [[128.8982397, 44.9262997], [128.8912501, 44.9308101], [128.8871461, 44.9334582]]}}, {"type": "Feature", "properties": {"name": "\u6ee8\u7ee5\u7ebf", "name:en": null, "railway": "rail", "ele": null, "operator:type": null, "layer": null, "addr:full": null, "addr:city": null, "source": "GPS", "name:zh": null, "osm_id": 1147580481, "osm_type": "ways_line"}, "geometry": {"type": "LineString", "coordinates": [[128.9272064, 44.8906913], [128.9272833, 44.8909705], [128.9273613, 44.891141], [128.9274638, 44.8913433], [128.9276054, 44.8915708], [128.92788, 44.8919159], [128.9281593, 44.8921975], [128.9284362, 44.8924363], [128.9288127, 44.8926837], [128.9292111, 44.8929006], [128.9296298, 44.8931103], [128.9300564, 44.8932729], [128.9305751, 44.8934473], [128.9345827, 44.8946692], [128.935261, 44.8949316], [128.9357671, 44.8951881], [128.9362406, 44.8954707], [128.9366061, 44.8957137], [128.9369629, 44.8960271], [128.9373232, 44.8963973], [128.9376604, 44.8968357], [128.9379035, 44.8971969], [128.9381788, 44.8975712], [128.9384405, 44.897869], [128.9387141, 44.8981648], [128.9390225, 44.8984447], [128.9393297, 44.8986864], [128.9397186, 44.8989448], [128.9401101, 44.8991471], [128.9406193, 44.8993859], [128.9410294, 44.8995521], [128.9415904, 44.8997553], [128.9438173, 44.9004582], [128.944341, 44.9006376], [128.9446452, 44.9007592], [128.945098, 44.9010053], [128.9455049, 44.9012767], [128.9459469, 44.9016159], [128.9461602, 44.9018294], [128.9463595, 44.9020528], [128.9465682, 44.9023378], [128.9468192, 44.9028793], [128.9469249, 44.9032005], [128.9469916, 44.90357], [128.9469922, 44.9039399], [128.9469718, 44.9043842], [128.946954, 44.9046605], [128.9469503, 44.9049268], [128.9469826, 44.905292], [128.9470689, 44.9056667], [128.9472249, 44.9060513], [128.9473969, 44.9063644], [128.9476249, 44.9066873], [128.9478868, 44.9069699], [128.9482216, 44.9072823], [128.9485942, 44.9075485], [128.9491204, 44.9078355], [128.9495965, 44.9080486], [128.950154, 44.9082415], [128.9508013, 44.9084353], [128.9527226, 44.908995], [128.9533744, 44.9091876]]}}, {"type": "Feature", "properties": {"name": "\u6ee8\u7ee5\u7ebf", "name:en": null, "railway": "rail", "ele": null, "operator:type": null, "layer": null, "addr:full": null, "addr:city": null, "source": "GPS", "name:zh": null, "osm_id": 1147580483, "osm_type": "ways_line"}, "geometry": {"type": "LineString", "coordinates": [[128.9533744, 44.9091876], [128.9546143, 44.9095445], [128.9559318, 44.9099131], [128.9576381, 44.9104123], [128.9583479, 44.9106226], [128.9588229, 44.9107908], [128.9594453, 44.9110567], [128.9597302, 44.9111938], [128.9600204, 44.9113447], [128.9602125, 44.9114608], [128.9603993, 44.9115888], [128.9604605, 44.9116291], [128.9609507, 44.9119862], [128.9614518, 44.9124548], [128.9617935, 44.9128429], [128.9620588, 44.9131982], [128.9623286, 44.9136608], [128.9625657, 44.9142088], [128.9626961, 44.9146431], [128.9627819, 44.915117], [128.9628512, 44.9157066], [128.9628542, 44.916441]]}}, {"type": "Feature", "properties": {"name": "\u6ee8\u7ee5\u7ebf", "name:en": null, "railway": "rail", "ele": null, "operator:type": null, "layer": null, "addr:full": null, "addr:city": null, "source": "GPS", "name:zh": null, "osm_id": 1147580484, "osm_type": "ways_line"}, "geometry": {"type": "LineString", "coordinates": [[128.962924, 44.9164425], [128.9629059, 44.9156954], [128.9628499, 44.915126], [128.9627576, 44.9146292], [128.9626278, 44.9142006], [128.9623961, 44.9136433], [128.962119, 44.9131839], [128.9618463, 44.9128138], [128.9614896, 44.9124206], [128.9610123, 44.9119765], [128.9605026, 44.9115916], [128.9604466, 44.9115559], [128.9602531, 44.9114291], [128.9600472, 44.9113111], [128.959752, 44.9111581], [128.959448, 44.9110102], [128.9588541, 44.9107475], [128.9583551, 44.9105738], [128.9576453, 44.9103688], [128.9561675, 44.909934]]}}, {"type": "Feature", "properties": {"name": "\u6ee8\u7ee5\u7ebf", "name:en": null, "railway": "rail", "ele": null, "operator:type": null, "layer": null, "addr:full": null, "addr:city": null, "source": "GPS", "name:zh": null, "osm_id": 1147580487, "osm_type": "ways_line"}, "geometry": {"type": "LineString", "coordinates": [[129.0517273, 44.8084054], [129.0516202, 44.808235], [129.0513921, 44.8079373], [129.0510985, 44.807643], [129.0507922, 44.8073895], [129.0504322, 44.8071543], [129.0501008, 44.8069509], [129.0495977, 44.8067284], [129.0491423, 44.8065694], [129.0487325, 44.806456], [129.0482938, 44.8063664], [129.0479393, 44.8063066], [129.0473112, 44.8062258], [129.0436953, 44.8058618], [129.0431372, 44.8058241], [129.0427116, 44.805821], [129.0421679, 44.8058464], [129.0416556, 44.8059098], [129.0411783, 44.8060036], [129.0406762, 44.8061529], [129.0402265, 44.8063259], [129.0398143, 44.8065121], [129.0394635, 44.8067256], [129.0390634, 44.8070032], [129.0388135, 44.8072217], [129.0384297, 44.8076284], [129.0369465, 44.8094393], [129.0366396, 44.8098417], [129.0363841, 44.8102241], [129.0361667, 44.8106252], [129.0359534, 44.8111006], [129.0357447, 44.8116721], [129.0346026, 44.8155112], [129.0345131, 44.8159011], [129.034464, 44.8161866], [129.0344471, 44.8165368], [129.034495, 44.8169699], [129.0345962, 44.8174211], [129.0349763, 44.8188693], [129.0350396, 44.8191575], [129.0350721, 44.8194219], [129.0350771, 44.8196823], [129.0350419, 44.819995], [129.0349862, 44.8203073], [129.0348702, 44.8206158], [129.03474, 44.8208865], [129.0346024, 44.8211392], [129.0344735, 44.8213207], [129.0338292, 44.8221543], [129.033563, 44.8224762], [129.0333231, 44.8227986], [129.0330431, 44.8231964], [129.0328073, 44.8235668], [129.0324023, 44.8241651], [129.032238, 44.824378], [129.0320889, 44.8245448], [129.0319074, 44.8247292], [129.0316651, 44.8249221], [129.0314268, 44.8250877], [129.0307673, 44.8254875], [129.0304616, 44.825692], [129.0301382, 44.8259412], [129.0297958, 44.8262805], [129.0295607, 44.8265538], [129.0294099, 44.826761], [129.0292835, 44.826981], [129.0291843, 44.8271909], [129.029095, 44.8274089], [129.0290273, 44.8275986], [129.0289667, 44.8277983], [129.0288343, 44.8283031], [129.0287211, 44.828657], [129.0285935, 44.8290081], [129.0284444, 44.8293306], [129.0282288, 44.8296605], [129.0279799, 44.8299924], [129.0276874, 44.8303474], [129.0227545, 44.8358775], [129.022434, 44.8362161], [129.0221388, 44.8365082], [129.0218341, 44.8367705], [129.0215092, 44.8370216], [129.0209057, 44.8374487]]}}, {"type": "Feature", "properties": {"name": "\u6ee8\u7ee5\u7ebf", "name:en": null, "railway": "rail", "ele": null, "operator:type": null, "layer": "1", "addr:full": null, "addr:city": null, "source": "GPS", "name:zh": null, "osm_id": 1147580488, "osm_type": "ways_line"}, "geometry": {"type": "LineString", "coordinates": [[129.0209057, 44.8374487], [129.0202186, 44.8379389]]}}, {"type": "Feature", "properties": {"name": "\u6ee8\u7ee5\u7ebf", "name:en": null, "railway": "rail", "ele": null, "operator:type": null, "layer": null, "addr:full": null, "addr:city": null, "source": null, "name:zh": null, "osm_id": 1147580489, "osm_type": "ways_line"}, "geometry": {"type": "LineString", "coordinates": [[129.0570904, 44.8160209], [129.0573078, 44.8160841], [129.0575282, 44.816143], [129.0578842, 44.8162203], [129.0582595, 44.8162696], [129.0586204, 44.8162872], [129.0589361, 44.8162887], [129.0592778, 44.8162737], [129.0596591, 44.8162281], [129.0599701, 44.8161676], [129.0602648, 44.8160889], [129.0605433, 44.815997], [129.0608251, 44.8158863], [129.0611325, 44.8157457], [129.0615195, 44.8155519], [129.0620338, 44.8152984], [129.0624054, 44.8151152]]}}, {"type": "Feature", "properties": {"name": "\u6ee8\u7ee5\u7ebf", "name:en": null, "railway": "rail", "ele": null, "operator:type": null, "layer": null, "addr:full": null, "addr:city": null, "source": null, "name:zh": null, "osm_id": 1147580498, "osm_type": "ways_line"}, "geometry": {"type": "LineString", "coordinates": [[129.045172, 44.6469381], [129.0458935, 44.6462578], [129.0462087, 44.6459331], [129.0465456, 44.6456315], [129.0467125, 44.6454619], [129.0469821, 44.6452507], [129.0473407, 44.6449939], [129.047701, 44.6447701], [129.0481299, 44.6445308], [129.0519108, 44.6425008], [129.0533316, 44.641738]]}}, {"type": "Feature", "properties": {"name": "\u6ee8\u7ee5\u7ebf", "name:en": null, "railway": "rail", "ele": null, "operator:type": null, "layer": null, "addr:full": null, "addr:city": null, "source": null, "name:zh": null, "osm_id": 1147580499, "osm_type": "ways_line"}, "geometry": {"type": "LineString", "coordinates": [[129.0533316, 44.641738], [129.0589793, 44.6387056], [129.0593949, 44.6384766], [129.0597684, 44.6382561], [129.0600621, 44.6380684], [129.060304, 44.6378817], [129.0605613, 44.6376722], [129.0608392, 44.6374288], [129.0608643, 44.6374038], [129.0610803, 44.6371886], [129.0612694, 44.6369761], [129.0615547, 44.6366124], [129.0631845, 44.6344061]]}}, {"type": "Feature", "properties": {"name": "\u6ee8\u7ee5\u7ebf", "name:en": null, "railway": "rail", "ele": null, "operator:type": null, "layer": null, "addr:full": null, "addr:city": null, "source": null, "name:zh": null, "osm_id": 1147580500, "osm_type": "ways_line"}, "geometry": {"type": "LineString", "coordinates": [[129.0637955, 44.633469], [129.0614711, 44.6365515], [129.0611776, 44.6369268], [129.0609822, 44.6371439], [129.0607745, 44.6373565], [129.0607326, 44.6373994], [129.0604583, 44.6376419], [129.06022, 44.6378317], [129.0599569, 44.6380292], [129.0596955, 44.6382052], [129.0593513, 44.6384141], [129.0589278, 44.6386535], [129.0521247, 44.642321]]}}, {"type": "Feature", "properties": {"name": "\u6ee8\u7ee5\u7ebf", "name:en": null, "railway": "rail", "ele": null, "operator:type": null, "layer": null, "addr:full": null, "addr:city": null, "source": null, "name:zh": null, "osm_id": 1147580501, "osm_type": "ways_line"}, "geometry": {"type": "LineString", "coordinates": [[129.0521247, 44.642321], [129.0512276, 44.6428046], [129.0480869, 44.6444976], [129.0476609, 44.6447285], [129.0472745, 44.6449594], [129.0469446, 44.6451978], [129.0466418, 44.6454367], [129.0463786, 44.6456606], [129.0450598, 44.6468682]]}}, {"type": "Feature", "properties": {"name": "\u6ee8\u7ee5\u7ebf", "name:en": null, "railway": "rail", "ele": null, "operator:type": null, "layer": null, "addr:full": null, "addr:city": null, "source": null, "name:zh": null, "osm_id": 1147580509, "osm_type": "ways_line"}, "geometry": {"type": "LineString", "coordinates": [[129.1023925, 44.5765241], [129.1032498, 44.5764656], [129.1039506, 44.5764207], [129.1045742, 44.5763818], [129.1050598, 44.5763412], [129.105456, 44.5762927], [129.1056977, 44.5762543], [129.1059455, 44.5762116], [129.1062218, 44.5761544], [129.1064918, 44.5760928], [129.1067776, 44.5760155], [129.1070449, 44.5759403], [129.1073907, 44.5758267], [129.1076765, 44.5757253], [129.1284719, 44.5672572], [129.1287548, 44.5671429], [129.1290391, 44.5670319], [129.1293651, 44.5669115], [129.1296952, 44.5667938], [129.1300774, 44.5666681], [129.1304766, 44.5665414], [129.1354551, 44.5649798]]}}, {"type": "Feature", "properties": {"name": "\u6ee8\u7ee5\u7ebf", "name:en": null, "railway": "rail", "ele": null, "operator:type": null, "layer": null, "addr:full": null, "addr:city": null, "source": null, "name:zh": null, "osm_id": 1147580510, "osm_type": "ways_line"}, "geometry": {"type": "LineString", "coordinates": [[129.1354262, 44.5649466], [129.1304473, 44.5665112], [129.1300468, 44.5666362], [129.1296823, 44.5667574], [129.1293464, 44.5668759], [129.1290118, 44.5669982], [129.1287264, 44.5671072], [129.128441, 44.5672205], [129.1076476, 44.5756851], [129.107366, 44.5757849], [129.1070166, 44.5758979], [129.1067437, 44.5759775], [129.1064739, 44.5760504], [129.1061989, 44.5761098], [129.1059316, 44.5761648], [129.1056889, 44.5762071], [129.1054478, 44.5762471], [129.1050573, 44.576293], [129.1046047, 44.5763337], [129.1039472, 44.5763688], [129.103741, 44.5763809], [129.1030398, 44.5764218]]}}, {"type": "Feature", "properties": {"name": "\u6ee8\u7ee5\u7ebf", "name:en": null, "railway": "rail", "ele": null, "operator:type": null, "layer": null, "addr:full": null, "addr:city": null, "source": null, "name:zh": null, "osm_id": 1147580512, "osm_type": "ways_line"}, "geometry": {"type": "LineString", "coordinates": [[129.0898886, 44.5772659], [129.0932726, 44.5770687], [129.0978197, 44.5768037], [129.0983564, 44.5767669], [129.0997101, 44.5766785], [129.1001892, 44.5766478], [129.1023925, 44.5765241]]}}, {"type": "Feature", "properties": {"name": "\u6ee8\u7ee5\u7ebf", "name:en": null, "railway": "rail", "ele": null, "operator:type": null, "layer": null, "addr:full": null, "addr:city": null, "source": null, "name:zh": null, "osm_id": 1147580513, "osm_type": "ways_line"}, "geometry": {"type": "LineString", "coordinates": [[129.1030398, 44.5764218], [129.0932622, 44.5769925], [129.0929279, 44.577012], [129.0925549, 44.5770319], [129.0920011, 44.5770705], [129.0916721, 44.5770947], [129.0911162, 44.5771409], [129.0906899, 44.5771715], [129.0895214, 44.5772398]]}}, {"type": "Feature", "properties": {"name": "\u6ee8\u7ee5\u7ebf", "name:en": null, "railway": "rail", "ele": null, "operator:type": null, "layer": null, "addr:full": null, "addr:city": null, "source": null, "name:zh": null, "osm_id": 1147580516, "osm_type": "ways_line"}, "geometry": {"type": "LineString", "coordinates": [[129.2507357, 44.5208296], [129.2509637, 44.5207768], [129.2513211, 44.5207021], [129.2516723, 44.5206538], [129.2521099, 44.5206099], [129.2525042, 44.5205923], [129.2529171, 44.5205879], [129.2533176, 44.5206055], [129.2536689, 44.5206318], [129.2540756, 44.5206846], [129.2545069, 44.520768], [129.2549506, 44.5208779], [129.2553388, 44.5210009], [129.2557085, 44.5211459], [129.2560413, 44.5212997], [129.2563863, 44.5214798], [129.2566821, 44.5216599], [129.2570149, 44.5218972], [129.2573045, 44.52213], [129.2575202, 44.5223365], [129.2577235, 44.5225694], [129.257904, 44.5227745], [129.2580471, 44.522966], [129.258202, 44.5232124], [129.2583746, 44.5236359], [129.2584558, 44.5238764], [129.2588763, 44.5253904], [129.2590542, 44.5260312], [129.2596414, 44.528156]]}}, {"type": "Feature", "properties": {"name": "\u6ee8\u7ee5\u7ebf", "name:en": null, "railway": "rail", "ele": null, "operator:type": null, "layer": null, "addr:full": null, "addr:city": null, "source": null, "name:zh": null, "osm_id": 1147580517, "osm_type": "ways_line"}, "geometry": {"type": "LineString", "coordinates": [[129.2596414, 44.528156], [129.2599202, 44.5291624], [129.2604312, 44.5310129], [129.2605022, 44.531277], [129.2605326, 44.5313902], [129.2606663, 44.5317985], [129.2607761, 44.5321031], [129.2608847, 44.5323132], [129.2610202, 44.5325767], [129.2611765, 44.5328472], [129.2612885, 44.5330153], [129.2614516, 44.53324], [129.2616103, 44.5334423], [129.2618216, 44.5336914], [129.262037, 44.5339296], [129.2623081, 44.5341932], [129.2624284, 44.5342966], [129.2627693, 44.5345747], [129.2630476, 44.5347701], [129.2634063, 44.5349957], [129.2638093, 44.5352255], [129.2656327, 44.5362707]]}}, {"type": "Feature", "properties": {"name": "\u6ee8\u7ee5\u7ebf", "name:en": null, "railway": "rail", "ele": null, "operator:type": null, "layer": null, "addr:full": null, "addr:city": null, "source": "bing", "name:zh": null, "osm_id": 1147580519, "osm_type": "ways_line"}, "geometry": {"type": "LineString", "coordinates": [[129.2656909, 44.5362285], [129.2648667, 44.5357555], [129.2641239, 44.5353352], [129.2634946, 44.5349788], [129.2633341, 44.5348842], [129.2631283, 44.5347541], [129.2629709, 44.5346433], [129.2625304, 44.5343115], [129.2622689, 44.5340888], [129.26207, 44.5338862], [129.2618035, 44.5335948], [129.2615514, 44.5332845], [129.2613282, 44.5329748], [129.2610919, 44.5325842], [129.2608737, 44.5321661], [129.2607123, 44.5317423], [129.26058, 44.5312943], [129.2605716, 44.5312641], [129.2602304, 44.5300362], [129.2597656, 44.5283599], [129.259602, 44.5277651], [129.2594181, 44.5271327], [129.2591698, 44.5262056]]}}, {"type": "Feature", "properties": {"name": "\u6ee8\u7ee5\u7ebf", "name:en": null, "railway": "rail", "ele": null, "operator:type": null, "layer": null, "addr:full": null, "addr:city": null, "source": "bing", "name:zh": null, "osm_id": 1147580520, "osm_type": "ways_line"}, "geometry": {"type": "LineString", "coordinates": [[129.2591698, 44.5262056], [129.2591257, 44.5260215], [129.258944, 44.5253807], [129.2587971, 44.5248695], [129.2586066, 44.5241991], [129.258516, 44.5238629], [129.2584415, 44.5236259], [129.2582394, 44.5231649], [129.2580924, 44.5229355], [129.2579041, 44.5226833], [129.2576456, 44.522395], [129.2573685, 44.5221203], [129.2570688, 44.5218764], [129.256645, 44.5215701], [129.2561378, 44.5212767], [129.2556418, 44.5210619], [129.2552128, 44.5209023], [129.2546553, 44.5207502], [129.2541979, 44.5206575], [129.2536739, 44.5205852], [129.2531276, 44.5205471], [129.2526848, 44.5205395], [129.2521528, 44.5205596], [129.2518115, 44.5205829], [129.2514701, 44.5206229], [129.2510147, 44.5207121], [129.2507107, 44.52078]]}}, {"type": "Feature", "properties": {"name": "\u6ee8\u7ee5\u7ebf", "name:en": null, "railway": "rail", "ele": null, "operator:type": null, "layer": null, "addr:full": null, "addr:city": null, "source": "bing", "name:zh": null, "osm_id": 1147580524, "osm_type": "ways_line"}, "geometry": {"type": "LineString", "coordinates": [[129.384106, 44.56367], [129.3844092, 44.5635336], [129.384961, 44.5632789], [129.385151, 44.5631908], [129.38557, 44.5629948], [129.3858831, 44.5628321], [129.3861939, 44.5626456], [129.3865258, 44.5624001], [129.3867506, 44.5622086], [129.3869491, 44.5620124], [129.3872256, 44.561697], [129.3874046, 44.561447], [129.3876085, 44.561133], [129.3879593, 44.5605567], [129.3881015, 44.5603644], [129.38823, 44.5602016], [129.3884807, 44.5599136], [129.3887361, 44.5596614], [129.3889681, 44.5594521], [129.3902095, 44.5583888], [129.3904458, 44.5581921], [129.3906633, 44.5580146], [129.3909717, 44.5577784], [129.3912054, 44.5576127], [129.3915674, 44.5573636], [129.3933525, 44.5561543], [129.3936544, 44.5559533], [129.3939129, 44.5557931], [129.3941583, 44.555664], [129.39456, 44.5554801], [129.3949112, 44.5553387], [129.3952401, 44.5552307], [129.3956161, 44.5551262], [129.3960872, 44.5550176], [129.3967074, 44.5549336]]}}, {"type": "Feature", "properties": {"name": "\u6ee8\u7ee5\u7ebf", "name:en": null, "railway": "rail", "ele": null, "operator:type": null, "layer": null, "addr:full": null, "addr:city": null, "source": "bing", "name:zh": null, "osm_id": 1147580525, "osm_type": "ways_line"}, "geometry": {"type": "LineString", "coordinates": [[129.396732, 44.5548289], [129.39639, 44.5548761], [129.3960737, 44.5549273], [129.3955798, 44.5550414], [129.3951883, 44.5551599], [129.3948578, 44.5552783], [129.3945424, 44.5554138], [129.3941598, 44.5556061], [129.3938974, 44.5557485], [129.393611, 44.5559307], [129.3933223, 44.5561211], [129.3915324, 44.5573349], [129.3911686, 44.5575829], [129.3909479, 44.5577409], [129.390725, 44.5579089], [129.3906112, 44.5579977], [129.3903955, 44.5581728], [129.3901613, 44.5583657], [129.3889289, 44.5594185], [129.3886896, 44.5596347], [129.3884399, 44.5598798], [129.3881748, 44.5601815], [129.3880421, 44.5603482], [129.3879019, 44.5605372], [129.387622, 44.5609996], [129.3873526, 44.5614193], [129.3871933, 44.5616413], [129.3870568, 44.5618036], [129.3868781, 44.5619961], [129.3866993, 44.5621743], [129.386483, 44.562365], [129.3861698, 44.5625894], [129.3858451, 44.5627932], [129.3855344, 44.562957], [129.3851216, 44.5631474], [129.3843405, 44.5635052]]}}, {"type": "Feature", "properties": {"name": "\u6ee8\u7ee5\u7ebf", "name:en": null, "railway": "rail", "ele": null, "operator:type": null, "layer": null, "addr:full": null, "addr:city": null, "source": "bing", "name:zh": null, "osm_id": 1147580530, "osm_type": "ways_line"}, "geometry": {"type": "LineString", "coordinates": [[129.37092, 44.5671292], [129.3797671, 44.5649451], [129.3826878, 44.5642241], [129.382877, 44.5641673], [129.3830488, 44.5641122], [129.3832393, 44.5640428], [129.3834324, 44.563968], [129.383605, 44.5638932], [129.3838509, 44.563787], [129.384106, 44.56367]]}}, {"type": "Feature", "properties": {"name": "\u6ee8\u7ee5\u7ebf", "name:en": null, "railway": "rail", "ele": null, "operator:type": null, "layer": null, "addr:full": null, "addr:city": null, "source": "bing", "name:zh": null, "osm_id": 1147580541, "osm_type": "ways_line"}, "geometry": {"type": "LineString", "coordinates": [[129.480814, 44.564306], [129.4856154, 44.5636209], [129.485898, 44.5635864], [129.4861814, 44.56356], [129.4865019, 44.5635427], [129.4868407, 44.5635325], [129.487258, 44.5635274], [129.48767, 44.5635296], [129.490286, 44.5636138], [129.495505, 44.5637818]]}}, {"type": "Feature", "properties": {"name": "\u6ee8\u7ee5\u7ebf", "name:en": null, "railway": "rail", "ele": null, "operator:type": null, "layer": null, "addr:full": null, "addr:city": null, "source": "bing", "name:zh": null, "osm_id": 1147580542, "osm_type": "ways_line"}, "geometry": {"type": "LineString", "coordinates": [[129.495506, 44.5637318], [129.4902884, 44.5635682], [129.4876747, 44.5634863], [129.4872621, 44.5634834], [129.4868495, 44.5634894], [129.4865136, 44.5634971], [129.4861762, 44.5635138], [129.4858903, 44.563538], [129.4856058, 44.5635713], [129.4808039, 44.5642535]]}}, {"type": "Feature", "properties": {"name": "\u6ee8\u7ee5\u7ebf", "name:en": null, "railway": "rail", "ele": null, "operator:type": null, "layer": null, "addr:full": null, "addr:city": null, "source": "bing", "name:zh": null, "osm_id": 1147580543, "osm_type": "ways_line"}, "geometry": {"type": "LineString", "coordinates": [[129.4808039, 44.5642535], [129.4800193, 44.5643649], [129.4794263, 44.5644492], [129.4789497, 44.5645169], [129.4746721, 44.5651309]]}}, {"type": "Feature", "properties": {"name": "\u6ee8\u7ee5\u7ebf", "name:en": null, "railway": "rail", "ele": null, "operator:type": null, "layer": null, "addr:full": null, "addr:city": null, "source": "bing", "name:zh": null, "osm_id": 1147580544, "osm_type": "ways_line"}, "geometry": {"type": "LineString", "coordinates": [[129.4746796, 44.5651775], [129.4789555, 44.5645713], [129.4794391, 44.5645022], [129.4800355, 44.5644171], [129.480814, 44.564306]]}}, {"type": "Feature", "properties": {"name": "\u6ee8\u7ee5\u7ebf", "name:en": null, "railway": "rail", "ele": null, "operator:type": null, "layer": null, "addr:full": null, "addr:city": null, "source": "yahoo imagery", "name:zh": null, "osm_id": 1286080860, "osm_type": "ways_line"}, "geometry": {"type": "LineString", "coordinates": [[126.8642526, 45.6851225], [126.8609066, 45.6859331], [126.8597459, 45.6862211], [126.8586853, 45.6865185], [126.8575483, 45.6868592], [126.8561438, 45.6873008], [126.8471287, 45.6901444], [126.8465243, 45.6903437], [126.8460535, 45.6905046], [126.8455826, 45.6906797], [126.8449027, 45.6909631], [126.8441999, 45.6912835], [126.8435824, 45.6916179], [126.8430535, 45.6919297], [126.8423466, 45.6923853], [126.8417585, 45.6927968], [126.839409, 45.694537], [126.8390243, 45.6947816], [126.8384799, 45.6950878], [126.837812, 45.6954249], [126.8375159, 45.6955482], [126.8372234, 45.6956616], [126.8368436, 45.6957894], [126.8365302, 45.6958912], [126.8361315, 45.6960091], [126.8358734, 45.6960806], [126.8353422, 45.696224], [126.8346712, 45.6964053]]}}, {"type": "Feature", "properties": {"name": "\u6ee8\u7ee5\u7ebf", "name:en": null, "railway": "rail", "ele": null, "operator:type": null, "layer": "1", "addr:full": null, "addr:city": null, "source": "yahoo imagery", "name:zh": null, "osm_id": 1286080861, "osm_type": "ways_line"}, "geometry": {"type": "LineString", "coordinates": [[126.8643469, 45.6850997], [126.8642526, 45.6851225]]}}, {"type": "Feature", "properties": {"name": "\u6ee8\u7ee5\u7ebf", "name:en": null, "railway": "rail", "ele": null, "operator:type": null, "layer": null, "addr:full": null, "addr:city": null, "source": "yahoo imagery", "name:zh": null, "osm_id": 1286080863, "osm_type": "ways_line"}, "geometry": {"type": "LineString", "coordinates": [[126.9975125, 45.5456826], [126.9966323, 45.5461192]]}}, {"type": "Feature", "properties": {"name": "\u6ee8\u7ee5\u7ebf", "name:en": null, "railway": "rail", "ele": null, "operator:type": null, "layer": "1", "addr:full": null, "addr:city": null, "source": "yahoo imagery", "name:zh": null, "osm_id": 1286080864, "osm_type": "ways_line"}, "geometry": {"type": "LineString", "coordinates": [[126.9966323, 45.5461192], [126.9964181, 45.5462253]]}}, {"type": "Feature", "properties": {"name": "\u6ee8\u7ee5\u7ebf", "name:en": null, "railway": "rail", "ele": null, "operator:type": null, "layer": null, "addr:full": null, "addr:city": null, "source": "yahoo imagery", "name:zh": null, "osm_id": 1286080865, "osm_type": "ways_line"}, "geometry": {"type": "LineString", "coordinates": [[126.996664, 45.5461643], [126.9975549, 45.545723]]}}, {"type": "Feature", "properties": {"name": "\u6ee8\u7ee5\u7ebf", "name:en": null, "railway": "rail", "ele": null, "operator:type": null, "layer": "1", "addr:full": null, "addr:city": null, "source": "yahoo imagery", "name:zh": null, "osm_id": 1286080866, "osm_type": "ways_line"}, "geometry": {"type": "LineString", "coordinates": [[126.9964564, 45.5462671], [126.996664, 45.5461643]]}}, {"type": "Feature", "properties": {"name": "\u6ee8\u7ee5\u7ebf", "name:en": null, "railway": "rail", "ele": null, "operator:type": null, "layer": null, "addr:full": null, "addr:city": null, "source": null, "name:zh": null, "osm_id": 1286080870, "osm_type": "ways_line"}, "geometry": {"type": "LineString", "coordinates": [[127.0849152, 45.4717483], [127.0842616, 45.4725628], [127.0839796, 45.4728941], [127.0836675, 45.4732428], [127.0833391, 45.4735959], [127.0828184, 45.4740582], [127.082553, 45.4742953], [127.0822723, 45.4745134], [127.082027, 45.474696], [127.0815066, 45.4750497], [127.081028, 45.4753548], [127.0806323, 45.4755861], [127.0802108, 45.4758112], [127.0795543, 45.4761259], [127.0790064, 45.4763737], [127.0782538, 45.4767142], [127.0776067, 45.477007], [127.0768143, 45.4773656]]}}, {"type": "Feature", "properties": {"name": "\u6ee8\u7ee5\u7ebf", "name:en": null, "railway": "rail", "ele": null, "operator:type": null, "layer": "1", "addr:full": null, "addr:city": null, "source": null, "name:zh": null, "osm_id": 1286080871, "osm_type": "ways_line"}, "geometry": {"type": "LineString", "coordinates": [[127.084958, 45.471695], [127.0849152, 45.4717483]]}}, {"type": "Feature", "properties": {"name": "\u6ee8\u7ee5\u7ebf", "name:en": null, "railway": "rail", "ele": null, "operator:type": null, "layer": null, "addr:full": null, "addr:city": null, "source": null, "name:zh": null, "osm_id": 1286080872, "osm_type": "ways_line"}, "geometry": {"type": "LineString", "coordinates": [[127.0768477, 45.4774103], [127.0776475, 45.477049], [127.0782887, 45.4767593], [127.0796074, 45.4761634], [127.0802541, 45.4758497], [127.0806839, 45.475619], [127.0810684, 45.4753942], [127.0815661, 45.4750823], [127.082081, 45.4747308], [127.0823367, 45.4745422], [127.0826116, 45.4743248], [127.0828864, 45.4740858], [127.0833977, 45.4736171], [127.0837327, 45.4732668], [127.0840455, 45.4729146], [127.0843253, 45.4725835], [127.0849754, 45.4717709]]}}, {"type": "Feature", "properties": {"name": "\u6ee8\u7ee5\u7ebf", "name:en": null, "railway": "rail", "ele": null, "operator:type": null, "layer": "1", "addr:full": null, "addr:city": null, "source": null, "name:zh": null, "osm_id": 1286080873, "osm_type": "ways_line"}, "geometry": {"type": "LineString", "coordinates": [[127.0849754, 45.4717709], [127.0850178, 45.4717179]]}}, {"type": "Feature", "properties": {"name": "\u6ee8\u7ee5\u7ebf", "name:en": null, "railway": "rail", "ele": null, "operator:type": null, "layer": "1", "addr:full": null, "addr:city": null, "source": null, "name:zh": null, "osm_id": 1286080877, "osm_type": "ways_line"}, "geometry": {"type": "LineString", "coordinates": [[127.0876304, 45.4683653], [127.0872607, 45.4688259]]}}, {"type": "Feature", "properties": {"name": "\u6ee8\u7ee5\u7ebf", "name:en": null, "railway": "rail", "ele": null, "operator:type": null, "layer": "1", "addr:full": null, "addr:city": null, "source": null, "name:zh": null, "osm_id": 1286080878, "osm_type": "ways_line"}, "geometry": {"type": "LineString", "coordinates": [[127.0873143, 45.4688476], [127.0876825, 45.4683874]]}}, {"type": "Feature", "properties": {"name": "\u6ee8\u7ee5\u7ebf", "name:en": null, "railway": "rail", "ele": null, "operator:type": null, "layer": null, "addr:full": null, "addr:city": null, "source": null, "name:zh": null, "osm_id": 1286080881, "osm_type": "ways_line"}, "geometry": {"type": "LineString", "coordinates": [[127.261539, 45.3602156], [127.261747, 45.3601723], [127.2620356, 45.3601226], [127.2623661, 45.3600737], [127.2627902, 45.3600324], [127.2632744, 45.3600035], [127.2638575, 45.3599877], [127.2650725, 45.360003], [127.2658256, 45.3600001], [127.2661793, 45.3599866], [127.266533, 45.3599632], [127.2668577, 45.359928], [127.2671788, 45.3598853], [127.2675208, 45.3598279], [127.2678628, 45.3597606], [127.2718015, 45.3589451], [127.2722161, 45.3588531], [127.2726174, 45.3587516], [127.2729732, 45.3586453], [127.2733988, 45.3585033], [127.2738186, 45.3583416], [127.2742835, 45.3581282], [127.2746076, 45.3579501], [127.2752387, 45.3575699], [127.2757683, 45.3572277], [127.2761573, 45.3569512], [127.2765146, 45.3566583], [127.2801482, 45.3532435], [127.2805589, 45.3528794], [127.2809309, 45.3525561], [127.281726, 45.3519075], [127.2823228, 45.3514444], [127.2844236, 45.3498316], [127.2848383, 45.3495388], [127.2851069, 45.349367], [127.2853943, 45.3491998], [127.2856821, 45.3490438], [127.2860879, 45.348861], [127.286499, 45.3486915], [127.2869704, 45.3485313], [127.2874203, 45.3483937], [127.2879145, 45.3482765], [127.288171, 45.3482246], [127.2884382, 45.3481782], [127.2890776, 45.3480963], [127.297223, 45.3471491], [127.2978869, 45.347065], [127.2982989, 45.3470087], [127.2987126, 45.3469363], [127.299074, 45.3468563], [127.2994125, 45.3467665], [127.3000396, 45.3465761], [127.3004432, 45.3464248], [127.3006868, 45.3463245], [127.3009305, 45.3462135], [127.3011836, 45.3460844], [127.3015039, 45.3459088], [127.3018058, 45.3457202], [127.3020891, 45.3455239], [127.3023267, 45.3453501], [127.3025536, 45.3451593], [127.3027849, 45.3449514], [127.3030284, 45.3447131], [127.3033028, 45.3443898], [127.3035104, 45.3441222], [127.3036948, 45.3438385], [127.3038556, 45.3435554], [127.3040164, 45.3432268], [127.3053363, 45.3400324], [127.3055088, 45.3396848], [127.3056482, 45.3393805], [127.3058239, 45.3390814], [127.3060032, 45.3388354], [127.3062289, 45.3385651], [127.3072062, 45.3374289], [127.3078731, 45.3366536]]}}, {"type": "Feature", "properties": {"name": "\u6ee8\u7ee5\u7ebf", "name:en": null, "railway": "rail", "ele": null, "operator:type": null, "layer": "1", "addr:full": null, "addr:city": null, "source": null, "name:zh": null, "osm_id": 1286080882, "osm_type": "ways_line"}, "geometry": {"type": "LineString", "coordinates": [[127.2614565, 45.3602327], [127.261539, 45.3602156]]}}, {"type": "Feature", "properties": {"name": "\u6ee8\u7ee5\u7ebf", "name:en": null, "railway": "rail", "ele": null, "operator:type": null, "layer": null, "addr:full": null, "addr:city": null, "source": "yahoo imagery, landsat", "name:zh": null, "osm_id": 1286080883, "osm_type": "ways_line"}, "geometry": {"type": "LineString", "coordinates": [[127.3078136, 45.3366337], [127.3074374, 45.3370683], [127.3061727, 45.3385436], [127.3059486, 45.3388155], [127.3057644, 45.3390705], [127.305588, 45.3393767], [127.3054433, 45.3396808], [127.3052777, 45.3400338], [127.3039657, 45.3432048], [127.3038016, 45.3435492], [127.3036498, 45.3438201], [127.3034556, 45.3441133], [127.3032368, 45.3443892], [127.3029714, 45.344694], [127.302744, 45.3449325], [127.3025166, 45.345145], [127.3022945, 45.3453281], [127.3020644, 45.3454961], [127.3017787, 45.3456919], [127.3014702, 45.3458793], [127.3011556, 45.3460516], [127.3008988, 45.3461796], [127.3006619, 45.3462914], [127.300425, 45.3463923], [127.3000192, 45.3465445], [127.2993873, 45.3467339], [127.2990563, 45.3468239], [127.2987081, 45.3468972], [127.2982926, 45.3469713], [127.2978755, 45.3470293], [127.2972217, 45.3471152], [127.289073, 45.3480584], [127.2884235, 45.3481428], [127.2881592, 45.3481875], [127.2879057, 45.3482417], [127.287408, 45.3483585], [127.2869468, 45.3484974], [127.2864695, 45.3486627], [127.2860582, 45.3488294], [127.2856576, 45.3490093], [127.2853587, 45.3491646], [127.2850694, 45.3493332], [127.2848093, 45.3495028], [127.2843807, 45.3497996], [127.2822908, 45.351406], [127.2816927, 45.3518618], [127.2808983, 45.3525214], [127.2805386, 45.3528333], [127.2801155, 45.3532029], [127.2764598, 45.3566368], [127.2761177, 45.3569246], [127.2757307, 45.3571978], [127.2751917, 45.3575433], [127.2745659, 45.3579148], [127.2742313, 45.3580892], [127.273775, 45.3582926], [127.2733394, 45.358457], [127.2729317, 45.3585997], [127.2726044, 45.3586991], [127.2721893, 45.3588036], [127.2717706, 45.3588961], [127.2678008, 45.359706], [127.2674845, 45.3597663], [127.2671621, 45.359823], [127.2668235, 45.3598682], [127.2665064, 45.3599016], [127.2661643, 45.3599221], [127.2658221, 45.3599319], [127.2650812, 45.3599375], [127.2638738, 45.3599223], [127.2633246, 45.3599305], [127.2627899, 45.3599694], [127.2623544, 45.3600184], [127.2620647, 45.3600628], [127.2617375, 45.3601238], [127.2615208, 45.36017]]}}, {"type": "Feature", "properties": {"name": "\u6ee8\u7ee5\u7ebf", "name:en": null, "railway": "rail", "ele": null, "operator:type": null, "layer": "1", "addr:full": null, "addr:city": null, "source": "yahoo imagery, landsat", "name:zh": null, "osm_id": 1286080884, "osm_type": "ways_line"}, "geometry": {"type": "LineString", "coordinates": [[127.2615208, 45.36017], [127.2614361, 45.360188]]}}, {"type": "Feature", "properties": {"name": "\u6ee8\u7ee5\u7ebf", "name:en": null, "railway": "rail", "ele": null, "operator:type": null, "layer": null, "addr:full": null, "addr:city": null, "source": null, "name:zh": null, "osm_id": 1286080887, "osm_type": "ways_line"}, "geometry": {"type": "LineString", "coordinates": [[127.3194661, 45.330632], [127.3203597, 45.3305989], [127.3221823, 45.3305315], [127.3226456, 45.3305144], [127.3234729, 45.3304594], [127.3240432, 45.3303972], [127.3245077, 45.3303169], [127.3249998, 45.3302112], [127.3254813, 45.3300802], [127.3261071, 45.3298943], [127.3300224, 45.328697], [127.3312247, 45.3282841], [127.3317244, 45.3280649], [127.3320846, 45.3278966], [127.3323347, 45.327766]]}}, {"type": "Feature", "properties": {"name": "\u6ee8\u7ee5\u7ebf", "name:en": null, "railway": "rail", "ele": null, "operator:type": null, "layer": "1", "addr:full": null, "addr:city": null, "source": null, "name:zh": null, "osm_id": 1286080888, "osm_type": "ways_line"}, "geometry": {"type": "LineString", "coordinates": [[127.3323347, 45.327766], [127.3324143, 45.3277245]]}}, {"type": "Feature", "properties": {"name": "\u6ee8\u7ee5\u7ebf", "name:en": null, "railway": "rail", "ele": null, "operator:type": null, "layer": null, "addr:full": null, "addr:city": null, "source": "yahoo imagery, landsat", "name:zh": null, "osm_id": 1286080889, "osm_type": "ways_line"}, "geometry": {"type": "LineString", "coordinates": [[127.3322912, 45.3277121], [127.3319822, 45.3278748], [127.3316488, 45.328037], [127.3312265, 45.3282164], [127.3308217, 45.3283758], [127.3299934, 45.3286562], [127.3260735, 45.3298507], [127.3254581, 45.3300372], [127.3249861, 45.3301631], [127.3244815, 45.3302744], [127.3240278, 45.3303486], [127.3234665, 45.330411], [127.322641, 45.3304657], [127.3218639, 45.3304947], [127.3214865, 45.3305088], [127.3209136, 45.3305302], [127.3203595, 45.3305509]]}}, {"type": "Feature", "properties": {"name": "\u6ee8\u7ee5\u7ebf", "name:en": null, "railway": "rail", "ele": null, "operator:type": null, "layer": "1", "addr:full": null, "addr:city": null, "source": "yahoo imagery, landsat", "name:zh": null, "osm_id": 1286080890, "osm_type": "ways_line"}, "geometry": {"type": "LineString", "coordinates": [[127.3323696, 45.3276708], [127.3322912, 45.3277121]]}}, {"type": "Feature", "properties": {"name": "\u6ee8\u7ee5\u7ebf", "name:en": null, "railway": "rail", "ele": null, "operator:type": null, "layer": "1", "addr:full": null, "addr:city": null, "source": null, "name:zh": null, "osm_id": 1286080894, "osm_type": "ways_line"}, "geometry": {"type": "LineString", "coordinates": [[127.3868156, 45.3357995], [127.3869584, 45.3357943]]}}, {"type": "Feature", "properties": {"name": "\u6ee8\u7ee5\u7ebf", "name:en": null, "railway": "rail", "ele": null, "operator:type": null, "layer": null, "addr:full": null, "addr:city": null, "source": "bing;GPS", "name:zh": null, "osm_id": 1286080903, "osm_type": "ways_line"}, "geometry": {"type": "LineString", "coordinates": [[127.5241576, 45.2738006], [127.5250125, 45.2737664], [127.5270362, 45.2736855], [127.527855, 45.2736833], [127.5285488, 45.2736966], [127.5290047, 45.2737242], [127.529601, 45.2737799], [127.5303008, 45.2738588], [127.5309057, 45.273913], [127.5314231, 45.2739379], [127.5318961, 45.2739352], [127.5324278, 45.2739089], [127.5329652, 45.2738506], [127.5333114, 45.2737978], [127.5336388, 45.2737421], [127.5341034, 45.2736411], [127.534517, 45.2735293], [127.5349681, 45.2733835], [127.5354536, 45.2732034], [127.5361206, 45.2729211], [127.5369815, 45.2725294], [127.5375319, 45.2722865], [127.5398701, 45.2712516], [127.5405174, 45.2709814], [127.5410049, 45.2708066], [127.5415436, 45.2706512], [127.5419172, 45.2705506], [127.5424975, 45.2704312], [127.5514624, 45.2686983], [127.5520516, 45.2685689], [127.5526662, 45.2684052], [127.5558365, 45.2673798], [127.556545, 45.2671706], [127.5573012, 45.26698], [127.5578859, 45.2668829], [127.5585027, 45.2668123], [127.5599458, 45.2666898], [127.5603652, 45.2666407], [127.5607919, 45.2665774], [127.5612759, 45.2664833], [127.561753, 45.2663654], [127.5621532, 45.2662463], [127.5625812, 45.2661012], [127.5630498, 45.265911], [127.5634843, 45.2657078], [127.5638746, 45.2654957], [127.5663711, 45.263939], [127.5666064, 45.2638028], [127.5670238, 45.2635983], [127.5673334, 45.2634563], [127.5676404, 45.2633351], [127.5679235, 45.263232], [127.5682066, 45.2631413], [127.5686103, 45.2630298], [127.5690871, 45.2629153], [127.5695593, 45.2628293], [127.5700148, 45.2627683], [127.570556, 45.2627183], [127.5710675, 45.2626965], [127.5715776, 45.2626973], [127.5721871, 45.2627297], [127.5726968, 45.2627868], [127.5732703, 45.2628782], [127.5738993, 45.2630219], [127.5824043, 45.2652583], [127.5829334, 45.2653773], [127.5834168, 45.2654677], [127.5840049, 45.2655456], [127.5845812, 45.265589], [127.5851764, 45.2656076], [127.5857565, 45.2655971], [127.5862399, 45.2655681], [127.5866046, 45.2655237], [127.5871218, 45.2654382], [127.5875942, 45.2653381], [127.588082, 45.2652164], [127.5918832, 45.2641858], [127.5924617, 45.2640436], [127.5930328, 45.2639311], [127.593624, 45.2638472], [127.5942071, 45.2637863], [127.5946969, 45.2637539], [127.5952103, 45.2637321], [127.5956952, 45.2637288], [127.5961051, 45.2637417], [127.5965346, 45.2637672], [127.599241, 45.2639626], [127.599725, 45.2639868], [127.6002117, 45.263993], [127.600767, 45.2639942], [127.6014544, 45.2639739], [127.6023349, 45.2638874], [127.6029442, 45.2637887], [127.6035836, 45.2636627], [127.6043088, 45.2634758], [127.6048155, 45.2633203], [127.6051886, 45.2631964], [127.606757, 45.262644], [127.6072047, 45.2625218], [127.607563, 45.2624488], [127.6080891, 45.2623788], [127.6085174, 45.2623625], [127.6090256, 45.2623622], [127.6093642, 45.2623817], [127.6097714, 45.2624281], [127.610158, 45.2625027], [127.6107605, 45.262662], [127.6111933, 45.262816], [127.6117974, 45.2630995], [127.6128062, 45.2636308], [127.6130121, 45.2637321], [127.6132261, 45.2638333], [127.6134413, 45.2639223], [127.6136672, 45.2640076], [127.6139161, 45.2640868], [127.614173, 45.2641623], [127.6143657, 45.2642116], [127.6145799, 45.264259], [127.6148354, 45.2642994], [127.6150828, 45.2643331], [127.6153374, 45.2643581], [127.6156138, 45.2643759], [127.6158513, 45.2643814], [127.6160982, 45.2643809], [127.616337, 45.264369], [127.6165718, 45.2643524], [127.616816, 45.2643302], [127.6171098, 45.2642887], [127.6173432, 45.2642463], [127.6175937, 45.2641885], [127.617835, 45.2641261], [127.6180724, 45.264058], [127.6182789, 45.2639899], [127.6185054, 45.2639096], [127.6187226, 45.2638151], [127.6188619, 45.263747]]}}, {"type": "Feature", "properties": {"name": "\u6ee8\u7ee5\u7ebf", "name:en": null, "railway": "rail", "ele": null, "operator:type": null, "layer": null, "addr:full": null, "addr:city": null, "source": null, "name:zh": null, "osm_id": 1285579510, "osm_type": "ways_line"}, "geometry": {"type": "LineString", "coordinates": [[126.6284262, 45.7348784], [126.6260721, 45.7360052], [126.6256422, 45.7362112], [126.6250965, 45.7364616], [126.6243952, 45.7367585], [126.6238299, 45.7369939], [126.6233003, 45.7372038], [126.6232089, 45.7372374]]}}, {"type": "Feature", "properties": {"name": "\u6ee8\u7ee5\u7ebf", "name:en": null, "railway": "rail", "ele": null, "operator:type": null, "layer": "1", "addr:full": null, "addr:city": null, "source": null, "name:zh": null, "osm_id": 1285579511, "osm_type": "ways_line"}, "geometry": {"type": "LineString", "coordinates": [[126.6232089, 45.7372374], [126.6229773, 45.7373225]]}}, {"type": "Feature", "properties": {"name": "\u6ee8\u7ee5\u7ebf", "name:en": null, "railway": "rail", "ele": null, "operator:type": null, "layer": null, "addr:full": null, "addr:city": null, "source": "yahoo imagery", "name:zh": null, "osm_id": 1285579541, "osm_type": "ways_line"}, "geometry": {"type": "LineString", "coordinates": [[126.8107169, 45.7031043], [126.8133455, 45.7023805], [126.8169731, 45.7013703], [126.8174797, 45.7012287]]}}, {"type": "Feature", "properties": {"name": "\u6ee8\u7ee5\u7ebf", "name:en": null, "railway": "rail", "ele": null, "operator:type": null, "layer": "1", "addr:full": null, "addr:city": null, "source": "yahoo imagery", "name:zh": null, "osm_id": 1285579542, "osm_type": "ways_line"}, "geometry": {"type": "LineString", "coordinates": [[126.8105986, 45.7031368], [126.8107169, 45.7031043]]}}, {"type": "Feature", "properties": {"name": "\u6ee8\u7ee5\u7ebf", "name:en": null, "railway": "rail", "ele": null, "operator:type": null, "layer": null, "addr:full": null, "addr:city": null, "source": "yahoo imagery", "name:zh": null, "osm_id": 1285579543, "osm_type": "ways_line"}, "geometry": {"type": "LineString", "coordinates": [[126.8173474, 45.7011895], [126.8158375, 45.7016073], [126.8149721, 45.7018514], [126.8132994, 45.7023311], [126.8107064, 45.7030495]]}}, {"type": "Feature", "properties": {"name": "\u6ee8\u7ee5\u7ebf", "name:en": null, "railway": "rail", "ele": null, "operator:type": null, "layer": "1", "addr:full": null, "addr:city": null, "source": "yahoo imagery", "name:zh": null, "osm_id": 1285579544, "osm_type": "ways_line"}, "geometry": {"type": "LineString", "coordinates": [[126.8107064, 45.7030495], [126.8105955, 45.7030802]]}}, {"type": "Feature", "properties": {"name": "\u6ee8\u7ee5\u7ebf", "name:en": null, "railway": "rail", "ele": null, "operator:type": null, "layer": null, "addr:full": null, "addr:city": null, "source": "GPS", "name:zh": null, "osm_id": 1286080930, "osm_type": "ways_line"}, "geometry": {"type": "LineString", "coordinates": [[128.0526725, 45.0871621], [128.0524883, 45.0876384], [128.0523335, 45.0880179], [128.0522417, 45.0882116], [128.0521365, 45.0884052], [128.0518843, 45.0887734], [128.0515658, 45.089229], [128.0511619, 45.0897505], [128.0483637, 45.0934853], [128.0479976, 45.0940447], [128.0476883, 45.0946122], [128.0474466, 45.0951353], [128.0472718, 45.0955664], [128.0471208, 45.0960189], [128.0470009, 45.0964922], [128.0469061, 45.0970245], [128.0415692, 45.1310677], [128.0414748, 45.1316219], [128.041335, 45.1322639], [128.0411464, 45.1328366], [128.0409697, 45.13318], [128.0407265, 45.1335876], [128.0404902, 45.1339158], [128.040219, 45.1342348], [128.0399958, 45.1344825], [128.039691, 45.1347845], [128.0379818, 45.1363992], [128.037561, 45.1368262], [128.03725, 45.1371901], [128.0369589, 45.137568], [128.0367557, 45.1378743], [128.0365753, 45.1382214], [128.0364134, 45.1385592], [128.0345455, 45.143189]]}}, {"type": "Feature", "properties": {"name": "\u6ee8\u7ee5\u7ebf", "name:en": null, "railway": "rail", "ele": null, "operator:type": null, "layer": "1", "addr:full": null, "addr:city": null, "source": "GPS", "name:zh": null, "osm_id": 1286080931, "osm_type": "ways_line"}, "geometry": {"type": "LineString", "coordinates": [[128.0345455, 45.143189], [128.0344963, 45.143311]]}}, {"type": "Feature", "properties": {"name": "\u6ee8\u7ee5\u7ebf", "name:en": null, "railway": "rail", "ele": null, "operator:type": null, "layer": null, "addr:full": null, "addr:city": null, "source": "GPS", "name:zh": null, "osm_id": 1286080932, "osm_type": "ways_line"}, "geometry": {"type": "LineString", "coordinates": [[128.0346038, 45.1432009], [128.03647, 45.1385763], [128.0366375, 45.1382398], [128.0368134, 45.1378956], [128.0370217, 45.1375771], [128.0373034, 45.1372199], [128.0376211, 45.1368614], [128.0380442, 45.1364247], [128.0397417, 45.1348114], [128.0400595, 45.1344953], [128.0402783, 45.1342622], [128.0405465, 45.1339401], [128.0407955, 45.1336001], [128.0410296, 45.133214], [128.0412005, 45.1328482], [128.0413993, 45.1322858], [128.0415441, 45.1316311], [128.0416365, 45.1310752], [128.0469744, 45.0970458], [128.0470919, 45.0964855], [128.0471843, 45.0960321], [128.0473457, 45.0955643], [128.0475111, 45.0951615], [128.0477606, 45.0946115], [128.0480544, 45.094054], [128.0484164, 45.0934959], [128.0512154, 45.0897667], [128.0516233, 45.0892516], [128.0519465, 45.0887919], [128.0522122, 45.0884309], [128.052474, 45.0880309], [128.0525892, 45.0878009], [128.0526831, 45.0876158], [128.0527723, 45.0874042], [128.0528553, 45.0872]]}}, {"type": "Feature", "properties": {"name": "\u6ee8\u7ee5\u7ebf", "name:en": null, "railway": "rail", "ele": null, "operator:type": null, "layer": "1", "addr:full": null, "addr:city": null, "source": "GPS", "name:zh": null, "osm_id": 1286080933, "osm_type": "ways_line"}, "geometry": {"type": "LineString", "coordinates": [[128.0345543, 45.1433236], [128.0346038, 45.1432009]]}}, {"type": "Feature", "properties": {"name": "\u6ee8\u7ee5\u7ebf", "name:en": null, "railway": "rail", "ele": null, "operator:type": null, "layer": null, "addr:full": null, "addr:city": null, "source": "GPS;bing", "name:zh": null, "osm_id": 1286080941, "osm_type": "ways_line"}, "geometry": {"type": "LineString", "coordinates": [[128.1553883, 45.0337782], [128.1545103, 45.0337667], [128.1542131, 45.0337692], [128.153902, 45.0337848], [128.1533631, 45.0338363], [128.1530025, 45.0338854], [128.1524061, 45.033984], [128.1516684, 45.0341315], [128.1506948, 45.0343384], [128.1501007, 45.0344833], [128.1495208, 45.0346396], [128.1488774, 45.0348595], [128.1482906, 45.035117], [128.147774, 45.035394], [128.147227, 45.035729], [128.147012, 45.0358719], [128.1466552, 45.0361516], [128.146274, 45.036495], [128.1459805, 45.0368048], [128.145767, 45.0370455], [128.1455677, 45.0373243], [128.145342, 45.0376753], [128.1451463, 45.0380556], [128.1449746, 45.0384895], [128.1448858, 45.038777], [128.1448, 45.0391495], [128.1447217, 45.0396489], [128.1446994, 45.0398773], [128.1446925, 45.0401058], [128.1446978, 45.0403636], [128.144743, 45.0414213], [128.1447367, 45.0416568], [128.1447243, 45.0418893], [128.1447007, 45.0420973], [128.1446693, 45.042289], [128.1446284, 45.0424943], [128.1445735, 45.042681], [128.1444644, 45.0430699], [128.143725, 45.0446248], [128.1435691, 45.0450827], [128.143483, 45.0454601], [128.1434406, 45.0457342], [128.1434249, 45.0460253], [128.1434314, 45.0463974], [128.1434663, 45.046853], [128.1438189, 45.048681], [128.1438703, 45.0491929], [128.143862, 45.0497325], [128.1437766, 45.0501671], [128.1436982, 45.0504067], [128.1435952, 45.0506572], [128.1433797, 45.0511539], [128.1429121, 45.0521775], [128.1426932, 45.0525427], [128.1424794, 45.0528322], [128.1422369, 45.0531189], [128.1418498, 45.0534922], [128.141376, 45.0538485], [128.1408666, 45.0541494], [128.140368, 45.0543934], [128.1398594, 45.0545777], [128.1393512, 45.0547541], [128.1388335, 45.0548849], [128.13842, 45.0549669], [128.1379791, 45.0550159], [128.137461, 45.0550645], [128.1369105, 45.0550745], [128.1363101, 45.0550455], [128.1355921, 45.0549816]]}}, {"type": "Feature", "properties": {"name": "\u6ee8\u7ee5\u7ebf", "name:en": null, "railway": "rail", "ele": null, "operator:type": null, "layer": "1", "addr:full": null, "addr:city": null, "source": "GPS;bing", "name:zh": null, "osm_id": 1286080942, "osm_type": "ways_line"}, "geometry": {"type": "LineString", "coordinates": [[128.1556615, 45.033785], [128.1553883, 45.0337782]]}}, {"type": "Feature", "properties": {"name": "\u6ee8\u7ee5\u7ebf", "name:en": null, "railway": "rail", "ele": null, "operator:type": null, "layer": null, "addr:full": null, "addr:city": null, "source": "GPS", "name:zh": null, "osm_id": 1286080943, "osm_type": "ways_line"}, "geometry": {"type": "LineString", "coordinates": [[128.1355889, 45.0550203], [128.136298, 45.0550904], [128.1368971, 45.0551164], [128.1374559, 45.0551068], [128.1379932, 45.0550659], [128.1384447, 45.0550138], [128.138872, 45.0549295], [128.1393692, 45.0548035], [128.139941, 45.0546192], [128.1403903, 45.0544518], [128.140909, 45.0542011], [128.1414296, 45.0538783], [128.141912, 45.0535182], [128.1422843, 45.0531421], [128.1425603, 45.0528368], [128.1427564, 45.0525661], [128.1429761, 45.052197], [128.1434396, 45.0511584], [128.143658, 45.0506609], [128.1437559, 45.0504273], [128.1438351, 45.0501738], [128.1439153, 45.0497303], [128.1439349, 45.0491881], [128.1438825, 45.048677], [128.1435289, 45.0468452], [128.1434919, 45.0463911], [128.1434864, 45.0460321], [128.1435053, 45.0457325], [128.143535, 45.0454569], [128.143624, 45.0450845], [128.14378, 45.0446475], [128.1445244, 45.043081], [128.1446473, 45.0426868], [128.1446962, 45.0425029], [128.1447421, 45.0422852], [128.14477, 45.0421034], [128.1447979, 45.0418879], [128.1448107, 45.0416503], [128.1448155, 45.0414114], [128.1447645, 45.0403614], [128.1447615, 45.0401009], [128.1447732, 45.0398787], [128.144791, 45.0396565], [128.1448806, 45.0391293], [128.1449466, 45.0388031], [128.1450431, 45.0384821], [128.1452163, 45.0380591], [128.1453996, 45.0376879], [128.145625, 45.0373371], [128.1458237, 45.037058], [128.1460194, 45.0368326], [128.1463375, 45.0365185], [128.1467085, 45.0361754], [128.1470537, 45.0359056], [128.1472902, 45.0357496], [128.1478163, 45.035427], [128.1483261, 45.0351491], [128.1489065, 45.0348906], [128.1495445, 45.0346688], [128.1501227, 45.0345112], [128.1506666, 45.0343822], [128.1516697, 45.0341705], [128.1524275, 45.0340166], [128.1530118, 45.0339211], [128.1533788, 45.0338734], [128.1538874, 45.0338359], [128.1541859, 45.0338216], [128.1545124, 45.0338156], [128.1553869, 45.033822]]}}, {"type": "Feature", "properties": {"name": "\u6ee8\u7ee5\u7ebf", "name:en": null, "railway": "rail", "ele": null, "operator:type": null, "layer": "1", "addr:full": null, "addr:city": null, "source": "GPS", "name:zh": null, "osm_id": 1286080944, "osm_type": "ways_line"}, "geometry": {"type": "LineString", "coordinates": [[128.1553869, 45.033822], [128.1556591, 45.033829]]}}, {"type": "Feature", "properties": {"name": "\u6ee8\u7ee5\u7ebf", "name:en": null, "railway": "rail", "ele": null, "operator:type": null, "layer": null, "addr:full": null, "addr:city": null, "source": "GPS;bing", "name:zh": null, "osm_id": 1286080946, "osm_type": "ways_line"}, "geometry": {"type": "LineString", "coordinates": [[128.2602592, 44.9994218], [128.2595847, 44.9994416], [128.2582215, 44.9994817], [128.2577332, 44.9995059], [128.257366, 44.9995478], [128.2567909, 44.9996431], [128.2561507, 44.9997803], [128.2556507, 44.9999141], [128.2553209, 45.0000101], [128.2548155, 45.0001976], [128.2540302, 45.0005452], [128.2535586, 45.0007947], [128.2530895, 45.0010903], [128.2524944, 45.0015392], [128.2475826, 45.0051965], [128.2469456, 45.005694], [128.2462603, 45.0062673], [128.2272453, 45.0235016], [128.2265736, 45.0241458], [128.2260469, 45.024684], [128.2256281, 45.0251991], [128.2209651, 45.0309758], [128.2207254, 45.0312477], [128.2204734, 45.0315139], [128.2201531, 45.0318223], [128.219839, 45.0320968], [128.2196317, 45.0322447]]}}, {"type": "Feature", "properties": {"name": "\u6ee8\u7ee5\u7ebf", "name:en": null, "railway": "rail", "ele": null, "operator:type": null, "layer": "1", "addr:full": null, "addr:city": null, "source": "GPS;bing", "name:zh": null, "osm_id": 1286080947, "osm_type": "ways_line"}, "geometry": {"type": "LineString", "coordinates": [[128.2196317, 45.0322447], [128.2195083, 45.0323328]]}}, {"type": "Feature", "properties": {"name": "\u6ee8\u7ee5\u7ebf", "name:en": null, "railway": "rail", "ele": null, "operator:type": null, "layer": null, "addr:full": null, "addr:city": null, "source": "GPS", "name:zh": null, "osm_id": 1286080948, "osm_type": "ways_line"}, "geometry": {"type": "LineString", "coordinates": [[128.219674, 45.0322788], [128.2198915, 45.032121], [128.2202096, 45.031846], [128.2205392, 45.0315311], [128.2207908, 45.0312679], [128.2210261, 45.031006], [128.2257035, 45.0252062], [128.2261236, 45.0247096], [128.2266434, 45.0241609], [128.2272968, 45.0235391], [128.2462801, 45.0063286], [128.2469903, 45.0057217], [128.2476101, 45.0052427], [128.2525348, 45.0015647], [128.2531449, 45.0011221], [128.2536054, 45.0008277], [128.2540512, 45.0005907], [128.2548129, 45.0002476], [128.2553401, 45.000051], [128.2556878, 44.9999481], [128.2561726, 44.9998151], [128.2568221, 44.999681], [128.2573761, 44.9995991], [128.2577514, 44.9995533], [128.2582169, 44.9995275], [128.2602618, 44.9994614], [128.2611118, 44.999435]]}}, {"type": "Feature", "properties": {"name": "\u6ee8\u7ee5\u7ebf", "name:en": null, "railway": "rail", "ele": null, "operator:type": null, "layer": "1", "addr:full": null, "addr:city": null, "source": "GPS", "name:zh": null, "osm_id": 1286080949, "osm_type": "ways_line"}, "geometry": {"type": "LineString", "coordinates": [[128.2195496, 45.0323691], [128.219674, 45.0322788]]}}, {"type": "Feature", "properties": {"name": "\u6ee8\u7ee5\u7ebf", "name:en": null, "railway": "rail", "ele": null, "operator:type": null, "layer": "1", "addr:full": null, "addr:city": null, "source": "bing;GPS", "name:zh": null, "osm_id": 1286196357, "osm_type": "ways_line"}, "geometry": {"type": "LineString", "coordinates": [[128.532295, 44.9260287], [128.531806, 44.9261734], [128.5315054, 44.9262776], [128.5311285, 44.926432], [128.5306845, 44.9266353], [128.5302948, 44.9268502], [128.5287032, 44.9277221], [128.5282171, 44.9279522], [128.5276512, 44.9281783], [128.5257747, 44.9289198], [128.5252639, 44.9291287], [128.5247408, 44.9293748], [128.5243681, 44.9295812], [128.523903, 44.9298596], [128.5234839, 44.9301558], [128.5223924, 44.9309381], [128.5219168, 44.9312359], [128.5214836, 44.9314751], [128.5208563, 44.9317675], [128.520286, 44.9319927], [128.5197521, 44.9321663], [128.5192236, 44.9323042], [128.5186093, 44.9324326], [128.5173712, 44.9326563], [128.5141663, 44.9331997], [128.5106992, 44.9338021]]}}, {"type": "Feature", "properties": {"name": "\u6ee8\u7ee5\u7ebf", "name:en": null, "railway": "rail", "ele": null, "operator:type": null, "layer": "1", "addr:full": null, "addr:city": null, "source": "bing;GPS", "name:zh": null, "osm_id": 1286196358, "osm_type": "ways_line"}, "geometry": {"type": "LineString", "coordinates": [[128.5106992, 44.9338021], [128.5102924, 44.9338728]]}}, {"type": "Feature", "properties": {"name": "\u6ee8\u7ee5\u7ebf", "name:en": null, "railway": "rail", "ele": null, "operator:type": null, "layer": null, "addr:full": null, "addr:city": null, "source": "GPS", "name:zh": null, "osm_id": 1286196359, "osm_type": "ways_line"}, "geometry": {"type": "LineString", "coordinates": [[128.5107113, 44.933871], [128.5177428, 44.9326404], [128.518629, 44.9324743], [128.5192386, 44.9323462], [128.5197889, 44.9322056], [128.5203292, 44.9320304], [128.5208751, 44.9318123], [128.521512, 44.9315165], [128.521959, 44.931269], [128.5224113, 44.9309812], [128.5235365, 44.9301768], [128.5239426, 44.929887], [128.524389, 44.9296125], [128.524778, 44.9294054], [128.5252905, 44.9291638], [128.525806, 44.9289595], [128.527685, 44.9282189], [128.5282484, 44.9279934], [128.5287438, 44.9277538], [128.5303425, 44.9268826], [128.5307177, 44.9266918], [128.5311544, 44.9264962], [128.5315572, 44.9263407], [128.5318298, 44.9262483], [128.5323451, 44.9260956]]}}, {"type": "Feature", "properties": {"name": "\u6ee8\u7ee5\u7ebf", "name:en": null, "railway": "rail", "ele": null, "operator:type": null, "layer": "1", "addr:full": null, "addr:city": null, "source": "GPS", "name:zh": null, "osm_id": 1286196360, "osm_type": "ways_line"}, "geometry": {"type": "LineString", "coordinates": [[128.5103352, 44.9339368], [128.5107113, 44.933871]]}}, {"type": "Feature", "properties": {"name": "\u6ee8\u7ee5\u7ebf", "name:en": null, "railway": "rail", "ele": null, "operator:type": null, "layer": null, "addr:full": null, "addr:city": null, "source": "GPS", "name:zh": null, "osm_id": 1286196366, "osm_type": "ways_line"}, "geometry": {"type": "LineString", "coordinates": [[128.5987876, 44.9268585], [128.6002146, 44.9266701], [128.6007802, 44.9265982], [128.6010412, 44.9265775], [128.6013244, 44.9265584], [128.6017518, 44.9265462], [128.6072539, 44.9265722], [128.610159, 44.926586], [128.6106905, 44.9265741], [128.6109852, 44.926557], [128.6112734, 44.9265301], [128.6116877, 44.9264825], [128.6130184, 44.9262963]]}}, {"type": "Feature", "properties": {"name": "\u6ee8\u7ee5\u7ebf", "name:en": null, "railway": "rail", "ele": null, "operator:type": null, "layer": null, "addr:full": null, "addr:city": null, "source": "GPS", "name:zh": null, "osm_id": 1286196367, "osm_type": "ways_line"}, "geometry": {"type": "LineString", "coordinates": [[128.6130099, 44.9262548], [128.6120508, 44.9263939], [128.6116048, 44.9264514], [128.6112502, 44.9264874], [128.610977, 44.9265093], [128.6106676, 44.9265247], [128.610171, 44.9265394], [128.6072533, 44.9265242], [128.6017386, 44.9264942], [128.6013313, 44.9265082], [128.6010409, 44.9265232], [128.6007684, 44.9265474], [128.6001649, 44.9266304], [128.5987752, 44.9268141]]}}, {"type": "Feature", "properties": {"name": "\u6ee8\u7ee5\u7ebf", "name:en": null, "railway": "rail", "ele": null, "operator:type": null, "layer": null, "addr:full": null, "addr:city": null, "source": "GPS", "name:zh": null, "osm_id": 1286196372, "osm_type": "ways_line"}, "geometry": {"type": "LineString", "coordinates": [[128.6799824, 44.9075314], [128.6965002, 44.912749], [128.6971524, 44.9129412], [128.697512, 44.9130356], [128.6978716, 44.9131149], [128.6982222, 44.9131812], [128.6985728, 44.913236], [128.698869, 44.9132706], [128.6991652, 44.9132936], [128.6998232, 44.9133259], [128.7002711, 44.9133255], [128.7010609, 44.9132801], [128.7056333, 44.9128926]]}}, {"type": "Feature", "properties": {"name": "\u6ee8\u7ee5\u7ebf", "name:en": null, "railway": "rail", "ele": null, "operator:type": null, "layer": "1", "addr:full": null, "addr:city": null, "source": "GPS", "name:zh": null, "osm_id": 1286196373, "osm_type": "ways_line"}, "geometry": {"type": "LineString", "coordinates": [[128.7056333, 44.9128926], [128.7059874, 44.9128626]]}}, {"type": "Feature", "properties": {"name": "\u6ee8\u7ee5\u7ebf", "name:en": null, "railway": "rail", "ele": null, "operator:type": null, "layer": null, "addr:full": null, "addr:city": null, "source": "GPS", "name:zh": null, "osm_id": 1286196374, "osm_type": "ways_line"}, "geometry": {"type": "LineString", "coordinates": [[128.7056218, 44.9128162], [128.7010694, 44.9132058], [128.700456, 44.9132438], [128.6997681, 44.9132544], [128.6991158, 44.913226], [128.6988546, 44.9132048], [128.6985894, 44.9131778], [128.6982352, 44.9131272], [128.697881, 44.9130594], [128.6975355, 44.912979], [128.6971798, 44.912887], [128.6965963, 44.9127137], [128.6831479, 44.9084857], [128.6823101, 44.9082032], [128.6813739, 44.9078738], [128.680732, 44.9076545], [128.680035, 44.9074324]]}}, {"type": "Feature", "properties": {"name": "\u6ee8\u7ee5\u7ebf", "name:en": null, "railway": "rail", "ele": null, "operator:type": null, "layer": "1", "addr:full": null, "addr:city": null, "source": "GPS", "name:zh": null, "osm_id": 1286196375, "osm_type": "ways_line"}, "geometry": {"type": "LineString", "coordinates": [[128.7059773, 44.9127858], [128.7056218, 44.9128162]]}}, {"type": "Feature", "properties": {"name": "\u6ee8\u7ee5\u7ebf", "name:en": null, "railway": "rail", "ele": null, "operator:type": null, "layer": null, "addr:full": null, "addr:city": null, "source": "GPS", "name:zh": null, "osm_id": 1286196376, "osm_type": "ways_line"}, "geometry": {"type": "LineString", "coordinates": [[128.747277, 44.9135883], [128.7493133, 44.9156161], [128.7497571, 44.9160044], [128.7500734, 44.9162397], [128.7504613, 44.9164923], [128.7508316, 44.916699], [128.7512996, 44.916924], [128.7517871, 44.9171447], [128.757912, 44.9197744], [128.7583271, 44.9199786], [128.7587463, 44.9202338], [128.7590705, 44.9204724], [128.7592147, 44.9205924], [128.7593466, 44.9207167], [128.7594507, 44.9208224], [128.7595394, 44.9209303], [128.7596782, 44.9210993], [128.7598046, 44.9212683], [128.7598984, 44.9214098], [128.7599799, 44.9215514], [128.7600708, 44.9217261], [128.7601493, 44.9219007], [128.7602702, 44.9222509], [128.7604234, 44.9227278]]}}, {"type": "Feature", "properties": {"name": "\u6ee8\u7ee5\u7ebf", "name:en": null, "railway": "rail", "ele": null, "operator:type": null, "layer": "1", "addr:full": null, "addr:city": null, "source": "GPS", "name:zh": null, "osm_id": 1286196377, "osm_type": "ways_line"}, "geometry": {"type": "LineString", "coordinates": [[128.7467517, 44.9130652], [128.747277, 44.9135883]]}}, {"type": "Feature", "properties": {"name": "\u6ee8\u7ee5\u7ebf", "name:en": null, "railway": "rail", "ele": null, "operator:type": null, "layer": null, "addr:full": null, "addr:city": null, "source": "GPS", "name:zh": null, "osm_id": 1286196378, "osm_type": "ways_line"}, "geometry": {"type": "LineString", "coordinates": [[128.7605527, 44.9227165], [128.7604074, 44.9222578], [128.7602639, 44.9218731], [128.76018, 44.921695], [128.7600868, 44.9215169], [128.7600092, 44.9213853], [128.7599224, 44.9212536], [128.7598024, 44.9210946], [128.7596731, 44.9209356], [128.7595538, 44.9208052], [128.7594221, 44.9206748], [128.7592795, 44.9205489], [128.7591308, 44.9204317], [128.7588011, 44.9201893], [128.7583804, 44.9199405], [128.7579646, 44.9197338], [128.7518183, 44.9171026], [128.7513437, 44.9168833], [128.7508832, 44.9166389], [128.7504809, 44.9163927], [128.750171, 44.9161757], [128.7498221, 44.9158979], [128.7494055, 44.91553], [128.7473556, 44.9134873]]}}, {"type": "Feature", "properties": {"name": "\u6ee8\u7ee5\u7ebf", "name:en": null, "railway": "rail", "ele": null, "operator:type": null, "layer": "1", "addr:full": null, "addr:city": null, "source": "GPS", "name:zh": null, "osm_id": 1286196379, "osm_type": "ways_line"}, "geometry": {"type": "LineString", "coordinates": [[128.7473556, 44.9134873], [128.7469071, 44.9130403]]}}, {"type": "Feature", "properties": {"name": "\u6ee8\u7ee5\u7ebf", "name:en": null, "railway": "rail", "ele": null, "operator:type": null, "layer": null, "addr:full": null, "addr:city": null, "source": "GPS", "name:zh": null, "osm_id": 1286196382, "osm_type": "ways_line"}, "geometry": {"type": "LineString", "coordinates": [[128.7634482, 44.9318941], [128.7632954, 44.9314169], [128.7612465, 44.9250187], [128.7611075, 44.924529], [128.7608661, 44.9237055], [128.7607484, 44.923334]]}}, {"type": "Feature", "properties": {"name": "\u6ee8\u7ee5\u7ebf", "name:en": null, "railway": "rail", "ele": null, "operator:type": null, "layer": "1", "addr:full": null, "addr:city": null, "source": "GPS", "name:zh": null, "osm_id": 1286196383, "osm_type": "ways_line"}, "geometry": {"type": "LineString", "coordinates": [[128.7607484, 44.923334], [128.7605527, 44.9227165]]}}, {"type": "Feature", "properties": {"name": "\u6ee8\u7ee5\u7ebf", "name:en": null, "railway": "rail", "ele": null, "operator:type": null, "layer": null, "addr:full": null, "addr:city": null, "source": "GPS", "name:zh": null, "osm_id": 1286196384, "osm_type": "ways_line"}, "geometry": {"type": "LineString", "coordinates": [[128.7606211, 44.9233432], [128.7630958, 44.9310449], [128.7632214, 44.9314358]]}}, {"type": "Feature", "properties": {"name": "\u6ee8\u7ee5\u7ebf", "name:en": null, "railway": "rail", "ele": null, "operator:type": null, "layer": "1", "addr:full": null, "addr:city": null, "source": "GPS", "name:zh": null, "osm_id": 1286196385, "osm_type": "ways_line"}, "geometry": {"type": "LineString", "coordinates": [[128.7604234, 44.9227278], [128.7606211, 44.9233432]]}}, {"type": "Feature", "properties": {"name": "\u6ee8\u7ee5\u7ebf", "name:en": null, "railway": "rail", "ele": null, "operator:type": null, "layer": null, "addr:full": null, "addr:city": null, "source": "GPS", "name:zh": null, "osm_id": 1286196388, "osm_type": "ways_line"}, "geometry": {"type": "LineString", "coordinates": [[128.8026413, 44.9515957], [128.7849421, 44.9541198], [128.7842394, 44.9541977], [128.7837225, 44.9542332], [128.7832334, 44.9542521], [128.782683, 44.9542379], [128.7823563, 44.9542197], [128.7820266, 44.9541928], [128.7817311, 44.9541634], [128.7814356, 44.9541231], [128.7811362, 44.954066], [128.7808676, 44.9540067], [128.7805598, 44.9539257], [128.7802489, 44.953836], [128.779945, 44.9537371], [128.7796626, 44.9536361], [128.7793683, 44.953527], [128.7791002, 44.9534147], [128.7788149, 44.9532789], [128.7785495, 44.9531419], [128.7707685, 44.9487913], [128.7704509, 44.9486141], [128.7701455, 44.9484253], [128.7696702, 44.9480872], [128.7694443, 44.9479026], [128.7692326, 44.9477129], [128.769008, 44.947493], [128.7688011, 44.9472731], [128.768621, 44.9470545], [128.768455, 44.9468358], [128.768327, 44.9466365], [128.7682097, 44.9464371], [128.7679984, 44.9460122], [128.7677584, 44.9453513], [128.7668347, 44.9424676], [128.7666964, 44.9420358]]}}, {"type": "Feature", "properties": {"name": "\u6ee8\u7ee5\u7ebf", "name:en": null, "railway": "rail", "ele": null, "operator:type": null, "layer": null, "addr:full": null, "addr:city": null, "source": "GPS", "name:zh": null, "osm_id": 1286196389, "osm_type": "ways_line"}, "geometry": {"type": "LineString", "coordinates": [[128.8039898, 44.9514567], [128.8176749, 44.9494962], [128.8184846, 44.9493666], [128.8193187, 44.9492194], [128.8197337, 44.9491338], [128.8201477, 44.9490389], [128.8288456, 44.9469341], [128.8294316, 44.9467947], [128.8299291, 44.9466913], [128.8304239, 44.9466178], [128.8311077, 44.9465444], [128.8442704, 44.9454823], [128.8448995, 44.9454298], [128.845534, 44.9454095], [128.8458265, 44.9454132], [128.846119, 44.9454256], [128.8464115, 44.9454446], [128.846704, 44.9454701], [128.8469952, 44.9455041], [128.8472864, 44.9455512], [128.8475746, 44.9456052], [128.8478566, 44.9456744], [128.8483189, 44.9457954], [128.8487924, 44.9459251]]}}, {"type": "Feature", "properties": {"name": "\u6ee8\u7ee5\u7ebf", "name:en": null, "railway": "rail", "ele": null, "operator:type": null, "layer": "1", "addr:full": null, "addr:city": null, "source": "GPS", "name:zh": null, "osm_id": 1286196390, "osm_type": "ways_line"}, "geometry": {"type": "LineString", "coordinates": [[128.8026567, 44.9516477], [128.8039898, 44.9514567]]}}, {"type": "Feature", "properties": {"name": "\u6ee8\u7ee5\u7ebf", "name:en": null, "railway": "rail", "ele": null, "operator:type": null, "layer": "1", "addr:full": null, "addr:city": null, "source": "GPS", "name:zh": null, "osm_id": 1286196391, "osm_type": "ways_line"}, "geometry": {"type": "LineString", "coordinates": [[128.80398, 44.9514048], [128.8026413, 44.9515957]]}}, {"type": "Feature", "properties": {"name": "\u6ee8\u7ee5\u7ebf", "name:en": null, "railway": "rail", "ele": null, "operator:type": null, "layer": "1", "addr:full": null, "addr:city": null, "source": "GPS", "name:zh": null, "osm_id": 1286196400, "osm_type": "ways_line"}, "geometry": {"type": "LineString", "coordinates": [[128.9381421, 44.913459], [128.937606, 44.9135385]]}}, {"type": "Feature", "properties": {"name": "\u6ee8\u7ee5\u7ebf", "name:en": null, "railway": "rail", "ele": null, "operator:type": null, "layer": null, "addr:full": null, "addr:city": null, "source": "GPS", "name:zh": null, "osm_id": 1286196408, "osm_type": "ways_line"}, "geometry": {"type": "LineString", "coordinates": [[128.9628542, 44.916441], [128.9628645, 44.9167112], [128.9628786, 44.9171152], [128.9629042, 44.9177539], [128.9629205, 44.9179649], [128.9629522, 44.9182065], [128.9629977, 44.9184225], [128.9630652, 44.9186496], [128.9631543, 44.9188799], [128.9632753, 44.9191274], [128.9634333, 44.9193705], [128.9636548, 44.9196463], [128.9639157, 44.9199314], [128.9641003, 44.9200882], [128.9642956, 44.9202451], [128.9645624, 44.9204318], [128.9648426, 44.9206129], [128.9673063, 44.9221456], [128.9675469, 44.9223081], [128.9677646, 44.9224744], [128.9679686, 44.9226484], [128.9681495, 44.9228262], [128.9683286, 44.923035], [128.9685067, 44.923287], [128.9686664, 44.923541], [128.9687707, 44.9237795], [128.9688511, 44.9239796], [128.968919, 44.9242455], [128.9689583, 44.9244676], [128.9689711, 44.9246826], [128.9689563, 44.9249052]]}}, {"type": "Feature", "properties": {"name": "\u6ee8\u7ee5\u7ebf", "name:en": null, "railway": "rail", "ele": null, "operator:type": null, "layer": null, "addr:full": null, "addr:city": null, "source": "GPS", "name:zh": null, "osm_id": 1286196409, "osm_type": "ways_line"}, "geometry": {"type": "LineString", "coordinates": [[128.9690106, 44.9249082], [128.9690203, 44.9246768], [128.9690099, 44.9244656], [128.9689738, 44.9242367], [128.9689115, 44.9239746], [128.9688345, 44.9237713], [128.9687303, 44.923528], [128.9685728, 44.9232658], [128.9683931, 44.9230145], [128.9682062, 44.9227942], [128.9680204, 44.9226204], [128.967817, 44.9224479], [128.9675966, 44.9222804], [128.9673584, 44.9221141], [128.9648738, 44.9205764], [128.9646072, 44.9203975], [128.9643514, 44.920211], [128.964151, 44.9200532], [128.963964, 44.9198954], [128.9637029, 44.9196185], [128.9634897, 44.9193535], [128.9633372, 44.9191141], [128.9632232, 44.9188715], [128.9631353, 44.9186341], [128.9630644, 44.9184219], [128.9630188, 44.9181929], [128.9629852, 44.9179574], [128.9629673, 44.9177454], [128.9629455, 44.9171113], [128.9629329, 44.9167088], [128.962924, 44.9164425]]}}, {"type": "Feature", "properties": {"name": "\u6ee8\u7ee5\u7ebf", "name:en": null, "railway": "rail", "ele": null, "operator:type": null, "layer": "1", "addr:full": null, "addr:city": null, "source": "GPS", "name:zh": null, "osm_id": 1286196410, "osm_type": "ways_line"}, "geometry": {"type": "LineString", "coordinates": [[128.9689591, 44.9253118], [128.9689916, 44.9251093], [128.9690106, 44.9249082]]}}, {"type": "Feature", "properties": {"name": "\u6ee8\u7ee5\u7ebf", "name:en": null, "railway": "rail", "ele": null, "operator:type": null, "layer": "1", "addr:full": null, "addr:city": null, "source": "GPS", "name:zh": null, "osm_id": 1286196411, "osm_type": "ways_line"}, "geometry": {"type": "LineString", "coordinates": [[128.9689563, 44.9249052], [128.9689365, 44.9251129], [128.9688998, 44.9253069]]}}, {"type": "Feature", "properties": {"name": "\u6ee8\u7ee5\u7ebf", "name:en": null, "railway": "rail", "ele": null, "operator:type": null, "layer": null, "addr:full": null, "addr:city": null, "source": null, "name:zh": null, "osm_id": 1286196430, "osm_type": "ways_line"}, "geometry": {"type": "LineString", "coordinates": [[129.0228938, 44.6801264], [129.0232873, 44.678933], [129.0233699, 44.67863], [129.0234431, 44.6783204], [129.0234976, 44.6779867], [129.0236904, 44.6765231], [129.0237671, 44.676133], [129.0238683, 44.6757578], [129.0239974, 44.6753797], [129.024165, 44.6749542], [129.0247618, 44.6735247], [129.0248881, 44.6732353], [129.0252067, 44.672573], [129.0253312, 44.6723047], [129.0255082, 44.6718872]]}}, {"type": "Feature", "properties": {"name": "\u6ee8\u7ee5\u7ebf", "name:en": null, "railway": "rail", "ele": null, "operator:type": null, "layer": "1", "addr:full": null, "addr:city": null, "source": null, "name:zh": null, "osm_id": 1286196431, "osm_type": "ways_line"}, "geometry": {"type": "LineString", "coordinates": [[129.0228581, 44.6802599], [129.0228938, 44.6801264]]}}, {"type": "Feature", "properties": {"name": "\u6ee8\u7ee5\u7ebf", "name:en": null, "railway": "rail", "ele": null, "operator:type": null, "layer": null, "addr:full": null, "addr:city": null, "source": "GPS", "name:zh": null, "osm_id": 1286196432, "osm_type": "ways_line"}, "geometry": {"type": "LineString", "coordinates": [[129.0253876, 44.6718615], [129.0247215, 44.6734735], [129.0244393, 44.6741616], [129.0240951, 44.6749381], [129.0239215, 44.6753585], [129.0237927, 44.6757406], [129.0236856, 44.6761243], [129.0236028, 44.676524], [129.0234668, 44.677663], [129.0233627, 44.6783105], [129.02329, 44.6786216], [129.0232034, 44.6789425], [129.0228387, 44.6801205]]}}, {"type": "Feature", "properties": {"name": "\u6ee8\u7ee5\u7ebf", "name:en": null, "railway": "rail", "ele": null, "operator:type": null, "layer": "1", "addr:full": null, "addr:city": null, "source": "GPS", "name:zh": null, "osm_id": 1286196433, "osm_type": "ways_line"}, "geometry": {"type": "LineString", "coordinates": [[129.0228387, 44.6801205], [129.0228014, 44.6802521]]}}, {"type": "Feature", "properties": {"name": "\u6ee8\u7ee5\u7ebf", "name:en": null, "railway": "rail", "ele": null, "operator:type": null, "layer": null, "addr:full": null, "addr:city": null, "source": null, "name:zh": null, "osm_id": 1286196438, "osm_type": "ways_line"}, "geometry": {"type": "LineString", "coordinates": [[129.0895214, 44.5772398], [129.0889893, 44.5772709], [129.0884749, 44.577301], [129.0878246, 44.5773494], [129.0874197, 44.5773947], [129.0870095, 44.5774551], [129.086862, 44.5774854]]}}, {"type": "Feature", "properties": {"name": "\u6ee8\u7ee5\u7ebf", "name:en": null, "railway": "rail", "ele": null, "operator:type": null, "layer": null, "addr:full": null, "addr:city": null, "source": null, "name:zh": null, "osm_id": 1286196447, "osm_type": "ways_line"}, "geometry": {"type": "LineString", "coordinates": [[129.1751831, 44.5503803], [129.1707873, 44.5505651], [129.1702944, 44.5506022], [129.1697348, 44.5506681], [129.1691467, 44.5507737], [129.1683907, 44.550937], [129.1676736, 44.5511152], [129.1666589, 44.5514797], [129.1633129, 44.552898], [129.1628844, 44.5531016], [129.1625923, 44.5532548], [129.1622261, 44.5534527], [129.16189, 44.5536493], [129.1614419, 44.5539241], [129.1579018, 44.5563069], [129.1574693, 44.5566043], [129.1571847, 44.5568122], [129.1567842, 44.5571551], [129.1563457, 44.5575818], [129.1560415, 44.5579169], [129.1532811, 44.5612195], [129.1530012, 44.5615378], [129.1527493, 44.5618029], [129.1524998, 44.5620375], [129.1522502, 44.5622487], [129.1518436, 44.5625556], [129.1513628, 44.5628505], [129.150868, 44.563123], [129.1504456, 44.5633297], [129.1500793, 44.5634914], [129.1494822, 44.5637089], [129.1490335, 44.5638375], [129.1477816, 44.5641204]]}}, {"type": "Feature", "properties": {"name": "\u6ee8\u7ee5\u7ebf", "name:en": null, "railway": "rail", "ele": null, "operator:type": null, "layer": "1", "addr:full": null, "addr:city": null, "source": null, "name:zh": null, "osm_id": 1286196448, "osm_type": "ways_line"}, "geometry": {"type": "LineString", "coordinates": [[129.1754554, 44.5503689], [129.1751831, 44.5503803]]}}, {"type": "Feature", "properties": {"name": "\u6ee8\u7ee5\u7ebf", "name:en": null, "railway": "rail", "ele": null, "operator:type": null, "layer": null, "addr:full": null, "addr:city": null, "source": null, "name:zh": null, "osm_id": 1286196449, "osm_type": "ways_line"}, "geometry": {"type": "LineString", "coordinates": [[129.1478108, 44.564212], [129.1487668, 44.5640164], [129.1494499, 44.5638344], [129.1501381, 44.5635877], [129.1504947, 44.5634353], [129.1509256, 44.5632241], [129.1515102, 44.5629186], [129.1520435, 44.5625445], [129.1523586, 44.5623181], [129.1526129, 44.5620918], [129.1528522, 44.5618575], [129.1531153, 44.5615682], [129.1533807, 44.5612514], [129.1561458, 44.5580073], [129.1565419, 44.5575612], [129.1569011, 44.5572302], [129.1572151, 44.5569597], [129.1575599, 44.5566995], [129.1580073, 44.5564051], [129.1615346, 44.5540091], [129.1619978, 44.5537273], [129.1623187, 44.5535338], [129.1626611, 44.5533478], [129.1629592, 44.5532], [129.1633861, 44.5530004], [129.1667071, 44.5515286], [129.1673132, 44.5512908], [129.1678185, 44.5511328], [129.1683916, 44.5509835], [129.1690941, 44.5508342], [129.1696487, 44.5507288], [129.1701786, 44.5506541], [129.1707085, 44.5506146], [129.1751839, 44.5504243]]}}, {"type": "Feature", "properties": {"name": "\u6ee8\u7ee5\u7ebf", "name:en": null, "railway": "rail", "ele": null, "operator:type": null, "layer": "1", "addr:full": null, "addr:city": null, "source": null, "name:zh": null, "osm_id": 1286196450, "osm_type": "ways_line"}, "geometry": {"type": "LineString", "coordinates": [[129.1751839, 44.5504243], [129.1754602, 44.5504125]]}}, {"type": "Feature", "properties": {"name": "\u6ee8\u7ee5\u7ebf", "name:en": null, "railway": "rail", "ele": null, "operator:type": null, "layer": null, "addr:full": null, "addr:city": null, "source": "bing", "name:zh": null, "osm_id": 1286368320, "osm_type": "ways_line"}, "geometry": {"type": "LineString", "coordinates": [[129.4296874, 44.5658162], [129.4281814, 44.5655209], [129.4274864, 44.5653686], [129.4269129, 44.5652256], [129.426347, 44.5650732], [129.4257658, 44.5648919], [129.4252926, 44.5647259], [129.4247871, 44.5645423], [129.4213901, 44.5632488], [129.4206526, 44.5629497], [129.4199817, 44.5626647], [129.419398, 44.5623981], [129.4184012, 44.561874], [129.4176527, 44.5615264], [129.4168296, 44.5611809], [129.4163086, 44.5609592], [129.4158726, 44.5607777], [129.4143281, 44.5601907], [129.4139138, 44.5600381], [129.4132466, 44.5598187], [129.4105649, 44.5589837], [129.4099905, 44.5588108], [129.4094831, 44.5586704], [129.4075711, 44.5581606], [129.4071361, 44.5580531], [129.4065229, 44.5579271], [129.405974, 44.5578204], [129.4052417, 44.557701], [129.4048213, 44.5576209], [129.4043513, 44.5574894], [129.4040243, 44.5573693], [129.4036416, 44.5572211], [129.4033091, 44.5570625], [129.4029094, 44.5568393], [129.4025082, 44.556599], [129.4020522, 44.5562973], [129.4016521, 44.5560079], [129.4012181, 44.5557028], [129.4008513, 44.5554998], [129.4004899, 44.5553303], [129.4001424, 44.5552004], [129.399788, 44.5550903], [129.3993958, 44.5549927], [129.3990377, 44.5549244], [129.3987207, 44.5548741], [129.3983489, 44.5548278], [129.3980583, 44.5547986], [129.3977616, 44.5547888], [129.3974649, 44.5547866]]}}, {"type": "Feature", "properties": {"name": "\u6ee8\u7ee5\u7ebf", "name:en": null, "railway": "rail", "ele": null, "operator:type": null, "layer": "1", "addr:full": null, "addr:city": null, "source": "bing", "name:zh": null, "osm_id": 1286368321, "osm_type": "ways_line"}, "geometry": {"type": "LineString", "coordinates": [[129.429786, 44.5658356], [129.4296874, 44.5658162]]}}, {"type": "Feature", "properties": {"name": "\u6ee8\u7ee5\u7ebf", "name:en": null, "railway": "rail", "ele": null, "operator:type": null, "layer": null, "addr:full": null, "addr:city": null, "source": "bing", "name:zh": null, "osm_id": 1286368322, "osm_type": "ways_line"}, "geometry": {"type": "LineString", "coordinates": [[129.3974892, 44.554887], [129.3977704, 44.5548909], [129.3980517, 44.5549081], [129.3983511, 44.5549314], [129.3987008, 44.5549757], [129.3989982, 44.5550242], [129.3993637, 44.5550933], [129.3997489, 44.5551841], [129.4001373, 44.5552956], [129.4004332, 44.5554009], [129.4008141, 44.5555604], [129.4011728, 44.5557603], [129.4016165, 44.5560528], [129.4020182, 44.5563446], [129.402476, 44.5566442], [129.4028779, 44.5568883], [129.4032769, 44.5571141], [129.4036141, 44.5572652], [129.4039924, 44.5574105], [129.4043362, 44.5575315], [129.4047944, 44.557659], [129.4052363, 44.5577457], [129.4059589, 44.5578601], [129.406501, 44.5579632], [129.4071187, 44.5580913], [129.4075431, 44.5581909], [129.4094566, 44.558702], [129.4099746, 44.558848], [129.4105287, 44.5590137], [129.4132665, 44.559868], [129.4138955, 44.5600714], [129.4143013, 44.560222], [129.415852, 44.5608184], [129.4162772, 44.5609926], [129.4168052, 44.5612118], [129.4176196, 44.5615536], [129.4184186, 44.561935], [129.4193645, 44.5624359], [129.4199614, 44.5627077], [129.4206143, 44.562994], [129.4213459, 44.5632803], [129.4247705, 44.5645874], [129.4252681, 44.5647721], [129.4257401, 44.5649324], [129.426333, 44.5651196], [129.4269124, 44.5652723], [129.4274779, 44.5654117], [129.4281595, 44.5655645], [129.4296655, 44.5658592]]}}, {"type": "Feature", "properties": {"name": "\u6ee8\u7ee5\u7ebf", "name:en": null, "railway": "rail", "ele": null, "operator:type": null, "layer": "1", "addr:full": null, "addr:city": null, "source": "bing", "name:zh": null, "osm_id": 1286368323, "osm_type": "ways_line"}, "geometry": {"type": "LineString", "coordinates": [[129.4296655, 44.5658592], [129.4297681, 44.5658794]]}}, {"type": "Feature", "properties": {"name": "\u6ee8\u7ee5\u7ebf", "name:en": null, "railway": "rail", "ele": null, "operator:type": null, "layer": null, "addr:full": null, "addr:city": null, "source": "GPS;bing", "name:zh": null, "osm_id": 1286080905, "osm_type": "ways_line"}, "geometry": {"type": "LineString", "coordinates": [[127.6187616, 45.2636216], [127.6186262, 45.2636878], [127.6184738, 45.2637551], [127.6183178, 45.2638175], [127.6181619, 45.2638754], [127.6179122, 45.2639605], [127.617662, 45.2640363], [127.6173982, 45.2641052], [127.6171303, 45.2641652], [127.6168367, 45.2642134], [127.6165431, 45.2642474], [127.6162436, 45.2642704], [127.6159441, 45.264282], [127.6156911, 45.2642767], [127.6154361, 45.2642672], [127.615159, 45.2642442], [127.6148859, 45.2642098], [127.6146739, 45.264177], [127.6144619, 45.2641327], [127.6142278, 45.2640825], [127.6139937, 45.2640223], [127.6137519, 45.263953], [127.61351, 45.2638751], [127.6132897, 45.2637915], [127.6130815, 45.2637021], [127.6126139, 45.2634753], [127.6117103, 45.2630056], [127.6112155, 45.2627784], [127.6107919, 45.262623], [127.6102044, 45.2624665], [127.6097739, 45.2623858], [127.6093738, 45.2623378], [127.6090334, 45.2623186], [127.6085051, 45.2623174], [127.6080835, 45.2623377], [127.6075363, 45.2624102], [127.6072005, 45.2624773], [127.6067364, 45.2626009], [127.6051656, 45.2631607], [127.6047883, 45.2632887], [127.6042845, 45.2634361], [127.6035505, 45.2636253], [127.6029357, 45.2637422], [127.6023191, 45.2638492], [127.6014455, 45.2639304], [127.6007698, 45.2639527], [127.6002001, 45.2639495], [127.5997277, 45.2639444], [127.5992377, 45.2639253], [127.5965468, 45.2637218], [127.5960976, 45.2636952], [127.595662, 45.2636797], [127.5952069, 45.2636841], [127.5946974, 45.2637068], [127.5942207, 45.2637397], [127.5936025, 45.2638036], [127.5930148, 45.2638874], [127.5924317, 45.2640039], [127.5918579, 45.2641467], [127.5880451, 45.2651863], [127.5875716, 45.2653033], [127.5871104, 45.2653965], [127.5866192, 45.2654779], [127.5862127, 45.2655268], [127.5857387, 45.2655519], [127.585194, 45.2655623], [127.5846044, 45.265547], [127.5840176, 45.2655066], [127.5834282, 45.2654306], [127.5829418, 45.2653443], [127.5824097, 45.2652224], [127.5739079, 45.2629766], [127.5732764, 45.2628345], [127.5727139, 45.2627413], [127.5721888, 45.2626805], [127.5715717, 45.2626472], [127.5710661, 45.2626469], [127.5705572, 45.262665], [127.5700112, 45.2627172], [127.5695655, 45.2627782], [127.5690646, 45.2628715], [127.5685907, 45.262985], [127.5681793, 45.2631012], [127.5676148, 45.2632914], [127.5672973, 45.2634188], [127.5669904, 45.2635574], [127.5665668, 45.2637685], [127.5663186, 45.2639197], [127.563831, 45.2654671], [127.5634608, 45.2656816], [127.5630181, 45.2658893], [127.5625534, 45.2660758], [127.5621377, 45.2662142], [127.5617262, 45.2663343], [127.5612534, 45.266447], [127.5607833, 45.2665389], [127.5603442, 45.2665976], [127.559945, 45.266641], [127.5585009, 45.2667695], [127.5579024, 45.2668397], [127.557293, 45.2669444], [127.5565217, 45.2671336], [127.5558247, 45.2673476], [127.5529765, 45.268264], [127.5526437, 45.2683718], [127.5520425, 45.268531], [127.5514341, 45.2686631], [127.5424819, 45.2703813], [127.5418665, 45.2705127], [127.5415044, 45.2706045], [127.5409805, 45.2707621], [127.5404693, 45.2709496], [127.5398408, 45.2712145], [127.5371423, 45.2723821], [127.5366949, 45.2725806], [127.5363143, 45.2727499], [127.5358731, 45.272943], [127.5353782, 45.2731512], [127.5349222, 45.2733189], [127.5343298, 45.2734984], [127.5336599, 45.2736589], [127.5333171, 45.2737241], [127.5329474, 45.2737835], [127.5323769, 45.2738456], [127.531923, 45.2738691], [127.5314149, 45.2738706], [127.5309316, 45.2738517], [127.5302819, 45.2737907], [127.5293714, 45.2736899], [127.5288297, 45.2736418], [127.5283619, 45.2736105], [127.5279096, 45.2735973], [127.5270394, 45.2736117], [127.5264321, 45.2736391], [127.5257123, 45.2736716], [127.5245241, 45.2737252]]}}, {"type": "Feature", "properties": {"name": "\u6ee8\u7ee5\u7ebf", "name:en": null, "railway": "rail", "ele": null, "operator:type": null, "layer": "1", "addr:full": null, "addr:city": null, "source": "GPS;bing", "name:zh": null, "osm_id": 1286080906, "osm_type": "ways_line"}, "geometry": {"type": "LineString", "coordinates": [[127.6188366, 45.2635818], [127.6187616, 45.2636216]]}}, {"type": "Feature", "properties": {"name": "\u6ee8\u7ee5\u7ebf", "name:en": null, "railway": "rail", "ele": null, "operator:type": null, "layer": null, "addr:full": null, "addr:city": null, "source": "bing;GPS", "name:zh": null, "osm_id": 1286080910, "osm_type": "ways_line"}, "geometry": {"type": "LineString", "coordinates": [[127.7473117, 45.2640575], [127.7492695, 45.2638251], [127.7497999, 45.2637434], [127.750566, 45.2635825], [127.7512003, 45.263399], [127.7629377, 45.259648], [127.7639838, 45.259267], [127.7697183, 45.2569918], [127.7706197, 45.2566438], [127.7716256, 45.2562884], [127.7790225, 45.2536844], [127.810587, 45.2425725], [127.8114283, 45.2422808], [127.8124402, 45.2419742], [127.8153482, 45.241185], [127.8161382, 45.2409452], [127.8170724, 45.2406462], [127.8178903, 45.2403531], [127.8187195, 45.2400302], [127.8195753, 45.2396637], [127.8207522, 45.2390786], [127.8216713, 45.2385829], [127.8223036, 45.2382], [127.829819, 45.2334814], [127.8304746, 45.233055], [127.8309368, 45.2327308], [127.8315053, 45.2323132], [127.8317505, 45.2321099], [127.8319958, 45.2318916], [127.838244, 45.2258928], [127.8411015, 45.2231492]]}}, {"type": "Feature", "properties": {"name": "\u6ee8\u7ee5\u7ebf", "name:en": null, "railway": "rail", "ele": null, "operator:type": null, "layer": null, "addr:full": null, "addr:city": null, "source": "bing;GPS", "name:zh": null, "osm_id": 1286080911, "osm_type": "ways_line"}, "geometry": {"type": "LineString", "coordinates": [[127.7426265, 45.2644559], [127.7427399, 45.2644509]]}}, {"type": "Feature", "properties": {"name": "\u6ee8\u7ee5\u7ebf", "name:en": null, "railway": "rail", "ele": null, "operator:type": null, "layer": null, "addr:full": null, "addr:city": null, "source": "GPS;bing", "name:zh": null, "osm_id": 1286080912, "osm_type": "ways_line"}, "geometry": {"type": "LineString", "coordinates": [[127.8392371, 45.224854], [127.8386032, 45.2254633], [127.8319352, 45.2318721], [127.8316924, 45.232083], [127.8314108, 45.2323164], [127.8308827, 45.2327018], [127.830429, 45.2330212], [127.8297623, 45.2334554], [127.822264, 45.2381649], [127.8216345, 45.2385447], [127.8206939, 45.2390473], [127.8194888, 45.2396256], [127.8186869, 45.239979], [127.8178318, 45.2403101], [127.8170425, 45.2406016], [127.8161269, 45.2408993], [127.8153256, 45.2411444], [127.8124203, 45.2419373], [127.8113669, 45.2422549], [127.810563, 45.2425433], [127.779009, 45.2536507], [127.776653, 45.25448], [127.7715981, 45.2562425], [127.7705867, 45.2566058], [127.769676, 45.2569598], [127.7639516, 45.2592028], [127.7628739, 45.2595929], [127.7511535, 45.2633716], [127.7505495, 45.263542], [127.7497875, 45.2636983], [127.7492503, 45.2637797], [127.7473012, 45.2640123]]}}, {"type": "Feature", "properties": {"name": "\u6ee8\u7ee5\u7ebf", "name:en": null, "railway": "rail", "ele": null, "operator:type": null, "layer": null, "addr:full": null, "addr:city": null, "source": "GPS;bing", "name:zh": null, "osm_id": 1286080913, "osm_type": "ways_line"}, "geometry": {"type": "LineString", "coordinates": [[127.7427402, 45.2644049], [127.7426243, 45.2644099]]}}, {"type": "Feature", "properties": {"name": "\u6ee8\u7ee5\u7ebf", "name:en": null, "railway": "rail", "ele": null, "operator:type": null, "layer": null, "addr:full": null, "addr:city": null, "source": "GPS;bing", "name:zh": null, "osm_id": 1286080915, "osm_type": "ways_line"}, "geometry": {"type": "LineString", "coordinates": [[127.7468665, 45.2640642], [127.7455765, 45.2642181], [127.7450057, 45.2642745], [127.7444495, 45.2643164], [127.7435822, 45.264368], [127.7427402, 45.2644049]]}}, {"type": "Feature", "properties": {"name": "\u6ee8\u7ee5\u7ebf", "name:en": null, "railway": "rail", "ele": null, "operator:type": null, "layer": "1", "addr:full": null, "addr:city": null, "source": "GPS;bing", "name:zh": null, "osm_id": 1286080916, "osm_type": "ways_line"}, "geometry": {"type": "LineString", "coordinates": [[127.7473012, 45.2640123], [127.7468665, 45.2640642]]}}, {"type": "Feature", "properties": {"name": "\u6ee8\u7ee5\u7ebf", "name:en": null, "railway": "rail", "ele": null, "operator:type": null, "layer": null, "addr:full": null, "addr:city": null, "source": "bing;GPS", "name:zh": null, "osm_id": 1286080917, "osm_type": "ways_line"}, "geometry": {"type": "LineString", "coordinates": [[127.7427399, 45.2644509], [127.743597, 45.2644128], [127.7444563, 45.2643649], [127.7450054, 45.2643175], [127.7455861, 45.2642623], [127.746876, 45.2641092]]}}, {"type": "Feature", "properties": {"name": "\u6ee8\u7ee5\u7ebf", "name:en": null, "railway": "rail", "ele": null, "operator:type": null, "layer": "1", "addr:full": null, "addr:city": null, "source": "bing;GPS", "name:zh": null, "osm_id": 1286080918, "osm_type": "ways_line"}, "geometry": {"type": "LineString", "coordinates": [[127.746876, 45.2641092], [127.7473117, 45.2640575]]}}, {"type": "Feature", "properties": {"name": "\u6ee8\u7ee5\u7ebf", "name:en": null, "railway": "rail", "ele": null, "operator:type": null, "layer": null, "addr:full": null, "addr:city": null, "source": "GPS;bing", "name:zh": null, "osm_id": 1286080920, "osm_type": "ways_line"}, "geometry": {"type": "LineString", "coordinates": [[127.9472, 45.2047518], [127.9466857, 45.2046555]]}}, {"type": "Feature", "properties": {"name": "\u6ee8\u7ee5\u7ebf", "name:en": null, "railway": "rail", "ele": null, "operator:type": null, "layer": "1", "addr:full": null, "addr:city": null, "source": "GPS;bing", "name:zh": null, "osm_id": 1286080921, "osm_type": "ways_line"}, "geometry": {"type": "LineString", "coordinates": [[127.9466857, 45.2046555], [127.9463708, 45.2045965]]}}, {"type": "Feature", "properties": {"name": "\u6ee8\u7ee5\u7ebf", "name:en": null, "railway": "rail", "ele": null, "operator:type": null, "layer": null, "addr:full": null, "addr:city": null, "source": "bing;GPS", "name:zh": null, "osm_id": 1286080922, "osm_type": "ways_line"}, "geometry": {"type": "LineString", "coordinates": [[127.9466688, 45.2046956], [127.9472198, 45.2047988]]}}, {"type": "Feature", "properties": {"name": "\u6ee8\u7ee5\u7ebf", "name:en": null, "railway": "rail", "ele": null, "operator:type": null, "layer": "1", "addr:full": null, "addr:city": null, "source": "bing;GPS", "name:zh": null, "osm_id": 1286080923, "osm_type": "ways_line"}, "geometry": {"type": "LineString", "coordinates": [[127.9463547, 45.2046367], [127.9466688, 45.2046956]]}}, {"type": "Feature", "properties": {"name": "\u6ee8\u7ee5\u7ebf", "name:en": null, "railway": "rail", "ele": null, "operator:type": null, "layer": null, "addr:full": null, "addr:city": null, "source": null, "name:zh": null, "osm_id": 1341728241, "osm_type": "ways_line"}, "geometry": {"type": "LineString", "coordinates": [[129.6786128, 44.5878168], [129.6817082, 44.5860275], [129.6821111, 44.5857913], [129.6835181, 44.5849254], [129.6840535, 44.5845798], [129.6846634, 44.5841634], [129.6855796, 44.5835242], [129.6862552, 44.5830199], [129.6876942, 44.5819095], [129.6884029, 44.5813335], [129.69593, 44.5750722], [129.6982267, 44.5731659], [129.6989348, 44.5725854], [129.6995544, 44.5720999], [129.7014229, 44.5706885], [129.7033629, 44.5692344], [129.7039342, 44.5688073]]}}, {"type": "Feature", "properties": {"name": "\u6ee8\u7ee5\u7ebf", "name:en": null, "railway": "rail", "ele": null, "operator:type": null, "layer": null, "addr:full": null, "addr:city": null, "source": null, "name:zh": null, "osm_id": 1341728242, "osm_type": "ways_line"}, "geometry": {"type": "LineString", "coordinates": [[129.7038755, 44.5687791], [129.7028573, 44.5695487], [129.7024061, 44.5698887], [129.7017745, 44.5703636], [129.6994918, 44.57208], [129.6988649, 44.5725654], [129.698165, 44.5731367], [129.6958788, 44.57505], [129.6883487, 44.5813122], [129.6876554, 44.5818802], [129.6862103, 44.5830137], [129.6855368, 44.5834945], [129.6846216, 44.5841369], [129.68398, 44.5845663], [129.6834816, 44.5848923], [129.682069, 44.5857652], [129.6816795, 44.5859978], [129.6785809, 44.5877771]]}}, {"type": "Feature", "properties": {"name": "\u6ee8\u7ee5\u7ebf", "name:en": null, "railway": "rail", "ele": null, "operator:type": null, "layer": null, "addr:full": null, "addr:city": null, "source": null, "name:zh": null, "osm_id": 1341728244, "osm_type": "ways_line"}, "geometry": {"type": "LineString", "coordinates": [[129.7039342, 44.5688073], [129.7103152, 44.564024], [129.7145904, 44.5608191]]}}, {"type": "Feature", "properties": {"name": "\u6ee8\u7ee5\u7ebf", "name:en": null, "railway": "rail", "ele": null, "operator:type": null, "layer": null, "addr:full": null, "addr:city": null, "source": null, "name:zh": null, "osm_id": 1341728245, "osm_type": "ways_line"}, "geometry": {"type": "LineString", "coordinates": [[129.7145491, 44.5607868], [129.7102673, 44.5639931], [129.7038755, 44.5687791]]}}, {"type": "Feature", "properties": {"name": null, "name:en": null, "railway": "rail", "ele": null, "operator:type": null, "layer": null, "addr:full": null, "addr:city": null, "source": null, "name:zh": null, "osm_id": 1092822056, "osm_type": "ways_line"}, "geometry": {"type": "LineString", "coordinates": [[131.1485577, 44.3937564], [131.1485745, 44.3940931], [131.148583, 44.3942652], [131.1486552, 44.3957519], [131.1486715, 44.3959321], [131.1486966, 44.3960588], [131.1487405, 44.3961887], [131.1487966, 44.3963041], [131.1489152, 44.3965022], [131.1490145, 44.3966484], [131.1491638, 44.3968688]]}}, {"type": "Feature", "properties": {"name": null, "name:en": null, "railway": "rail", "ele": null, "operator:type": null, "layer": null, "addr:full": null, "addr:city": null, "source": null, "name:zh": null, "osm_id": 1092822061, "osm_type": "ways_line"}, "geometry": {"type": "LineString", "coordinates": [[131.1485745, 44.3940931], [131.1486718, 44.3945527], [131.148756, 44.3949492], [131.1487966, 44.3951614], [131.1488197, 44.3953404], [131.1488345, 44.3956993], [131.1488546, 44.3958529], [131.1488915, 44.3960018], [131.1489407, 44.3961459], [131.1490037, 44.3962725], [131.1490807, 44.3964007], [131.1491952, 44.3965452], [131.1493139, 44.3966804]]}}, {"type": "Feature", "properties": {"name": null, "name:en": null, "railway": "rail", "ele": null, "operator:type": null, "layer": null, "addr:full": null, "addr:city": null, "source": null, "name:zh": null, "osm_id": 1092822063, "osm_type": "ways_line"}, "geometry": {"type": "LineString", "coordinates": [[131.148632, 44.3969634], [131.1491475, 44.3974219]]}}, {"type": "Feature", "properties": {"name": null, "name:en": null, "railway": "rail", "ele": null, "operator:type": null, "layer": null, "addr:full": null, "addr:city": null, "source": null, "name:zh": null, "osm_id": 1092822070, "osm_type": "ways_line"}, "geometry": {"type": "LineString", "coordinates": [[131.1166459, 44.4034478], [131.1169957, 44.4034631], [131.117345, 44.4034784]]}}, {"type": "Feature", "properties": {"name": null, "name:en": null, "railway": "rail", "ele": null, "operator:type": null, "layer": null, "addr:full": null, "addr:city": null, "source": null, "name:zh": null, "osm_id": 1092822081, "osm_type": "ways_line"}, "geometry": {"type": "LineString", "coordinates": [[131.137054, 44.4032217], [131.1373206, 44.403196], [131.1375893, 44.40317], [131.1381353, 44.403118], [131.1389001, 44.4030467], [131.1392821, 44.4029971], [131.1396894, 44.4029322], [131.1401259, 44.4028464], [131.1405178, 44.4027612], [131.1408856, 44.4026649], [131.1413002, 44.4025454], [131.1417293, 44.4024038], [131.1421434, 44.4022515], [131.1425506, 44.4020821], [131.1428775, 44.4019336], [131.1432227, 44.4017677], [131.1435795, 44.4015809]]}}, {"type": "Feature", "properties": {"name": null, "name:en": null, "railway": "rail", "ele": null, "operator:type": null, "layer": null, "addr:full": null, "addr:city": null, "source": null, "name:zh": null, "osm_id": 1092822085, "osm_type": "ways_line"}, "geometry": {"type": "LineString", "coordinates": [[131.1166457, 44.4034883], [131.1169957, 44.4034631], [131.1173435, 44.4034381]]}}, {"type": "Feature", "properties": {"name": null, "name:en": null, "railway": "rail", "ele": null, "operator:type": null, "layer": null, "addr:full": null, "addr:city": null, "source": null, "name:zh": null, "osm_id": 1092822086, "osm_type": "ways_line"}, "geometry": {"type": "LineString", "coordinates": [[131.1171699, 44.4035208], [131.1201574, 44.4036452], [131.1204065, 44.4036648], [131.1206702, 44.4036961], [131.1209848, 44.4037477], [131.121363, 44.403818], [131.1216059, 44.4038592], [131.1218113, 44.4038816], [131.1220686, 44.4039031], [131.1222944, 44.403916], [131.1225323, 44.4039188], [131.1231246, 44.4039147], [131.1235955, 44.4039097], [131.1245524, 44.4039002]]}}, {"type": "Feature", "properties": {"name": null, "name:en": null, "railway": "rail", "ele": null, "operator:type": null, "layer": null, "addr:full": null, "addr:city": null, "source": null, "name:zh": null, "osm_id": 1092822090, "osm_type": "ways_line"}, "geometry": {"type": "LineString", "coordinates": [[131.1322951, 44.3996735], [131.132891, 44.3996172], [131.1331668, 44.3995912], [131.1333245, 44.3995791], [131.1342809, 44.3995558]]}}, {"type": "Feature", "properties": {"name": null, "name:en": null, "railway": "rail", "ele": null, "operator:type": null, "layer": null, "addr:full": null, "addr:city": null, "source": null, "name:zh": null, "osm_id": 1092822048, "osm_type": "ways_line"}, "geometry": {"type": "LineString", "coordinates": [[131.1486217, 44.3975749], [131.1488757, 44.3978816], [131.1493043, 44.3984246], [131.1494409, 44.3986159], [131.1500509, 44.3995417]]}}, {"type": "Feature", "properties": {"name": null, "name:en": null, "railway": "rail", "ele": null, "operator:type": null, "layer": null, "addr:full": null, "addr:city": null, "source": null, "name:zh": null, "osm_id": 1092822052, "osm_type": "ways_line"}, "geometry": {"type": "LineString", "coordinates": [[131.1483199, 44.394843], [131.1482926, 44.3950416], [131.148282, 44.3951928], [131.1482828, 44.3953227], [131.1483151, 44.3955653], [131.148372, 44.395989], [131.1483947, 44.3961018], [131.1484256, 44.3962096], [131.1484615, 44.3963019], [131.1485243, 44.3964278], [131.1486074, 44.3965644], [131.14888, 44.3969386]]}}, {"type": "Feature", "properties": {"name": null, "name:en": null, "railway": "rail", "ele": null, "operator:type": null, "layer": null, "addr:full": null, "addr:city": null, "source": "bing", "name:zh": null, "osm_id": 1056222998, "osm_type": "ways_line"}, "geometry": {"type": "LineString", "coordinates": [[131.2686858, 44.3936426], [131.2682258, 44.3930792], [131.2668289, 44.3915148], [131.2656176, 44.3900094], [131.2653333, 44.3895725], [131.2651151, 44.3885699], [131.2652933, 44.387275], [131.2653878, 44.3865905], [131.2652145, 44.3859647], [131.264541, 44.385041], [131.2637368, 44.3844663], [131.2622311, 44.384092], [131.2614639, 44.3841374], [131.2607358, 44.384237], [131.2599363, 44.3845126], [131.2593705, 44.384961], [131.258939, 44.3854263], [131.2586781, 44.3859494], [131.2583225, 44.3883637], [131.2583107, 44.3895671], [131.2585354, 44.3903152], [131.2596639, 44.3919373], [131.2606959, 44.3932421], [131.2609221, 44.3938281], [131.2608472, 44.3944476], [131.2605719, 44.3950607], [131.2600444, 44.3955949], [131.2594045, 44.3959875], [131.2585783, 44.396285], [131.2577831, 44.3963305], [131.255876, 44.3961923], [131.2524809, 44.3957162], [131.2510526, 44.3956504], [131.2498547, 44.3957162], [131.2487336, 44.3958589], [131.2479811, 44.3957931], [131.2456403, 44.3950347], [131.2450934, 44.3947359], [131.2443213, 44.3940397], [131.2438616, 44.3937441], [131.2433101, 44.393488], [131.2426758, 44.3932843], [131.2421335, 44.3931924], [131.2414349, 44.393199], [131.2408098, 44.3933106], [131.2395597, 44.3936259], [131.2388703, 44.3936719], [131.23819, 44.3935734], [131.2376845, 44.3934288], [131.2372432, 44.3932187], [131.2364711, 44.3926538], [131.235892, 44.3923254], [131.2354875, 44.392148], [131.2348808, 44.3919772], [131.2343201, 44.3918984], [131.2334652, 44.3917408], [131.2330424, 44.3916291], [131.2325184, 44.3913926], [131.2321967, 44.3911956], [131.2317923, 44.390854], [131.2313327, 44.3902234], [131.2312223, 44.3898556], [131.2311396, 44.3892118], [131.2310385, 44.38889], [131.2307995, 44.3884761], [131.2304502, 44.3880951], [131.2300825, 44.3877995], [131.2295034, 44.3874711], [131.2289335, 44.3872937], [131.2283911, 44.3872083], [131.2277569, 44.3871755], [131.2271042, 44.3872543], [131.2265619, 44.387412], [131.2259552, 44.3875959]]}}, {"type": "Feature", "properties": {"name": null, "name:en": null, "railway": "rail", "ele": null, "operator:type": null, "layer": "1", "addr:full": null, "addr:city": null, "source": "bing", "name:zh": null, "osm_id": 1056222999, "osm_type": "ways_line"}, "geometry": {"type": "LineString", "coordinates": [[131.268782, 44.3937602], [131.2686858, 44.3936426]]}}, {"type": "Feature", "properties": {"name": null, "name:en": null, "railway": "rail", "ele": null, "operator:type": null, "layer": "-1", "addr:full": null, "addr:city": null, "source": "bing", "name:zh": null, "osm_id": 145784145, "osm_type": "ways_line"}, "geometry": {"type": "LineString", "coordinates": [[131.2195115, 44.3742396], [131.2199987, 44.3735891]]}}, {"type": "Feature", "properties": {"name": null, "name:en": null, "railway": "rail", "ele": null, "operator:type": null, "layer": null, "addr:full": null, "addr:city": null, "source": "bing", "name:zh": null, "osm_id": 145784199, "osm_type": "ways_line"}, "geometry": {"type": "LineString", "coordinates": [[131.2242179, 44.3875171], [131.2235468, 44.3875105], [131.2229402, 44.3876025], [131.2224162, 44.3877667], [131.2218831, 44.3880097], [131.2210374, 44.3884104], [131.2205961, 44.3885812], [131.2199251, 44.3887257], [131.2194012, 44.3887389], [131.218822, 44.3886929], [131.2183257, 44.3885681], [131.2177558, 44.3883579], [131.2167998, 44.3879572], [131.2164505, 44.3877338], [131.2161012, 44.387412], [131.2158805, 44.3871098], [131.2156875, 44.3867091], [131.2153566, 44.3858814], [131.2152279, 44.3854675], [131.21509, 44.3847186], [131.2150073, 44.3836149], [131.2151176, 44.3829186], [131.2155956, 44.3811908], [131.2156783, 44.380409], [131.2157059, 44.379798], [131.2157978, 44.3794235], [131.216, 44.378957], [131.2166435, 44.3778073], [131.2169376, 44.3774262], [131.218151, 44.3761385], [131.2186198, 44.375442], [131.2195115, 44.3742396]]}}, {"type": "Feature", "properties": {"name": null, "name:en": null, "railway": "rail", "ele": null, "operator:type": null, "layer": "-1", "addr:full": null, "addr:city": null, "source": "bing", "name:zh": null, "osm_id": 145784188, "osm_type": "ways_line"}, "geometry": {"type": "LineString", "coordinates": [[131.2259552, 44.3875959], [131.2253761, 44.3876287], [131.2242179, 44.3875171]]}}, {"type": "Feature", "properties": {"name": null, "name:en": null, "railway": "rail", "ele": null, "operator:type": null, "layer": null, "addr:full": null, "addr:city": null, "source": null, "name:zh": null, "osm_id": 1092822008, "osm_type": "ways_line"}, "geometry": {"type": "LineString", "coordinates": [[131.1491475, 44.3974219], [131.1496158, 44.3979563]]}}, {"type": "Feature", "properties": {"name": null, "name:en": null, "railway": "rail", "ele": null, "operator:type": null, "layer": "1", "addr:full": null, "addr:city": null, "source": null, "name:zh": null, "osm_id": 1092831598, "osm_type": "ways_line"}, "geometry": {"type": "LineString", "coordinates": [[131.1138326, 44.4034928], [131.1149385, 44.403475]]}}, {"type": "Feature", "properties": {"name": null, "name:en": null, "railway": "rail", "ele": null, "operator:type": null, "layer": null, "addr:full": null, "addr:city": null, "source": null, "name:zh": null, "osm_id": 1268585964, "osm_type": "ways_line"}, "geometry": {"type": "LineString", "coordinates": [[131.1375893, 44.40317], [131.137049, 44.4031782], [131.1364284, 44.4031377], [131.1358453, 44.4030993], [131.1352816, 44.4030143]]}}, {"type": "Feature", "properties": {"name": null, "name:en": null, "railway": "rail", "ele": null, "operator:type": null, "layer": null, "addr:full": null, "addr:city": null, "source": null, "name:zh": null, "osm_id": 1092821976, "osm_type": "ways_line"}, "geometry": {"type": "LineString", "coordinates": [[131.1225571, 44.3997718], [131.1296381, 44.3996657], [131.1310652, 44.3996449], [131.132891, 44.3996172], [131.1331904, 44.3996127], [131.1338345, 44.3996038], [131.1343322, 44.3995968], [131.1348596, 44.3995897]]}}, {"type": "Feature", "properties": {"name": null, "name:en": null, "railway": "rail", "ele": null, "operator:type": null, "layer": null, "addr:full": null, "addr:city": null, "source": null, "name:zh": null, "osm_id": 1092821978, "osm_type": "ways_line"}, "geometry": {"type": "LineString", "coordinates": [[131.1370548, 44.4021179], [131.1368358, 44.4021096], [131.1365972, 44.4020907], [131.1363326, 44.4020628], [131.1361514, 44.4020306], [131.1359862, 44.4019881], [131.1358048, 44.4019504], [131.1355848, 44.4019185], [131.1353229, 44.4019], [131.1350688, 44.401896], [131.127125, 44.4020221]]}}, {"type": "Feature", "properties": {"name": null, "name:en": null, "railway": "rail", "ele": null, "operator:type": null, "layer": null, "addr:full": null, "addr:city": null, "source": null, "name:zh": null, "osm_id": 1092821979, "osm_type": "ways_line"}, "geometry": {"type": "LineString", "coordinates": [[131.1348654, 44.3996334], [131.1351657, 44.3996518], [131.1354571, 44.3996568], [131.1376071, 44.3996153]]}}, {"type": "Feature", "properties": {"name": null, "name:en": null, "railway": "rail", "ele": null, "operator:type": null, "layer": null, "addr:full": null, "addr:city": null, "source": null, "name:zh": null, "osm_id": 1092821980, "osm_type": "ways_line"}, "geometry": {"type": "LineString", "coordinates": [[131.1400283, 44.4018975], [131.1398861, 44.4018923], [131.1397501, 44.4018811], [131.1395419, 44.4018552], [131.1393537, 44.4018259], [131.1391736, 44.401778], [131.1389912, 44.4017202], [131.1387129, 44.4016165], [131.1384896, 44.4015182], [131.1346156, 44.3998838]]}}, {"type": "Feature", "properties": {"name": null, "name:en": null, "railway": "rail", "ele": null, "operator:type": null, "layer": null, "addr:full": null, "addr:city": null, "source": null, "name:zh": null, "osm_id": 1092821990, "osm_type": "ways_line"}, "geometry": {"type": "LineString", "coordinates": [[131.140602, 44.4018703], [131.1399123, 44.4019521], [131.1396215, 44.4019753], [131.1394745, 44.4019802], [131.1392887, 44.4019745], [131.1390816, 44.4019554], [131.1388455, 44.4019222], [131.138587, 44.4018606], [131.1383989, 44.4018025], [131.1382248, 44.4017357], [131.1341906, 44.4000121]]}}, {"type": "Feature", "properties": {"name": null, "name:en": null, "railway": "rail", "ele": null, "operator:type": null, "layer": null, "addr:full": null, "addr:city": null, "source": null, "name:zh": null, "osm_id": 1092821991, "osm_type": "ways_line"}, "geometry": {"type": "LineString", "coordinates": [[131.1358768, 44.4023248], [131.1328572, 44.4023722]]}}, {"type": "Feature", "properties": {"name": null, "name:en": null, "railway": "rail", "ele": null, "operator:type": null, "layer": null, "addr:full": null, "addr:city": null, "source": null, "name:zh": null, "osm_id": 1092821993, "osm_type": "ways_line"}, "geometry": {"type": "LineString", "coordinates": [[131.1390026, 44.4021819], [131.1407184, 44.4021593]]}}, {"type": "Feature", "properties": {"name": null, "name:en": null, "railway": "rail", "ele": null, "operator:type": null, "layer": null, "addr:full": null, "addr:city": null, "source": null, "name:zh": null, "osm_id": 1092821994, "osm_type": "ways_line"}, "geometry": {"type": "LineString", "coordinates": [[131.1352698, 44.4020504], [131.1283093, 44.4021629], [131.1280485, 44.4021701], [131.1278373, 44.4021847], [131.1275464, 44.4022103], [131.1272917, 44.4022241], [131.1269479, 44.4022319]]}}, {"type": "Feature", "properties": {"name": null, "name:en": null, "railway": "rail", "ele": null, "operator:type": null, "layer": null, "addr:full": null, "addr:city": null, "source": null, "name:zh": null, "osm_id": 1092822000, "osm_type": "ways_line"}, "geometry": {"type": "LineString", "coordinates": [[131.1354804, 44.4014875], [131.1351781, 44.4013183], [131.1349369, 44.4012004], [131.1347194, 44.4011101], [131.1345203, 44.4010445], [131.1343184, 44.4009914], [131.1341158, 44.4009575], [131.1339128, 44.4009316], [131.1336964, 44.4009163], [131.1334711, 44.4009138], [131.1281369, 44.4010123]]}}, {"type": "Feature", "properties": {"name": null, "name:en": null, "railway": "rail", "ele": null, "operator:type": null, "layer": null, "addr:full": null, "addr:city": null, "source": null, "name:zh": null, "osm_id": 1092822001, "osm_type": "ways_line"}, "geometry": {"type": "LineString", "coordinates": [[131.1449744, 44.40056], [131.1445602, 44.4008698], [131.1444113, 44.4009692], [131.144047, 44.4011849], [131.1433441, 44.4015342], [131.1430561, 44.4016756], [131.1428136, 44.4017817], [131.1425184, 44.4018954], [131.1422467, 44.401987], [131.1419725, 44.4020574], [131.141675, 44.4021188], [131.1413921, 44.4021621], [131.1410927, 44.4021896], [131.1407131, 44.4022066], [131.1401039, 44.4022137], [131.1395494, 44.4022208], [131.1382275, 44.4022346], [131.1379342, 44.4022254], [131.1376389, 44.4022064], [131.1362818, 44.4021164], [131.1357228, 44.4020793], [131.1352698, 44.4020504]]}}, {"type": "Feature", "properties": {"name": null, "name:en": null, "railway": "rail", "ele": null, "operator:type": null, "layer": null, "addr:full": null, "addr:city": null, "source": null, "name:zh": null, "osm_id": 1092822003, "osm_type": "ways_line"}, "geometry": {"type": "LineString", "coordinates": [[131.1436929, 44.4001819], [131.1434184, 44.4003268], [131.1431941, 44.4004386], [131.1429107, 44.4005597], [131.1426533, 44.4006583], [131.1423868, 44.4007393], [131.1420419, 44.4008208], [131.1417341, 44.4008699], [131.1413885, 44.4009051], [131.1411512, 44.400921], [131.140899, 44.4009302], [131.138733, 44.4009557], [131.138407, 44.4009436], [131.1381809, 44.4009226], [131.1379322, 44.4008797], [131.1376928, 44.4008267], [131.1374312, 44.400745], [131.1371117, 44.4006179], [131.1356701, 44.399977], [131.135474, 44.3998986], [131.1352942, 44.3998354], [131.1351172, 44.3997895], [131.1349064, 44.3997441], [131.1347241, 44.3997096], [131.1345408, 44.3996922], [131.1338166, 44.3996496], [131.1331904, 44.3996127]]}}, {"type": "Feature", "properties": {"name": null, "name:en": null, "railway": "rail", "ele": null, "operator:type": null, "layer": null, "addr:full": null, "addr:city": null, "source": null, "name:zh": null, "osm_id": 1092822005, "osm_type": "ways_line"}, "geometry": {"type": "LineString", "coordinates": [[131.1296381, 44.3996657], [131.1290121, 44.3997235], [131.1286427, 44.3997576], [131.1284532, 44.3997846], [131.1282743, 44.3998166], [131.1276075, 44.3999738], [131.1274089, 44.4000062], [131.1271739, 44.4000273], [131.1267307, 44.4000384], [131.1235868, 44.4000882]]}}, {"type": "Feature", "properties": {"name": null, "name:en": null, "railway": "rail", "ele": null, "operator:type": null, "layer": null, "addr:full": null, "addr:city": null, "source": null, "name:zh": null, "osm_id": 1092822015, "osm_type": "ways_line"}, "geometry": {"type": "LineString", "coordinates": [[131.1348596, 44.3995897], [131.1376028, 44.3995369]]}}, {"type": "Feature", "properties": {"name": null, "name:en": null, "railway": "rail", "ele": null, "operator:type": null, "layer": null, "addr:full": null, "addr:city": null, "source": null, "name:zh": null, "osm_id": 1092822016, "osm_type": "ways_line"}, "geometry": {"type": "LineString", "coordinates": [[131.1358653, 44.4017063], [131.135468, 44.4015335], [131.1352511, 44.4014416], [131.1351066, 44.4013876], [131.1349377, 44.4013357], [131.1347652, 44.4012941], [131.1346059, 44.4012651], [131.1344412, 44.4012418], [131.1342707, 44.401224], [131.1340845, 44.4012156], [131.1338089, 44.4012145], [131.127904, 44.4013179]]}}, {"type": "Feature", "properties": {"name": null, "name:en": null, "railway": "rail", "ele": null, "operator:type": null, "layer": null, "addr:full": null, "addr:city": null, "source": null, "name:zh": null, "osm_id": 1092822017, "osm_type": "ways_line"}, "geometry": {"type": "LineString", "coordinates": [[131.1225571, 44.3997718], [131.1219078, 44.3998319], [131.1213443, 44.3998841], [131.1210785, 44.3999227], [131.1208322, 44.3999751], [131.1206156, 44.4000386], [131.1203984, 44.4001211], [131.1201802, 44.4002282], [131.1194381, 44.4006594], [131.1193011, 44.4007177], [131.1190563, 44.4008], [131.1188642, 44.4008528], [131.1186559, 44.4008966], [131.1184442, 44.4009261], [131.1182301, 44.4009391], [131.1180378, 44.400944], [131.1134465, 44.4010126]]}}, {"type": "Feature", "properties": {"name": null, "name:en": null, "railway": "rail", "ele": null, "operator:type": null, "layer": null, "addr:full": null, "addr:city": null, "source": null, "name:zh": null, "osm_id": 1092822022, "osm_type": "ways_line"}, "geometry": {"type": "LineString", "coordinates": [[131.1358768, 44.4023248], [131.1354136, 44.4023677], [131.1352492, 44.4023765], [131.121622, 44.4025995]]}}, {"type": "Feature", "properties": {"name": null, "name:en": null, "railway": "rail", "ele": null, "operator:type": null, "layer": null, "addr:full": null, "addr:city": null, "source": null, "name:zh": null, "osm_id": 1092822023, "osm_type": "ways_line"}, "geometry": {"type": "LineString", "coordinates": [[131.1252121, 44.4036609], [131.1256062, 44.403617], [131.1258574, 44.4036013], [131.1261562, 44.4035947], [131.1339304, 44.4034764], [131.1342097, 44.4034863], [131.1346531, 44.4035148]]}}, {"type": "Feature", "properties": {"name": null, "name:en": null, "railway": "rail", "ele": null, "operator:type": null, "layer": null, "addr:full": null, "addr:city": null, "source": null, "name:zh": null, "osm_id": 1092822026, "osm_type": "ways_line"}, "geometry": {"type": "LineString", "coordinates": [[131.1264173, 44.4022432], [131.1275132, 44.4021285], [131.1279125, 44.402094], [131.1281851, 44.4020822], [131.1285706, 44.4020745], [131.1347133, 44.4019857], [131.1350215, 44.4019911], [131.135297, 44.4020176], [131.1357228, 44.4020793]]}}, {"type": "Feature", "properties": {"name": null, "name:en": null, "railway": "rail", "ele": null, "operator:type": null, "layer": null, "addr:full": null, "addr:city": null, "source": null, "name:zh": null, "osm_id": 1092822031, "osm_type": "ways_line"}, "geometry": {"type": "LineString", "coordinates": [[131.1354804, 44.4014875], [131.1351446, 44.4012478], [131.1350197, 44.4011415], [131.1349183, 44.4010368], [131.1345453, 44.4006151], [131.1344439, 44.4005068], [131.1343299, 44.4004008], [131.1342013, 44.4002944], [131.134042, 44.4001836], [131.1339334, 44.4001183], [131.1337809, 44.4000376], [131.1336039, 44.3999562], [131.1334036, 44.3998849], [131.133161, 44.3998195], [131.132932, 44.3997763], [131.1326772, 44.3997465], [131.1324422, 44.3997283], [131.1316897, 44.3996827], [131.1310652, 44.3996449]]}}, {"type": "Feature", "properties": {"name": null, "name:en": null, "railway": "rail", "ele": null, "operator:type": null, "layer": null, "addr:full": null, "addr:city": null, "source": null, "name:zh": null, "osm_id": 1092822035, "osm_type": "ways_line"}, "geometry": {"type": "LineString", "coordinates": [[131.1400283, 44.4018975], [131.1398248, 44.4019052], [131.1396183, 44.4019084], [131.1393981, 44.4018999], [131.1392227, 44.4018769], [131.1390473, 44.4018451], [131.1388385, 44.4017942], [131.1386209, 44.4017232], [131.1383794, 44.4016208], [131.1345837, 44.4000067]]}}, {"type": "Feature", "properties": {"name": null, "name:en": null, "railway": "rail", "ele": null, "operator:type": null, "layer": null, "addr:full": null, "addr:city": null, "source": null, "name:zh": null, "osm_id": 1092822036, "osm_type": "ways_line"}, "geometry": {"type": "LineString", "coordinates": [[131.1343322, 44.3995968], [131.1346004, 44.3996152], [131.1348654, 44.3996334]]}}, {"type": "Feature", "properties": {"name": null, "name:en": null, "railway": "rail", "ele": null, "operator:type": null, "layer": null, "addr:full": null, "addr:city": null, "source": null, "name:zh": null, "osm_id": 1092822039, "osm_type": "ways_line"}, "geometry": {"type": "LineString", "coordinates": [[131.1342809, 44.3995558], [131.1349286, 44.3994936], [131.1352021, 44.3994743], [131.1379523, 44.3994291]]}}, {"type": "Feature", "properties": {"name": null, "name:en": null, "railway": "rail", "ele": null, "operator:type": null, "layer": null, "addr:full": null, "addr:city": null, "source": null, "name:zh": null, "osm_id": 1092822065, "osm_type": "ways_line"}, "geometry": {"type": "LineString", "coordinates": [[131.1338017, 44.3996967], [131.1346525, 44.3997468], [131.1347861, 44.3997633], [131.1349435, 44.3997943], [131.1351241, 44.3998368], [131.1352928, 44.399893], [131.1354831, 44.3999651], [131.1356877, 44.4000513], [131.1371217, 44.4006855], [131.1373327, 44.4007699], [131.1375035, 44.4008296], [131.137683, 44.4008788], [131.1378767, 44.4009218], [131.1381184, 44.4009672], [131.1383136, 44.40099], [131.1385245, 44.4010038], [131.1387354, 44.4010049], [131.1408953, 44.4009733], [131.141196, 44.400965], [131.1414765, 44.4009453], [131.1417509, 44.4009183], [131.1420681, 44.4008657], [131.1423778, 44.4007898], [131.1427004, 44.4006968], [131.1429355, 44.4006153], [131.1431395, 44.4005285], [131.1433336, 44.4004327], [131.1437335, 44.4002128]]}}, {"type": "Feature", "properties": {"name": null, "name:en": null, "railway": "rail", "ele": null, "operator:type": null, "layer": null, "addr:full": null, "addr:city": null, "source": null, "name:zh": null, "osm_id": 1092822068, "osm_type": "ways_line"}, "geometry": {"type": "LineString", "coordinates": [[131.1263104, 44.4018795], [131.1265769, 44.4017255], [131.1270212, 44.4014523], [131.1271957, 44.4013575], [131.1273676, 44.4012783], [131.1275699, 44.4012028], [131.127786, 44.4011378], [131.127986, 44.4010906], [131.1281735, 44.4010635], [131.1283544, 44.4010487], [131.1285686, 44.4010429], [131.1334762, 44.4009508]]}}, {"type": "Feature", "properties": {"name": null, "name:en": null, "railway": "rail", "ele": null, "operator:type": null, "layer": null, "addr:full": null, "addr:city": null, "source": null, "name:zh": null, "osm_id": 1092822069, "osm_type": "ways_line"}, "geometry": {"type": "LineString", "coordinates": [[131.1338017, 44.3996967], [131.1342612, 44.3997616], [131.1344581, 44.3997947], [131.134643, 44.3998346], [131.1348332, 44.3998914], [131.1350001, 44.3999503], [131.1351585, 44.4000154], [131.1383092, 44.4013436]]}}, {"type": "Feature", "properties": {"name": null, "name:en": null, "railway": "rail", "ele": null, "operator:type": null, "layer": null, "addr:full": null, "addr:city": null, "source": null, "name:zh": null, "osm_id": 1092822072, "osm_type": "ways_line"}, "geometry": {"type": "LineString", "coordinates": [[131.125051, 44.4039219], [131.1256058, 44.4039429], [131.1262784, 44.4039485], [131.1324306, 44.4038589], [131.133084, 44.4038314], [131.1334912, 44.4038019], [131.1342411, 44.4037367], [131.1353085, 44.4036307]]}}, {"type": "Feature", "properties": {"name": null, "name:en": null, "railway": "rail", "ele": null, "operator:type": null, "layer": null, "addr:full": null, "addr:city": null, "source": null, "name:zh": null, "osm_id": 1092822073, "osm_type": "ways_line"}, "geometry": {"type": "LineString", "coordinates": [[131.1246819, 44.4022783], [131.1252745, 44.4021702], [131.1254834, 44.402116], [131.125648, 44.4020628], [131.125803, 44.4019999], [131.1259904, 44.4019021], [131.1261515, 44.4018116], [131.1263024, 44.4017083], [131.1264299, 44.4015969], [131.126551, 44.4014832], [131.1266676, 44.4013589], [131.1272215, 44.4007228], [131.1273854, 44.400548], [131.1274974, 44.4004458], [131.1276297, 44.4003371], [131.1277741, 44.4002364], [131.1279282, 44.4001388], [131.1281133, 44.4000416], [131.1282817, 44.3999741], [131.1285085, 44.399897], [131.1288767, 44.3998089], [131.1291111, 44.3997638]]}}, {"type": "Feature", "properties": {"name": null, "name:en": null, "railway": "rail", "ele": null, "operator:type": null, "layer": null, "addr:full": null, "addr:city": null, "source": null, "name:zh": null, "osm_id": 1092822074, "osm_type": "ways_line"}, "geometry": {"type": "LineString", "coordinates": [[131.133205, 44.3997023], [131.1335681, 44.3997571], [131.1337629, 44.3997944], [131.1339659, 44.3998432], [131.1342164, 44.3999265], [131.1343991, 44.4000004], [131.1382485, 44.4016526]]}}, {"type": "Feature", "properties": {"name": null, "name:en": null, "railway": "rail", "ele": null, "operator:type": null, "layer": null, "addr:full": null, "addr:city": null, "source": null, "name:zh": null, "osm_id": 1092822078, "osm_type": "ways_line"}, "geometry": {"type": "LineString", "coordinates": [[131.1225596, 44.3998219], [131.1290121, 44.3997235], [131.1296407, 44.3997139], [131.1316897, 44.3996827], [131.1322951, 44.3996735], [131.1326438, 44.3996687], [131.1331995, 44.3996598], [131.1338166, 44.3996496], [131.134339, 44.3996409], [131.1348654, 44.3996334]]}}, {"type": "Feature", "properties": {"name": null, "name:en": null, "railway": "rail", "ele": null, "operator:type": null, "layer": null, "addr:full": null, "addr:city": null, "source": null, "name:zh": null, "osm_id": 1092822079, "osm_type": "ways_line"}, "geometry": {"type": "LineString", "coordinates": [[131.1225596, 44.3998219], [131.1213924, 44.3999221], [131.1211263, 44.3999589], [131.1209242, 44.4], [131.1207219, 44.4000567], [131.1205488, 44.4001151], [131.1203945, 44.4001827], [131.1201968, 44.4002839], [131.1195818, 44.4006347], [131.1193402, 44.4007554], [131.1192069, 44.4008069], [131.1190232, 44.4008671], [131.1188937, 44.400902], [131.1187771, 44.4009283], [131.1186694, 44.4009469], [131.1184183, 44.4009758], [131.118284, 44.4009866], [131.1179737, 44.4009937], [131.113446, 44.4010568]]}}, {"type": "Feature", "properties": {"name": null, "name:en": null, "railway": "rail", "ele": null, "operator:type": null, "layer": null, "addr:full": null, "addr:city": null, "source": null, "name:zh": null, "osm_id": 1092822083, "osm_type": "ways_line"}, "geometry": {"type": "LineString", "coordinates": [[131.1247204, 44.4023128], [131.1249979, 44.4022966], [131.1252389, 44.4022723], [131.1254246, 44.4022472], [131.1256363, 44.4022108], [131.1261965, 44.4020872], [131.1264265, 44.4020484], [131.1265814, 44.4020256], [131.1269621, 44.4019946], [131.1354785, 44.401856]]}}, {"type": "Feature", "properties": {"name": null, "name:en": null, "railway": "rail", "ele": null, "operator:type": null, "layer": null, "addr:full": null, "addr:city": null, "source": null, "name:zh": null, "osm_id": 1092822084, "osm_type": "ways_line"}, "geometry": {"type": "LineString", "coordinates": [[131.1296407, 44.3997139], [131.1291111, 44.3997638], [131.1290414, 44.3997699], [131.1288073, 44.399794], [131.1285806, 44.399825], [131.1283635, 44.3998668], [131.1279729, 44.3999699], [131.1277364, 44.4000247], [131.12755, 44.400054], [131.1273673, 44.4000716], [131.1235864, 44.4001249]]}}, {"type": "Feature", "properties": {"name": null, "name:en": null, "railway": "rail", "ele": null, "operator:type": null, "layer": null, "addr:full": null, "addr:city": null, "source": null, "name:zh": null, "osm_id": 1092822088, "osm_type": "ways_line"}, "geometry": {"type": "LineString", "coordinates": [[131.1359671, 44.4030663], [131.1351027, 44.4029356], [131.1347943, 44.4028927], [131.134543, 44.4028654], [131.1342966, 44.4028503], [131.1340759, 44.4028457], [131.1212164, 44.4030478], [131.120974, 44.4030566], [131.1207177, 44.4030755], [131.120474, 44.4031015], [131.1201911, 44.4031452], [131.1193732, 44.4032963]]}}, {"type": "Feature", "properties": {"name": null, "name:en": null, "railway": "rail", "ele": null, "operator:type": null, "layer": null, "addr:full": null, "addr:city": null, "source": null, "name:zh": null, "osm_id": 1092822092, "osm_type": "ways_line"}, "geometry": {"type": "LineString", "coordinates": [[131.1199207, 44.4033062], [131.1202633, 44.4032731], [131.1204294, 44.4032599], [131.1206005, 44.4032527], [131.1339357, 44.4030446], [131.1341781, 44.4030474], [131.1344941, 44.403062], [131.1347732, 44.4030816]]}}, {"type": "Feature", "properties": {"name": null, "name:en": null, "railway": "rail", "ele": null, "operator:type": null, "layer": null, "addr:full": null, "addr:city": null, "source": null, "name:zh": null, "osm_id": 1092822093, "osm_type": "ways_line"}, "geometry": {"type": "LineString", "coordinates": [[131.1352816, 44.4030143], [131.1348631, 44.4029487], [131.1346562, 44.40292], [131.134413, 44.402899], [131.1342103, 44.4028922], [131.1339578, 44.4028925], [131.1212183, 44.403091], [131.1210152, 44.4030971], [131.1207862, 44.403113], [131.1205612, 44.4031359], [131.1203727, 44.403161], [131.120169, 44.4031934], [131.1199046, 44.4032462]]}}, {"type": "Feature", "properties": {"name": null, "name:en": null, "railway": "rail", "ele": null, "operator:type": null, "layer": null, "addr:full": null, "addr:city": null, "source": null, "name:zh": null, "osm_id": 1092822094, "osm_type": "ways_line"}, "geometry": {"type": "LineString", "coordinates": [[131.1358098, 44.4032408], [131.1355148, 44.4032735], [131.1352545, 44.4032909], [131.1349642, 44.4032992], [131.1208131, 44.4035188], [131.1203289, 44.4035089], [131.1198822, 44.4034806]]}}, {"type": "Feature", "properties": {"name": null, "name:en": null, "railway": "rail", "ele": null, "operator:type": null, "layer": null, "addr:full": null, "addr:city": null, "source": null, "name:zh": null, "osm_id": 1092822096, "osm_type": "ways_line"}, "geometry": {"type": "LineString", "coordinates": [[131.1353085, 44.4036307], [131.1344858, 44.4037597], [131.1341517, 44.4038016], [131.1334952, 44.4038651], [131.1331286, 44.4038925], [131.1327991, 44.4039098], [131.1324514, 44.4039198], [131.1260464, 44.4040058], [131.1258514, 44.4040011], [131.1255649, 44.4039768], [131.125051, 44.4039219]]}}, {"type": "Feature", "properties": {"name": null, "name:en": null, "railway": "rail", "ele": null, "operator:type": null, "layer": null, "addr:full": null, "addr:city": null, "source": null, "name:zh": null, "osm_id": 1092822097, "osm_type": "ways_line"}, "geometry": {"type": "LineString", "coordinates": [[131.1205346, 44.4031864], [131.1207946, 44.4031608], [131.1210565, 44.4031426], [131.1213325, 44.4031328], [131.1337413, 44.4029433], [131.1340068, 44.4029421], [131.1342317, 44.4029481], [131.1352816, 44.4030143]]}}, {"type": "Feature", "properties": {"name": null, "name:en": null, "railway": "rail", "ele": null, "operator:type": null, "layer": null, "addr:full": null, "addr:city": null, "source": null, "name:zh": null, "osm_id": 1092822098, "osm_type": "ways_line"}, "geometry": {"type": "LineString", "coordinates": [[131.1198122, 44.4030747], [131.1201516, 44.402985], [131.1203704, 44.4029354], [131.1206233, 44.402893], [131.1208118, 44.4028782], [131.1210008, 44.4028713], [131.1340933, 44.4026643], [131.134392, 44.402669], [131.1346637, 44.4026885], [131.1348957, 44.4027238], [131.1350754, 44.4027642], [131.1354149, 44.402847]]}}, {"type": "Feature", "properties": {"name": null, "name:en": null, "railway": "rail", "ele": null, "operator:type": null, "layer": null, "addr:full": null, "addr:city": null, "source": null, "name:zh": null, "osm_id": 1092822099, "osm_type": "ways_line"}, "geometry": {"type": "LineString", "coordinates": [[131.1247204, 44.4023128], [131.1353377, 44.4021448]]}}, {"type": "Feature", "properties": {"name": null, "name:en": null, "railway": "rail", "ele": null, "operator:type": null, "layer": null, "addr:full": null, "addr:city": null, "source": null, "name:zh": null, "osm_id": 1092822100, "osm_type": "ways_line"}, "geometry": {"type": "LineString", "coordinates": [[131.1251308, 44.4038378], [131.1331504, 44.4037213], [131.1337829, 44.403702], [131.1341768, 44.4036843], [131.1344496, 44.4036641], [131.1361625, 44.4034971]]}}, {"type": "Feature", "properties": {"name": null, "name:en": null, "railway": "rail", "ele": null, "operator:type": null, "layer": null, "addr:full": null, "addr:city": null, "source": null, "name:zh": null, "osm_id": 1092822101, "osm_type": "ways_line"}, "geometry": {"type": "LineString", "coordinates": [[131.1199207, 44.4033062], [131.1347732, 44.4030816]]}}, {"type": "Feature", "properties": {"name": null, "name:en": null, "railway": "rail", "ele": null, "operator:type": null, "layer": null, "addr:full": null, "addr:city": null, "source": null, "name:zh": null, "osm_id": 1092822102, "osm_type": "ways_line"}, "geometry": {"type": "LineString", "coordinates": [[131.1358867, 44.4029608], [131.13484, 44.402811], [131.1346356, 44.4027863], [131.1344555, 44.4027707], [131.1342808, 44.4027629], [131.1340976, 44.4027606], [131.1212772, 44.4029565], [131.1210539, 44.4029644], [131.1207995, 44.4029809], [131.120523, 44.4030065], [131.1202988, 44.4030374], [131.1192515, 44.4032233]]}}, {"type": "Feature", "properties": {"name": null, "name:en": null, "railway": "rail", "ele": null, "operator:type": null, "layer": null, "addr:full": null, "addr:city": null, "source": null, "name:zh": null, "osm_id": 1092822103, "osm_type": "ways_line"}, "geometry": {"type": "LineString", "coordinates": [[131.1190347, 44.4034931], [131.1196124, 44.4035098], [131.1199483, 44.4035267], [131.1202562, 44.4035548], [131.120506, 44.4035894], [131.1206946, 44.4036219], [131.1211173, 44.4037148], [131.1213421, 44.4037603], [131.1215508, 44.4037937], [131.121812, 44.4038255], [131.1220848, 44.4038503], [131.1223391, 44.4038676], [131.1225722, 44.4038725], [131.1228451, 44.4038706], [131.1231252, 44.4038665], [131.1235981, 44.4038597], [131.1245499, 44.4038473], [131.1251308, 44.4038378], [131.1259551, 44.4037695]]}}, {"type": "Feature", "properties": {"name": null, "name:en": null, "railway": "rail", "ele": null, "operator:type": null, "layer": null, "addr:full": null, "addr:city": null, "source": null, "name:zh": null, "osm_id": 1092822104, "osm_type": "ways_line"}, "geometry": {"type": "LineString", "coordinates": [[131.134339, 44.3996409], [131.1346004, 44.3996152], [131.1348596, 44.3995897]]}}, {"type": "Feature", "properties": {"name": null, "name:en": null, "railway": "rail", "ele": null, "operator:type": null, "layer": null, "addr:full": null, "addr:city": null, "source": null, "name:zh": null, "osm_id": 1092822105, "osm_type": "ways_line"}, "geometry": {"type": "LineString", "coordinates": [[131.1187562, 44.4033107], [131.1190964, 44.403279], [131.1192717, 44.4032594], [131.1194266, 44.4032356], [131.1199933, 44.4031314], [131.1204345, 44.403061], [131.1206325, 44.4030353], [131.1208779, 44.4030179], [131.1210729, 44.4030085], [131.1214825, 44.4029996], [131.1342304, 44.4028033], [131.1344264, 44.4028093], [131.1346356, 44.4028287], [131.1348741, 44.4028571], [131.1352291, 44.4029087], [131.1354597, 44.4029484], [131.135651, 44.402987], [131.1359671, 44.4030663]]}}, {"type": "Feature", "properties": {"name": null, "name:en": null, "railway": "rail", "ele": null, "operator:type": null, "layer": null, "addr:full": null, "addr:city": null, "source": null, "name:zh": null, "osm_id": 1092822109, "osm_type": "ways_line"}, "geometry": {"type": "LineString", "coordinates": [[131.1358453, 44.4030993], [131.1341978, 44.4029892], [131.1339842, 44.4029826], [131.1335657, 44.4029845], [131.1205346, 44.4031864]]}}, {"type": "Feature", "properties": {"name": null, "name:en": null, "railway": "rail", "ele": null, "operator:type": null, "layer": null, "addr:full": null, "addr:city": null, "source": null, "name:zh": null, "osm_id": 1092822110, "osm_type": "ways_line"}, "geometry": {"type": "LineString", "coordinates": [[131.1198122, 44.4030747], [131.12018, 44.4030099], [131.1203714, 44.4029795], [131.1205869, 44.4029505], [131.1208583, 44.4029241], [131.1210716, 44.4029121], [131.1212618, 44.4029064], [131.1338955, 44.402717], [131.1342111, 44.4027164], [131.1344246, 44.4027203], [131.1346238, 44.4027339], [131.1347796, 44.4027512], [131.1354149, 44.402847]]}}, {"type": "Feature", "properties": {"name": null, "name:en": null, "railway": "rail", "ele": null, "operator:type": null, "layer": null, "addr:full": null, "addr:city": null, "source": null, "name:zh": null, "osm_id": 1092822111, "osm_type": "ways_line"}, "geometry": {"type": "LineString", "coordinates": [[131.1192732, 44.4030244], [131.120047, 44.4028173], [131.1202952, 44.4027583], [131.1205934, 44.4027021], [131.1209217, 44.4026601], [131.1212246, 44.4026438], [131.1354901, 44.4024188]]}}, {"type": "Feature", "properties": {"name": null, "name:en": null, "railway": "rail", "ele": null, "operator:type": null, "layer": null, "addr:full": null, "addr:city": null, "source": null, "name:zh": null, "osm_id": 1092831596, "osm_type": "ways_line"}, "geometry": {"type": "LineString", "coordinates": [[131.1149226, 44.4034186], [131.1155176, 44.4034114], [131.1162071, 44.4034002], [131.11816, 44.4033684], [131.1187109, 44.4033596]]}}, {"type": "Feature", "properties": {"name": null, "name:en": null, "railway": "rail", "ele": null, "operator:type": null, "layer": null, "addr:full": null, "addr:city": null, "source": null, "name:zh": null, "osm_id": 1092834017, "osm_type": "ways_line"}, "geometry": {"type": "LineString", "coordinates": [[131.145143, 44.4002336], [131.1447309, 44.4006054], [131.144512, 44.4007754], [131.1442555, 44.4009589], [131.1439726, 44.4011462], [131.1436632, 44.4013196], [131.1433359, 44.4014846], [131.1430135, 44.401638], [131.1427301, 44.401752], [131.1424294, 44.401859], [131.1421369, 44.4019439], [131.1418395, 44.4020145], [131.1414871, 44.4020778], [131.1411334, 44.4021239], [131.1407184, 44.4021593], [131.1401039, 44.4022137]]}}, {"type": "Feature", "properties": {"name": null, "name:en": null, "railway": "rail", "ele": null, "operator:type": null, "layer": null, "addr:full": null, "addr:city": null, "source": null, "name:zh": null, "osm_id": 1249120053, "osm_type": "ways_line"}, "geometry": {"type": "LineString", "coordinates": [[131.1481109, 44.3939653], [131.1479896, 44.3944092], [131.1477628, 44.3952389], [131.1476664, 44.3955919], [131.1475488, 44.3960222], [131.1474261, 44.3964714], [131.1471353, 44.3975354], [131.1470586, 44.39778], [131.1469637, 44.3980273], [131.1468435, 44.3982868], [131.1466981, 44.3985407], [131.1465424, 44.3987799], [131.1463542, 44.3990224], [131.1461667, 44.3992404], [131.1459587, 44.3994461]]}}, {"type": "Feature", "properties": {"name": null, "name:en": null, "railway": "rail", "ele": null, "operator:type": null, "layer": null, "addr:full": null, "addr:city": null, "source": null, "name:zh": null, "osm_id": 1249120055, "osm_type": "ways_line"}, "geometry": {"type": "LineString", "coordinates": [[131.1478198, 44.3947808], [131.1479034, 44.394476], [131.1479305, 44.3943589], [131.1479506, 44.394198], [131.1479536, 44.394044], [131.1479457, 44.3937918], [131.1479295, 44.3932718]]}}, {"type": "Feature", "properties": {"name": null, "name:en": null, "railway": "rail", "ele": null, "operator:type": null, "layer": null, "addr:full": null, "addr:city": null, "source": null, "name:zh": null, "osm_id": 1249120056, "osm_type": "ways_line"}, "geometry": {"type": "LineString", "coordinates": [[131.1479457, 44.3937918], [131.1478804, 44.3934225], [131.1478125, 44.3930454], [131.1478037, 44.3929174], [131.1478044, 44.3927642], [131.1478218, 44.3926457], [131.1478503, 44.3925272], [131.1481395, 44.3914875], [131.1481943, 44.3910509]]}}, {"type": "Feature", "properties": {"name": null, "name:en": null, "railway": "rail", "ele": null, "operator:type": null, "layer": null, "addr:full": null, "addr:city": null, "source": null, "name:zh": null, "osm_id": 1249120065, "osm_type": "ways_line"}, "geometry": {"type": "LineString", "coordinates": [[131.1475451, 44.3929976], [131.1472338, 44.3923121], [131.1471749, 44.3921273], [131.1471424, 44.3919683], [131.1471327, 44.3918092], [131.1471376, 44.391673], [131.147162, 44.3915201], [131.1471963, 44.3913631], [131.1474347, 44.3904987], [131.1474631, 44.3903687], [131.1474976, 44.3901696], [131.1475161, 44.3899266], [131.1475139, 44.3894163], [131.147496, 44.3892558], [131.147461, 44.3890684], [131.1473924, 44.3887598], [131.1473677, 44.3886008], [131.1473551, 44.3884201], [131.1473639, 44.3880348], [131.1473816, 44.3878483], [131.1474063, 44.3876833], [131.1474894, 44.3873304], [131.1475627, 44.387052], [131.147673, 44.3866331], [131.1477206, 44.3861844]]}}, {"type": "Feature", "properties": {"name": null, "name:en": null, "railway": "rail", "ele": null, "operator:type": null, "layer": null, "addr:full": null, "addr:city": null, "source": null, "name:zh": null, "osm_id": 1249120070, "osm_type": "ways_line"}, "geometry": {"type": "LineString", "coordinates": [[131.1536608, 44.3840206], [131.1532026, 44.384198], [131.1528205, 44.3843047], [131.1523812, 44.3844299], [131.1520674, 44.3845199], [131.1519207, 44.384562]]}}, {"type": "Feature", "properties": {"name": null, "name:en": null, "railway": "rail", "ele": null, "operator:type": null, "layer": null, "addr:full": null, "addr:city": null, "source": null, "name:zh": null, "osm_id": 1249120081, "osm_type": "ways_line"}, "geometry": {"type": "LineString", "coordinates": [[131.1477078, 44.3956551], [131.1475488, 44.3960222]]}}, {"type": "Feature", "properties": {"name": null, "name:en": null, "railway": "rail", "ele": null, "operator:type": null, "layer": null, "addr:full": null, "addr:city": null, "source": null, "name:zh": null, "osm_id": 1249120082, "osm_type": "ways_line"}, "geometry": {"type": "LineString", "coordinates": [[131.1481491, 44.3944906], [131.1478259, 44.3952281], [131.1476664, 44.3955919], [131.1474631, 44.3960555]]}}, {"type": "Feature", "properties": {"name": null, "name:en": null, "railway": "rail", "ele": null, "operator:type": null, "layer": null, "addr:full": null, "addr:city": null, "source": null, "name:zh": null, "osm_id": 1268585956, "osm_type": "ways_line"}, "geometry": {"type": "LineString", "coordinates": [[131.1367788, 44.4034009], [131.1361625, 44.4034971], [131.1353085, 44.4036307]]}}, {"type": "Feature", "properties": {"name": null, "name:en": null, "railway": "rail", "ele": null, "operator:type": null, "layer": null, "addr:full": null, "addr:city": null, "source": null, "name:zh": null, "osm_id": 1268585963, "osm_type": "ways_line"}, "geometry": {"type": "LineString", "coordinates": [[131.1347732, 44.4030816], [131.1363208, 44.4031894]]}}, {"type": "Feature", "properties": {"name": null, "name:en": null, "railway": "rail", "ele": null, "operator:type": null, "layer": null, "addr:full": null, "addr:city": null, "source": null, "name:zh": null, "osm_id": 1268585965, "osm_type": "ways_line"}, "geometry": {"type": "LineString", "coordinates": [[131.1364284, 44.4031377], [131.1359671, 44.4030663]]}}, {"type": "Feature", "properties": {"name": null, "name:en": null, "railway": "rail", "ele": null, "operator:type": null, "layer": null, "addr:full": null, "addr:city": null, "source": null, "name:zh": null, "osm_id": 1268585966, "osm_type": "ways_line"}, "geometry": {"type": "LineString", "coordinates": [[131.1381353, 44.403118], [131.1373345, 44.4031225], [131.1371349, 44.4031153], [131.1369615, 44.4031036], [131.1367724, 44.4030867], [131.1365659, 44.4030586], [131.1358867, 44.4029608], [131.1354149, 44.402847]]}}, {"type": "Feature", "properties": {"name": null, "name:en": null, "railway": "rail", "ele": null, "operator:type": null, "layer": null, "addr:full": null, "addr:city": null, "source": null, "name:zh": null, "osm_id": 1268585967, "osm_type": "ways_line"}, "geometry": {"type": "LineString", "coordinates": [[131.11816, 44.4033684], [131.1187562, 44.4033107], [131.1192515, 44.4032233], [131.1198122, 44.4030747]]}}, {"type": "Feature", "properties": {"name": null, "name:en": null, "railway": "rail", "ele": null, "operator:type": null, "layer": null, "addr:full": null, "addr:city": null, "source": null, "name:zh": null, "osm_id": 1268585968, "osm_type": "ways_line"}, "geometry": {"type": "LineString", "coordinates": [[131.118006, 44.4034284], [131.1187109, 44.4033596], [131.1193732, 44.4032963], [131.1199046, 44.4032462], [131.1205346, 44.4031864]]}}, {"type": "Feature", "properties": {"name": null, "name:en": null, "railway": "rail", "ele": null, "operator:type": null, "layer": null, "addr:full": null, "addr:city": null, "source": null, "name:zh": null, "osm_id": 1268585969, "osm_type": "ways_line"}, "geometry": {"type": "LineString", "coordinates": [[131.1187907, 44.4034164], [131.1193789, 44.4033586], [131.1199207, 44.4033062]]}}, {"type": "Feature", "properties": {"name": null, "name:en": null, "railway": "rail", "ele": null, "operator:type": null, "layer": null, "addr:full": null, "addr:city": null, "source": null, "name:zh": null, "osm_id": 1268585970, "osm_type": "ways_line"}, "geometry": {"type": "LineString", "coordinates": [[131.1149385, 44.403475], [131.1155181, 44.4034657], [131.1162099, 44.4034542], [131.1166459, 44.4034478], [131.1173435, 44.4034381], [131.118006, 44.4034284], [131.1187907, 44.4034164], [131.119752, 44.4034006]]}}, {"type": "Feature", "properties": {"name": null, "name:en": null, "railway": "rail", "ele": null, "operator:type": null, "layer": null, "addr:full": null, "addr:city": null, "source": null, "name:zh": null, "osm_id": 1268585973, "osm_type": "ways_line"}, "geometry": {"type": "LineString", "coordinates": [[131.1112965, 44.399938], [131.1225571, 44.3997718]]}}, {"type": "Feature", "properties": {"name": null, "name:en": null, "railway": "rail", "ele": null, "operator:type": null, "layer": null, "addr:full": null, "addr:city": null, "source": null, "name:zh": null, "osm_id": 1268585974, "osm_type": "ways_line"}, "geometry": {"type": "LineString", "coordinates": [[131.1113048, 44.3999948], [131.1219078, 44.3998319], [131.1225596, 44.3998219]]}}, {"type": "Feature", "properties": {"name": null, "name:en": null, "railway": "rail", "ele": null, "operator:type": null, "layer": null, "addr:full": null, "addr:city": null, "source": null, "name:zh": null, "osm_id": 1268585976, "osm_type": "ways_line"}, "geometry": {"type": "LineString", "coordinates": [[131.1410318, 44.4018179], [131.1406668, 44.4018938], [131.1403792, 44.401945], [131.1399426, 44.4020088], [131.139621, 44.4020469], [131.139323, 44.4020719], [131.1387, 44.4021004], [131.1380377, 44.4021105], [131.137801, 44.4021131], [131.1370548, 44.4021179], [131.1362818, 44.4021164]]}}, {"type": "Feature", "properties": {"name": null, "name:en": null, "railway": "rail", "ele": null, "operator:type": null, "layer": null, "addr:full": null, "addr:city": null, "source": null, "name:zh": null, "osm_id": 1268585977, "osm_type": "ways_line"}, "geometry": {"type": "LineString", "coordinates": [[131.1448926, 44.4000845], [131.1444767, 44.4004039], [131.1442704, 44.400546], [131.1439984, 44.400716], [131.1436476, 44.4009097], [131.1432672, 44.4011031], [131.1429186, 44.4012599], [131.1425133, 44.4014201], [131.1421785, 44.4015357], [131.1417886, 44.4016507], [131.1414506, 44.4017308], [131.1410318, 44.4018179]]}}, {"type": "Feature", "properties": {"name": null, "name:en": null, "railway": "rail", "ele": null, "operator:type": null, "layer": null, "addr:full": null, "addr:city": null, "source": null, "name:zh": null, "osm_id": 1268585978, "osm_type": "ways_line"}, "geometry": {"type": "LineString", "coordinates": [[131.1155181, 44.4034657], [131.1158638, 44.4034328], [131.1162071, 44.4034002], [131.1183653, 44.403195], [131.118598, 44.4031689], [131.1188211, 44.4031351], [131.1190529, 44.4030849], [131.1192732, 44.4030244], [131.120176, 44.4027062], [131.1204215, 44.4026262], [131.1206547, 44.4025551], [131.1209098, 44.4024897], [131.1211194, 44.4024477], [131.1213404, 44.4024122], [131.121605, 44.4023798], [131.121885, 44.4023589], [131.1242154, 44.4023211], [131.1247204, 44.4023128]]}}, {"type": "Feature", "properties": {"name": null, "name:en": null, "railway": "rail", "ele": null, "operator:type": null, "layer": null, "addr:full": null, "addr:city": null, "source": null, "name:zh": null, "osm_id": 1268585982, "osm_type": "ways_line"}, "geometry": {"type": "LineString", "coordinates": [[131.1352698, 44.4020504], [131.1351103, 44.4020396], [131.1348597, 44.4020261], [131.1346638, 44.402024], [131.1283039, 44.4021224], [131.1279722, 44.4021339], [131.1277005, 44.4021519], [131.1269479, 44.4022319]]}}, {"type": "Feature", "properties": {"name": null, "name:en": null, "railway": "rail", "ele": null, "operator:type": null, "layer": null, "addr:full": null, "addr:city": null, "source": null, "name:zh": null, "osm_id": 1268585983, "osm_type": "ways_line"}, "geometry": {"type": "LineString", "coordinates": [[131.137801, 44.4021131], [131.1373136, 44.4020977], [131.1371678, 44.4020888], [131.1369708, 44.4020639], [131.1367503, 44.4020248], [131.1365864, 44.4019854], [131.1363896, 44.4019259], [131.1362265, 44.4018639], [131.1358653, 44.4017063], [131.1354804, 44.4014875]]}}, {"type": "Feature", "properties": {"name": null, "name:en": null, "railway": "rail", "ele": null, "operator:type": null, "layer": null, "addr:full": null, "addr:city": null, "source": null, "name:zh": null, "osm_id": 1268585984, "osm_type": "ways_line"}, "geometry": {"type": "LineString", "coordinates": [[131.1410318, 44.4018179], [131.140602, 44.4018703], [131.1400283, 44.4018975]]}}, {"type": "Feature", "properties": {"name": null, "name:en": null, "railway": "rail", "ele": null, "operator:type": null, "layer": null, "addr:full": null, "addr:city": null, "source": null, "name:zh": null, "osm_id": 1268585985, "osm_type": "ways_line"}, "geometry": {"type": "LineString", "coordinates": [[131.1331995, 44.3996598], [131.1338017, 44.3996967]]}}, {"type": "Feature", "properties": {"name": null, "name:en": null, "railway": "rail", "ele": null, "operator:type": null, "layer": null, "addr:full": null, "addr:city": null, "source": null, "name:zh": null, "osm_id": 1268585986, "osm_type": "ways_line"}, "geometry": {"type": "LineString", "coordinates": [[131.1326438, 44.3996687], [131.133205, 44.3997023]]}}, {"type": "Feature", "properties": {"name": null, "name:en": null, "railway": "rail", "ele": null, "operator:type": null, "layer": null, "addr:full": null, "addr:city": null, "source": null, "name:zh": null, "osm_id": 1092821997, "osm_type": "ways_line"}, "geometry": {"type": "LineString", "coordinates": [[131.1478534, 44.3974548], [131.1479508, 44.3976897], [131.1480207, 44.3978232], [131.1481094, 44.3979604], [131.1481897, 44.3980668], [131.1482728, 44.3981633], [131.1483831, 44.3982726], [131.1484926, 44.3983675], [131.149968, 44.3995754]]}}, {"type": "Feature", "properties": {"name": null, "name:en": null, "railway": "rail", "ele": null, "operator:type": null, "layer": null, "addr:full": null, "addr:city": null, "source": null, "name:zh": null, "osm_id": 1092822025, "osm_type": "ways_line"}, "geometry": {"type": "LineString", "coordinates": [[131.1481885, 44.3948314], [131.1482002, 44.3952738], [131.1482091, 44.3956123], [131.1482138, 44.3958411], [131.1482226, 44.3959862], [131.1482396, 44.3961066], [131.1482694, 44.3962325], [131.1483149, 44.3963586], [131.1483763, 44.3964945], [131.1484397, 44.3966045], [131.1485173, 44.3967124], [131.1486094, 44.3968251], [131.1491475, 44.3974219]]}}, {"type": "Feature", "properties": {"name": null, "name:en": null, "railway": "rail", "ele": null, "operator:type": null, "layer": null, "addr:full": null, "addr:city": null, "source": null, "name:zh": null, "osm_id": 1092822054, "osm_type": "ways_line"}, "geometry": {"type": "LineString", "coordinates": [[131.1486634, 44.3928598], [131.1485577, 44.3937564], [131.1485188, 44.3940885], [131.1484726, 44.394295], [131.1483199, 44.394843], [131.1482002, 44.3952738], [131.1481407, 44.3954878], [131.1480209, 44.3959155], [131.1479716, 44.39612], [131.1479487, 44.3962629], [131.1479456, 44.3964072], [131.1479577, 44.3965541], [131.1479951, 44.3966993], [131.148074, 44.3969049], [131.1481743, 44.3970982], [131.1482921, 44.3972529], [131.1484357, 44.3973983], [131.1486217, 44.3975749], [131.1497174, 44.3986141]]}}, {"type": "Feature", "properties": {"name": null, "name:en": null, "railway": "rail", "ele": null, "operator:type": null, "layer": null, "addr:full": null, "addr:city": null, "source": null, "name:zh": null, "osm_id": 1249120043, "osm_type": "ways_line"}, "geometry": {"type": "LineString", "coordinates": [[131.1526577, 44.3848864], [131.152924, 44.3846452], [131.1531763, 44.3844227]]}}, {"type": "Feature", "properties": {"name": null, "name:en": null, "railway": "rail", "ele": null, "operator:type": null, "layer": "-1", "addr:full": null, "addr:city": null, "source": null, "name:zh": null, "osm_id": 1249120064, "osm_type": "ways_line"}, "geometry": {"type": "LineString", "coordinates": [[131.1482836, 44.3864734], [131.1478669, 44.3880152]]}}, {"type": "Feature", "properties": {"name": null, "name:en": null, "railway": "rail", "ele": null, "operator:type": null, "layer": null, "addr:full": null, "addr:city": null, "source": null, "name:zh": null, "osm_id": 1249120066, "osm_type": "ways_line"}, "geometry": {"type": "LineString", "coordinates": [[131.1476111, 44.3866029], [131.1476688, 44.3860733], [131.1476892, 44.3859237], [131.1477156, 44.3857692], [131.1477877, 44.3854647], [131.1478575, 44.385234], [131.1479398, 44.3850074], [131.148019, 44.3848183], [131.1481919, 44.3844695], [131.148497, 44.3839472]]}}, {"type": "Feature", "properties": {"name": null, "name:en": null, "railway": "rail", "ele": null, "operator:type": null, "layer": null, "addr:full": null, "addr:city": null, "source": null, "name:zh": null, "osm_id": 1249120067, "osm_type": "ways_line"}, "geometry": {"type": "LineString", "coordinates": [[131.1523374, 44.3844012], [131.1518207, 44.3844588], [131.1514232, 44.3845053], [131.1509997, 44.3845548]]}}, {"type": "Feature", "properties": {"name": null, "name:en": null, "railway": "rail", "ele": null, "operator:type": null, "layer": null, "addr:full": null, "addr:city": null, "source": null, "name:zh": null, "osm_id": 1249120068, "osm_type": "ways_line"}, "geometry": {"type": "LineString", "coordinates": [[131.1518207, 44.3844588], [131.1511837, 44.3844745]]}}, {"type": "Feature", "properties": {"name": null, "name:en": null, "railway": "rail", "ele": null, "operator:type": null, "layer": null, "addr:full": null, "addr:city": null, "source": null, "name:zh": null, "osm_id": 1249120071, "osm_type": "ways_line"}, "geometry": {"type": "LineString", "coordinates": [[131.1523812, 44.3844299], [131.1519458, 44.384598]]}}, {"type": "Feature", "properties": {"name": null, "name:en": null, "railway": "rail", "ele": null, "operator:type": null, "layer": null, "addr:full": null, "addr:city": null, "source": null, "name:zh": null, "osm_id": 1092822095, "osm_type": "ways_line"}, "geometry": {"type": "LineString", "coordinates": [[131.1512311, 44.3862265], [131.1520369, 44.3855795]]}}, {"type": "Feature", "properties": {"name": null, "name:en": null, "railway": "rail", "ele": null, "operator:type": null, "layer": null, "addr:full": null, "addr:city": null, "source": null, "name:zh": null, "osm_id": 1092822028, "osm_type": "ways_line"}, "geometry": {"type": "LineString", "coordinates": [[131.1475488, 44.3960222], [131.1464681, 44.3985167], [131.1463712, 44.3987105], [131.1462863, 44.3988537], [131.1461889, 44.3989964], [131.1460961, 44.3991185], [131.1460139, 44.3992116]]}}, {"type": "Feature", "properties": {"name": null, "name:en": null, "railway": "rail", "ele": null, "operator:type": null, "layer": null, "addr:full": null, "addr:city": null, "source": null, "name:zh": null, "osm_id": 1092822080, "osm_type": "ways_line"}, "geometry": {"type": "LineString", "coordinates": [[131.1474631, 44.3960555], [131.146379, 44.3985218], [131.146291, 44.3986942], [131.146212, 44.39883], [131.1461182, 44.3989767]]}}, {"type": "Feature", "properties": {"name": null, "name:en": null, "railway": "rail", "ele": null, "operator:type": null, "layer": null, "addr:full": null, "addr:city": null, "source": null, "name:zh": null, "osm_id": 1092822082, "osm_type": "ways_line"}, "geometry": {"type": "LineString", "coordinates": [[131.1032955, 44.4017444], [131.1055643, 44.4025419], [131.1060725, 44.4027065], [131.106586, 44.4028621], [131.1071581, 44.4030158], [131.1077445, 44.4031411], [131.1081865, 44.4032177], [131.1086455, 44.403282], [131.1091718, 44.4033406], [131.1096859, 44.4033836], [131.1102844, 44.4034115], [131.1108909, 44.4034188], [131.1126617, 44.4034086], [131.1134596, 44.4034161], [131.1137894, 44.403422]]}}, {"type": "Feature", "properties": {"name": null, "name:en": null, "railway": "rail", "ele": null, "operator:type": null, "layer": "1", "addr:full": null, "addr:city": null, "source": null, "name:zh": null, "osm_id": 1092831597, "osm_type": "ways_line"}, "geometry": {"type": "LineString", "coordinates": [[131.1137894, 44.403422], [131.1149226, 44.4034186]]}}, {"type": "Feature", "properties": {"name": null, "name:en": null, "railway": "rail", "ele": null, "operator:type": null, "layer": "1", "addr:full": null, "addr:city": null, "source": null, "name:zh": null, "osm_id": 1092834018, "osm_type": "ways_line"}, "geometry": {"type": "LineString", "coordinates": [[131.1459587, 44.3994461], [131.145143, 44.4002336]]}}, {"type": "Feature", "properties": {"name": null, "name:en": null, "railway": "rail", "ele": null, "operator:type": null, "layer": null, "addr:full": null, "addr:city": null, "source": null, "name:zh": null, "osm_id": 1268585979, "osm_type": "ways_line"}, "geometry": {"type": "LineString", "coordinates": [[131.1269479, 44.4022319], [131.1264173, 44.4022432], [131.125627, 44.4022596]]}}, {"type": "Feature", "properties": {"name": null, "name:en": null, "railway": "rail", "ele": null, "operator:type": null, "layer": null, "addr:full": null, "addr:city": null, "source": null, "name:zh": null, "osm_id": 1268585980, "osm_type": "ways_line"}, "geometry": {"type": "LineString", "coordinates": [[131.1242154, 44.4023211], [131.1246819, 44.4022783], [131.1251193, 44.4022368], [131.1253924, 44.4021995], [131.1256132, 44.4021505], [131.1258362, 44.4020852], [131.1260414, 44.4020079], [131.1262557, 44.4019074], [131.1263104, 44.4018795]]}}, {"type": "Feature", "properties": {"name": null, "name:en": null, "railway": "rail", "ele": null, "operator:type": null, "layer": null, "addr:full": null, "addr:city": null, "source": null, "name:zh": null, "osm_id": 1268585981, "osm_type": "ways_line"}, "geometry": {"type": "LineString", "coordinates": [[131.1376389, 44.4022064], [131.1372978, 44.402204], [131.1371354, 44.4022116], [131.1369935, 44.4022238], [131.1367842, 44.4022491], [131.1365333, 44.4022899], [131.1363573, 44.4023103], [131.1361974, 44.4023187], [131.1358768, 44.4023248]]}}, {"type": "Feature", "properties": {"name": null, "name:en": null, "railway": "rail", "ele": null, "operator:type": null, "layer": null, "addr:full": null, "addr:city": null, "source": null, "name:zh": null, "osm_id": 1092822042, "osm_type": "ways_line"}, "geometry": {"type": "LineString", "coordinates": [[131.1358118, 44.4031973], [131.1363201, 44.4032327]]}}, {"type": "Feature", "properties": {"name": null, "name:en": null, "railway": "rail", "ele": null, "operator:type": null, "layer": null, "addr:full": null, "addr:city": null, "source": null, "name:zh": null, "osm_id": 1092822075, "osm_type": "ways_line"}, "geometry": {"type": "LineString", "coordinates": [[131.1155176, 44.4034114], [131.1158638, 44.4034328], [131.1162099, 44.4034542]]}}, {"type": "Feature", "properties": {"name": null, "name:en": null, "railway": "rail", "ele": null, "operator:type": null, "layer": null, "addr:full": null, "addr:city": null, "source": null, "name:zh": null, "osm_id": 1092822041, "osm_type": "ways_line"}, "geometry": {"type": "LineString", "coordinates": [[131.1178068, 44.4035114], [131.1182327, 44.4034849], [131.1186656, 44.4034581]]}}, {"type": "Feature", "properties": {"name": null, "name:en": null, "railway": "rail", "ele": null, "operator:type": null, "layer": null, "addr:full": null, "addr:city": null, "source": null, "name:zh": null, "osm_id": 1092822091, "osm_type": "ways_line"}, "geometry": {"type": "LineString", "coordinates": [[131.1156283, 44.4037359], [131.1215976, 44.4039544], [131.1219693, 44.403968], [131.1222508, 44.4039705], [131.1226209, 44.4039652], [131.1237286, 44.4039494]]}}, {"type": "Feature", "properties": {"name": null, "name:en": null, "railway": "rail", "ele": null, "operator:type": null, "layer": null, "addr:full": null, "addr:city": null, "source": null, "name:zh": null, "osm_id": 1092822040, "osm_type": "ways_line"}, "geometry": {"type": "LineString", "coordinates": [[131.1162111, 44.403495], [131.1155205, 44.4035455]]}}, {"type": "Feature", "properties": {"name": null, "name:en": null, "railway": "rail", "ele": null, "operator:type": null, "layer": null, "addr:full": null, "addr:city": null, "source": null, "name:zh": null, "osm_id": 1092822030, "osm_type": "ways_line"}, "geometry": {"type": "LineString", "coordinates": [[131.1433441, 44.4015342], [131.1437464, 44.4013761], [131.1439625, 44.4012838], [131.1441328, 44.4011988], [131.1442806, 44.4011195]]}}, {"type": "Feature", "properties": {"name": null, "name:en": null, "railway": "rail", "ele": null, "operator:type": null, "layer": null, "addr:full": null, "addr:city": null, "source": null, "name:zh": null, "osm_id": 1092822043, "osm_type": "ways_line"}, "geometry": {"type": "LineString", "coordinates": [[131.117806, 44.4034716], [131.1182327, 44.4034849], [131.1186656, 44.4034985]]}}, {"type": "Feature", "properties": {"name": null, "name:en": null, "railway": "rail", "ele": null, "operator:type": null, "layer": null, "addr:full": null, "addr:city": null, "source": null, "name:zh": null, "osm_id": 1092821992, "osm_type": "ways_line"}, "geometry": {"type": "LineString", "coordinates": [[131.1338345, 44.3996038], [131.1342809, 44.3995558]]}}, {"type": "Feature", "properties": {"name": null, "name:en": null, "railway": "rail", "ele": null, "operator:type": null, "layer": null, "addr:full": null, "addr:city": null, "source": null, "name:zh": null, "osm_id": 1092822089, "osm_type": "ways_line"}, "geometry": {"type": "LineString", "coordinates": [[131.1192459, 44.4034494], [131.119752, 44.4034006]]}}, {"type": "Feature", "properties": {"name": null, "name:en": null, "railway": "rail", "ele": null, "operator:type": null, "layer": null, "addr:full": null, "addr:city": null, "source": null, "name:zh": null, "osm_id": 1092822106, "osm_type": "ways_line"}, "geometry": {"type": "LineString", "coordinates": [[131.1231252, 44.4038665], [131.1220739, 44.4038004]]}}, {"type": "Feature", "properties": {"name": null, "name:en": null, "railway": "rail", "ele": null, "operator:type": null, "layer": null, "addr:full": null, "addr:city": null, "source": null, "name:zh": null, "osm_id": 1092822020, "osm_type": "ways_line"}, "geometry": {"type": "LineString", "coordinates": [[131.1395494, 44.4022208], [131.1390026, 44.4021819], [131.1380377, 44.4021105]]}}, {"type": "Feature", "properties": {"name": null, "name:en": null, "railway": "rail", "ele": null, "operator:type": null, "layer": null, "addr:full": null, "addr:city": null, "source": null, "name:zh": null, "osm_id": 1092822067, "osm_type": "ways_line"}, "geometry": {"type": "LineString", "coordinates": [[131.1235955, 44.4039097], [131.1240602, 44.4038793], [131.1245499, 44.4038473]]}}, {"type": "Feature", "properties": {"name": null, "name:en": null, "railway": "rail", "ele": null, "operator:type": null, "layer": null, "addr:full": null, "addr:city": null, "source": null, "name:zh": null, "osm_id": 1092822107, "osm_type": "ways_line"}, "geometry": {"type": "LineString", "coordinates": [[131.1263104, 44.4018795], [131.1267169, 44.4016743], [131.126959, 44.4015672], [131.1271963, 44.4014835], [131.1273417, 44.4014436], [131.1274928, 44.4014108], [131.127664, 44.4013815], [131.1278876, 44.4013603], [131.1281208, 44.4013503], [131.1339359, 44.4012466]]}}, {"type": "Feature", "properties": {"name": null, "name:en": null, "railway": "rail", "ele": null, "operator:type": null, "layer": null, "addr:full": null, "addr:city": null, "source": null, "name:zh": null, "osm_id": 1092822108, "osm_type": "ways_line"}, "geometry": {"type": "LineString", "coordinates": [[131.133205, 44.3997023], [131.1336037, 44.3997267], [131.1338369, 44.3997496], [131.1340817, 44.3997883], [131.1343041, 44.3998398], [131.1344885, 44.3998961], [131.1346703, 44.3999643], [131.1380622, 44.4014157]]}}, {"type": "Feature", "properties": {"name": null, "name:en": null, "railway": "rail", "ele": null, "operator:type": null, "layer": null, "addr:full": null, "addr:city": null, "source": null, "name:zh": null, "osm_id": 1268585951, "osm_type": "ways_line"}, "geometry": {"type": "LineString", "coordinates": [[131.1235981, 44.4038597], [131.1240602, 44.4038793], [131.1245524, 44.4039002], [131.125051, 44.4039219]]}}, {"type": "Feature", "properties": {"name": null, "name:en": null, "railway": "rail", "ele": null, "operator:type": null, "layer": null, "addr:full": null, "addr:city": null, "source": null, "name:zh": null, "osm_id": 1092822019, "osm_type": "ways_line"}, "geometry": {"type": "LineString", "coordinates": [[131.14888, 44.3969386], [131.1495266, 44.3976454], [131.149666, 44.3977869], [131.1502334, 44.3983117]]}}, {"type": "Feature", "properties": {"name": null, "name:en": null, "railway": "rail", "ele": null, "operator:type": null, "layer": null, "addr:full": null, "addr:city": null, "source": null, "name:zh": null, "osm_id": 1092822058, "osm_type": "ways_line"}, "geometry": {"type": "LineString", "coordinates": [[131.1483151, 44.3955653], [131.1483906, 44.3958289], [131.1484691, 44.3961024], [131.1485137, 44.3962413], [131.1485677, 44.3963714], [131.1486215, 44.3964705], [131.148678, 44.396561], [131.1487588, 44.3966662], [131.1490078, 44.3969492], [131.149478, 44.3974866], [131.149613, 44.397633], [131.1498496, 44.3978677], [131.1502877, 44.3982755]]}}, {"type": "Feature", "properties": {"name": null, "name:en": null, "railway": "rail", "ele": null, "operator:type": null, "layer": null, "addr:full": null, "addr:city": null, "source": null, "name:zh": null, "osm_id": 1268585960, "osm_type": "ways_line"}, "geometry": {"type": "LineString", "coordinates": [[131.1346583, 44.4032147], [131.1340762, 44.4031789]]}}, {"type": "Feature", "properties": {"name": null, "name:en": null, "railway": "rail", "ele": null, "operator:type": null, "layer": null, "addr:full": null, "addr:city": null, "source": null, "name:zh": null, "osm_id": 1092822047, "osm_type": "ways_line"}, "geometry": {"type": "LineString", "coordinates": [[131.1493761, 44.3971111], [131.1491638, 44.3968688], [131.148906, 44.3965743], [131.1488115, 44.3964506], [131.148738, 44.3963232], [131.1486741, 44.3961917], [131.1486348, 44.3960728], [131.1486028, 44.3959488], [131.148584, 44.3958313], [131.1485607, 44.3955852], [131.1485373, 44.3949511], [131.1485346, 44.3947857], [131.1485389, 44.3946859], [131.148583, 44.3942652]]}}, {"type": "Feature", "properties": {"name": null, "name:en": null, "railway": "rail", "ele": null, "operator:type": null, "layer": null, "addr:full": null, "addr:city": null, "source": null, "name:zh": null, "osm_id": 1092822060, "osm_type": "ways_line"}, "geometry": {"type": "LineString", "coordinates": [[131.1484294, 44.3967303], [131.148632, 44.3969634], [131.1495395, 44.3980063]]}}, {"type": "Feature", "properties": {"name": null, "name:en": null, "railway": "rail", "ele": null, "operator:type": null, "layer": null, "addr:full": null, "addr:city": null, "source": null, "name:zh": null, "osm_id": 1268585959, "osm_type": "ways_line"}, "geometry": {"type": "LineString", "coordinates": [[131.1340762, 44.4031789], [131.1352415, 44.4031609]]}}, {"type": "Feature", "properties": {"name": null, "name:en": null, "railway": "rail", "ele": null, "operator:type": null, "layer": null, "addr:full": null, "addr:city": null, "source": null, "name:zh": null, "osm_id": 1092822055, "osm_type": "ways_line"}, "geometry": {"type": "LineString", "coordinates": [[131.1481407, 44.3954878], [131.1481068, 44.3957506], [131.1481044, 44.3959464], [131.1481336, 44.3961391], [131.148197, 44.3963275], [131.1482833, 44.3965029], [131.1484294, 44.3967303], [131.1487276, 44.3971688], [131.1488452, 44.397324], [131.1494759, 44.3980375]]}}, {"type": "Feature", "properties": {"name": null, "name:en": null, "railway": "rail", "ele": null, "operator:type": null, "layer": null, "addr:full": null, "addr:city": null, "source": null, "name:zh": null, "osm_id": 1092821985, "osm_type": "ways_line"}, "geometry": {"type": "LineString", "coordinates": [[131.1482091, 44.3956123], [131.1482476, 44.3958777], [131.1483125, 44.3961366], [131.1483926, 44.396323], [131.1484716, 44.3964565], [131.1485652, 44.3965874], [131.14888, 44.3969386]]}}, {"type": "Feature", "properties": {"name": null, "name:en": null, "railway": "rail", "ele": null, "operator:type": null, "layer": null, "addr:full": null, "addr:city": null, "source": null, "name:zh": null, "osm_id": 1092822077, "osm_type": "ways_line"}, "geometry": {"type": "LineString", "coordinates": [[131.119752, 44.4034006], [131.1340762, 44.4031789]]}}, {"type": "Feature", "properties": {"name": null, "name:en": null, "railway": "rail", "ele": null, "operator:type": null, "layer": null, "addr:full": null, "addr:city": null, "source": null, "name:zh": null, "osm_id": 1092822062, "osm_type": "ways_line"}, "geometry": {"type": "LineString", "coordinates": [[131.1490078, 44.3969492], [131.1492726, 44.3971929], [131.1503879, 44.3982194]]}}, {"type": "Feature", "properties": {"name": null, "name:en": null, "railway": "rail", "ele": null, "operator:type": null, "layer": null, "addr:full": null, "addr:city": null, "source": null, "name:zh": null, "osm_id": 1092822053, "osm_type": "ways_line"}, "geometry": {"type": "LineString", "coordinates": [[131.1490145, 44.3966484], [131.1488673, 44.3963553], [131.1488133, 44.3962157], [131.1487766, 44.3960871], [131.1487532, 44.3959577], [131.1487339, 44.3958255], [131.1486718, 44.3945527]]}}, {"type": "Feature", "properties": {"name": null, "name:en": null, "railway": "rail", "ele": null, "operator:type": null, "layer": null, "addr:full": null, "addr:city": null, "source": null, "name:zh": null, "osm_id": 1092822087, "osm_type": "ways_line"}, "geometry": {"type": "LineString", "coordinates": [[131.1340762, 44.4031789], [131.13362, 44.4031509], [131.1334566, 44.4031476], [131.1332208, 44.403149], [131.1193789, 44.4033586]]}}, {"type": "Feature", "properties": {"name": null, "name:en": null, "railway": "rail", "ele": null, "operator:type": null, "layer": null, "addr:full": null, "addr:city": null, "source": null, "name:zh": null, "osm_id": 1092822050, "osm_type": "ways_line"}, "geometry": {"type": "LineString", "coordinates": [[131.1483906, 44.3958289], [131.1484738, 44.3960293], [131.148541, 44.3961684], [131.1486145, 44.3963032], [131.148698, 44.3964259], [131.1487746, 44.3965276], [131.1488493, 44.3966168], [131.1489311, 44.3967051], [131.149039, 44.3968109], [131.1493761, 44.3971111], [131.1499892, 44.3976573], [131.1505095, 44.3981514]]}}, {"type": "Feature", "properties": {"name": null, "name:en": null, "railway": "rail", "ele": null, "operator:type": null, "layer": null, "addr:full": null, "addr:city": null, "source": null, "name:zh": null, "osm_id": 1092822057, "osm_type": "ways_line"}, "geometry": {"type": "LineString", "coordinates": [[131.1492726, 44.3971929], [131.1496413, 44.3974528], [131.1497772, 44.3975627], [131.1504541, 44.3981824]]}}, {"type": "Feature", "properties": {"name": null, "name:en": null, "railway": "rail", "ele": null, "operator:type": null, "layer": null, "addr:full": null, "addr:city": null, "source": null, "name:zh": null, "osm_id": 1092821975, "osm_type": "ways_line"}, "geometry": {"type": "LineString", "coordinates": [[131.1520546, 44.3852937], [131.1517087, 44.3854708], [131.1515538, 44.3855577], [131.1514213, 44.3856439], [131.1512951, 44.3857367], [131.1511813, 44.3858318], [131.1510625, 44.3859398], [131.1509341, 44.3860657], [131.1506342, 44.3863802], [131.1505108, 44.3865206], [131.1503031, 44.3867751], [131.1501952, 44.3869259], [131.150078, 44.3871017], [131.1499909, 44.3872432], [131.1498234, 44.3875615], [131.1497418, 44.3877392], [131.1496826, 44.3878913], [131.149603, 44.3881201], [131.1495442, 44.3883079], [131.1483751, 44.3925409], [131.1483287, 44.3927322], [131.1482896, 44.3929423], [131.1482245, 44.3935011], [131.1481948, 44.3936592], [131.1481109, 44.3939653]]}}, {"type": "Feature", "properties": {"name": null, "name:en": null, "railway": "rail", "ele": null, "operator:type": null, "layer": null, "addr:full": null, "addr:city": null, "source": null, "name:zh": null, "osm_id": 1092821977, "osm_type": "ways_line"}, "geometry": {"type": "LineString", "coordinates": [[131.1520546, 44.3852937], [131.151715, 44.3855079], [131.1515359, 44.3856295], [131.1513481, 44.3857731], [131.1511757, 44.3859228], [131.1509817, 44.3861098], [131.1505454, 44.3865804], [131.1503757, 44.3867874], [131.1501358, 44.3871356], [131.1500403, 44.3872923], [131.1499236, 44.3875078], [131.1498125, 44.3877409], [131.1497162, 44.3879795], [131.149632, 44.3882327], [131.1495626, 44.3884714], [131.1484789, 44.3923926], [131.1483722, 44.3928539], [131.1483414, 44.3930363], [131.1482866, 44.3935527]]}}, {"type": "Feature", "properties": {"name": null, "name:en": null, "railway": "rail", "ele": null, "operator:type": null, "layer": null, "addr:full": null, "addr:city": null, "source": null, "name:zh": null, "osm_id": 1092821981, "osm_type": "ways_line"}, "geometry": {"type": "LineString", "coordinates": [[131.1477206, 44.3861844], [131.1477415, 44.3859872], [131.1477735, 44.3858084], [131.1478247, 44.3856271], [131.1478907, 44.385479], [131.1479608, 44.3853488], [131.1490145, 44.3836144]]}}, {"type": "Feature", "properties": {"name": null, "name:en": null, "railway": "rail", "ele": null, "operator:type": null, "layer": "-1", "addr:full": null, "addr:city": null, "source": null, "name:zh": null, "osm_id": 1092821982, "osm_type": "ways_line"}, "geometry": {"type": "LineString", "coordinates": [[131.1480343, 44.3881255], [131.1484803, 44.3865007]]}}, {"type": "Feature", "properties": {"name": null, "name:en": null, "railway": "rail", "ele": null, "operator:type": null, "layer": null, "addr:full": null, "addr:city": null, "source": null, "name:zh": null, "osm_id": 1092821983, "osm_type": "ways_line"}, "geometry": {"type": "LineString", "coordinates": [[131.1532026, 44.384198], [131.1513736, 44.3849057], [131.1511971, 44.3849866], [131.1510575, 44.3850598], [131.1509049, 44.3851484], [131.150766, 44.3852411], [131.1506459, 44.3853367], [131.1505257, 44.3854395], [131.150419, 44.3855442], [131.1499177, 44.3860925], [131.149725, 44.3863195], [131.1495001, 44.3866301], [131.1493247, 44.386912], [131.1491765, 44.3872046], [131.148993, 44.3876599], [131.1489357, 44.3878347], [131.1488878, 44.3880054], [131.1481063, 44.3908417], [131.1480687, 44.3909491], [131.1480014, 44.3911116], [131.1478769, 44.3913937]]}}, {"type": "Feature", "properties": {"name": null, "name:en": null, "railway": "rail", "ele": null, "operator:type": null, "layer": null, "addr:full": null, "addr:city": null, "source": null, "name:zh": null, "osm_id": 1092821984, "osm_type": "ways_line"}, "geometry": {"type": "LineString", "coordinates": [[131.1513482, 44.3846301], [131.1510849, 44.3847027], [131.1508099, 44.3847871], [131.1506907, 44.3848348], [131.1505601, 44.3848937], [131.1503881, 44.3849827], [131.1502303, 44.3850816], [131.1500882, 44.3851896], [131.1499391, 44.3853308], [131.1497936, 44.3854839], [131.1494986, 44.3858274], [131.1493604, 44.386007], [131.1492415, 44.3861756], [131.1491395, 44.3863373], [131.1489434, 44.3866839], [131.1487665, 44.3870694], [131.1486852, 44.3872858], [131.1486076, 44.3875366], [131.1485331, 44.3877894], [131.1475437, 44.3914175], [131.147515, 44.3915522], [131.1475032, 44.3916516], [131.1474937, 44.3917698], [131.1474879, 44.3919568], [131.1475391, 44.392477]]}}, {"type": "Feature", "properties": {"name": null, "name:en": null, "railway": "rail", "ele": null, "operator:type": null, "layer": null, "addr:full": null, "addr:city": null, "source": null, "name:zh": null, "osm_id": 1092821986, "osm_type": "ways_line"}, "geometry": {"type": "LineString", "coordinates": [[131.1475073, 44.3926071], [131.1473945, 44.3923525], [131.1473328, 44.3921984], [131.1472968, 44.3920671], [131.1472748, 44.3919293], [131.1472686, 44.3917916], [131.1472735, 44.3916495], [131.1473156, 44.3914242], [131.1487871, 44.3860563], [131.1488396, 44.3859039], [131.148904, 44.3857469], [131.1489866, 44.3856036], [131.1491115, 44.3854337], [131.1492308, 44.3853015], [131.1493727, 44.3851733], [131.1495621, 44.3850348], [131.1497375, 44.3849335], [131.1499321, 44.3848384], [131.1501551, 44.3847497], [131.1503751, 44.3846838], [131.1505355, 44.3846415], [131.1509997, 44.3845548]]}}, {"type": "Feature", "properties": {"name": null, "name:en": null, "railway": "rail", "ele": null, "operator:type": null, "layer": null, "addr:full": null, "addr:city": null, "source": null, "name:zh": null, "osm_id": 1092821987, "osm_type": "ways_line"}, "geometry": {"type": "LineString", "coordinates": [[131.1486413, 44.3920437], [131.1485031, 44.3932082], [131.1484031, 44.3940509], [131.1481885, 44.3948314], [131.1479984, 44.3955058], [131.1479304, 44.3957622], [131.1478741, 44.3960088], [131.1478389, 44.3962219], [131.1477772, 44.396834], [131.1477692, 44.3970437], [131.1477852, 44.397192], [131.147813, 44.3973229], [131.1478534, 44.3974548], [131.1480131, 44.3979577], [131.1480717, 44.3980801], [131.1481314, 44.3981793], [131.1482117, 44.3982843], [131.1494114, 44.3996429]]}}, {"type": "Feature", "properties": {"name": null, "name:en": null, "railway": "rail", "ele": null, "operator:type": null, "layer": null, "addr:full": null, "addr:city": null, "source": null, "name:zh": null, "osm_id": 1092821988, "osm_type": "ways_line"}, "geometry": {"type": "LineString", "coordinates": [[131.1519207, 44.384562], [131.1516184, 44.384648], [131.151406, 44.3847119], [131.1512329, 44.3847739], [131.1510715, 44.3848405], [131.1509304, 44.3849067], [131.1507755, 44.3849909], [131.1506304, 44.3850778], [131.1504831, 44.385176], [131.1503526, 44.3852794], [131.1502397, 44.3853794], [131.1501119, 44.3855081], [131.149792, 44.3858582], [131.1495502, 44.3861454], [131.1493973, 44.3863538], [131.14926, 44.3865607], [131.1491433, 44.3867605], [131.1490322, 44.3869705], [131.1489392, 44.3871847], [131.1488141, 44.3875127], [131.148753, 44.3877116], [131.1477625, 44.3913385], [131.1477055, 44.39162], [131.1476872, 44.3918019], [131.1476713, 44.3924594]]}}, {"type": "Feature", "properties": {"name": null, "name:en": null, "railway": "rail", "ele": null, "operator:type": null, "layer": "-1", "addr:full": null, "addr:city": null, "source": null, "name:zh": null, "osm_id": 1092821989, "osm_type": "ways_line"}, "geometry": {"type": "LineString", "coordinates": [[131.1477604, 44.3880881], [131.1481788, 44.3864999]]}}, {"type": "Feature", "properties": {"name": null, "name:en": null, "railway": "rail", "ele": null, "operator:type": null, "layer": null, "addr:full": null, "addr:city": null, "source": null, "name:zh": null, "osm_id": 1092821995, "osm_type": "ways_line"}, "geometry": {"type": "LineString", "coordinates": [[131.1518496, 44.3852493], [131.1515387, 44.3853687], [131.1513248, 44.3854643], [131.1511075, 44.3855818], [131.1509422, 44.3856889], [131.1507742, 44.3858223], [131.1506186, 44.3859684], [131.1501353, 44.3865017], [131.1500085, 44.3866622], [131.1498998, 44.3868188], [131.1497133, 44.3871291], [131.1496285, 44.3872926], [131.1495444, 44.387471], [131.1494634, 44.3876836], [131.1493457, 44.3880856], [131.1481511, 44.3924072], [131.1480775, 44.3927041], [131.1480328, 44.3929516], [131.1480131, 44.3931542], [131.1480258, 44.3935432]]}}, {"type": "Feature", "properties": {"name": null, "name:en": null, "railway": "rail", "ele": null, "operator:type": null, "layer": null, "addr:full": null, "addr:city": null, "source": null, "name:zh": null, "osm_id": 1092821996, "osm_type": "ways_line"}, "geometry": {"type": "LineString", "coordinates": [[131.1511837, 44.3844745], [131.1506766, 44.3845235], [131.1504188, 44.3845599], [131.1502345, 44.3845966], [131.1500123, 44.3846573], [131.1497452, 44.3847498], [131.1495012, 44.3848605], [131.1492651, 44.3850042], [131.149107, 44.3851199], [131.1489671, 44.3852449], [131.1488335, 44.3853902], [131.1487176, 44.3855485], [131.148641, 44.3856769], [131.1485755, 44.385814], [131.1485236, 44.3859598], [131.1483879, 44.3864843]]}}, {"type": "Feature", "properties": {"name": null, "name:en": null, "railway": "rail", "ele": null, "operator:type": null, "layer": null, "addr:full": null, "addr:city": null, "source": null, "name:zh": null, "osm_id": 1092821998, "osm_type": "ways_line"}, "geometry": {"type": "LineString", "coordinates": [[131.1481943, 44.3910509], [131.148235, 44.390729], [131.1482558, 44.3906115], [131.1489385, 44.3881138], [131.1490362, 44.3877758], [131.1491457, 44.3874782], [131.1492584, 44.3872301], [131.1493449, 44.387058], [131.1495592, 44.3866883], [131.1496728, 44.3865229], [131.1497878, 44.3863699], [131.1499161, 44.3862143], [131.1500603, 44.3860529], [131.1505087, 44.385576], [131.1506722, 44.3854133], [131.1508419, 44.3852751], [131.1510291, 44.3851536], [131.1512028, 44.3850602], [131.1514258, 44.3849635], [131.1528261, 44.3844306]]}}, {"type": "Feature", "properties": {"name": null, "name:en": null, "railway": "rail", "ele": null, "operator:type": null, "layer": null, "addr:full": null, "addr:city": null, "source": null, "name:zh": null, "osm_id": 1092822002, "osm_type": "ways_line"}, "geometry": {"type": "LineString", "coordinates": [[131.1519458, 44.384598], [131.1515134, 44.3847654], [131.1513527, 44.3848296], [131.1512028, 44.3848949], [131.1510648, 44.3849655], [131.1508933, 44.3850629], [131.1507604, 44.3851479], [131.1506118, 44.3852578], [131.1504754, 44.3853707], [131.1503477, 44.3854969], [131.1501808, 44.3856753], [131.1497514, 44.386152], [131.149619, 44.3863197], [131.1493737, 44.3866793], [131.1491421, 44.3870823], [131.1490458, 44.3872902], [131.1489478, 44.3875365], [131.1488867, 44.3877239], [131.1487518, 44.3881978], [131.1478769, 44.3913937]]}}, {"type": "Feature", "properties": {"name": null, "name:en": null, "railway": "rail", "ele": null, "operator:type": null, "layer": null, "addr:full": null, "addr:city": null, "source": null, "name:zh": null, "osm_id": 1092822004, "osm_type": "ways_line"}, "geometry": {"type": "LineString", "coordinates": [[131.1526011, 44.3848473], [131.1531763, 44.3844227], [131.15346, 44.3842017], [131.1536482, 44.3840753], [131.1541177, 44.383795]]}}, {"type": "Feature", "properties": {"name": null, "name:en": null, "railway": "rail", "ele": null, "operator:type": null, "layer": null, "addr:full": null, "addr:city": null, "source": null, "name:zh": null, "osm_id": 1092822006, "osm_type": "ways_line"}, "geometry": {"type": "LineString", "coordinates": [[131.1519208, 44.3852691], [131.1516294, 44.3854502], [131.1513284, 44.3856322], [131.1511763, 44.3857305], [131.1510166, 44.3858486], [131.150864, 44.3859794], [131.1507151, 44.3861196], [131.1505673, 44.3862764], [131.1504139, 44.3864477], [131.1502685, 44.3866215], [131.1501257, 44.3868152], [131.1500102, 44.3869911], [131.1499118, 44.3871569], [131.1498236, 44.3873206], [131.1497427, 44.3874955], [131.1495934, 44.3878865], [131.148372, 44.3923106], [131.1482899, 44.3926427], [131.1482342, 44.3929306], [131.1481966, 44.3931901], [131.1481109, 44.3939653]]}}, {"type": "Feature", "properties": {"name": null, "name:en": null, "railway": "rail", "ele": null, "operator:type": null, "layer": null, "addr:full": null, "addr:city": null, "source": null, "name:zh": null, "osm_id": 1092822009, "osm_type": "ways_line"}, "geometry": {"type": "LineString", "coordinates": [[131.1476639, 44.3929422], [131.1475668, 44.3921071], [131.1475573, 44.3919497], [131.1475599, 44.3918021], [131.1475711, 44.391676], [131.147592, 44.3915236], [131.1476256, 44.3913766], [131.1486816, 44.3875033], [131.1487694, 44.3872339], [131.1488658, 44.3869984], [131.1490095, 44.3866965], [131.1491528, 44.3864522], [131.1493544, 44.3861449], [131.1495477, 44.3858978], [131.1497259, 44.3856926], [131.1501251, 44.3852628], [131.150314, 44.3851053], [131.1505102, 44.3849791], [131.1507278, 44.3848608], [131.1510094, 44.3847461], [131.1513482, 44.3846301]]}}, {"type": "Feature", "properties": {"name": null, "name:en": null, "railway": "rail", "ele": null, "operator:type": null, "layer": null, "addr:full": null, "addr:city": null, "source": null, "name:zh": null, "osm_id": 1092822010, "osm_type": "ways_line"}, "geometry": {"type": "LineString", "coordinates": [[131.1541177, 44.383795], [131.1549793, 44.3833719], [131.1553322, 44.3832035], [131.1559564, 44.3829181], [131.1581003, 44.3819665], [131.158474, 44.3817976], [131.1588218, 44.3816322], [131.159143, 44.3814649], [131.159536, 44.3812344], [131.159926, 44.3809956], [131.1602684, 44.3807737], [131.1606035, 44.3805365], [131.1608799, 44.3803286], [131.1611739, 44.3800965], [131.1614571, 44.3798609], [131.1617209, 44.3796299], [131.1619756, 44.3793924], [131.1624421, 44.3789244], [131.1630189, 44.3782681]]}}, {"type": "Feature", "properties": {"name": null, "name:en": null, "railway": "rail", "ele": null, "operator:type": null, "layer": "-1", "addr:full": null, "addr:city": null, "source": null, "name:zh": null, "osm_id": 1092822011, "osm_type": "ways_line"}, "geometry": {"type": "LineString", "coordinates": [[131.1479382, 44.3881152], [131.1483879, 44.3864843]]}}, {"type": "Feature", "properties": {"name": null, "name:en": null, "railway": "rail", "ele": null, "operator:type": null, "layer": null, "addr:full": null, "addr:city": null, "source": null, "name:zh": null, "osm_id": 1092822012, "osm_type": "ways_line"}, "geometry": {"type": "LineString", "coordinates": [[131.1511837, 44.3844745], [131.1507785, 44.3844848], [131.1505398, 44.3844956], [131.1503033, 44.3845231], [131.1500404, 44.3845763], [131.1498734, 44.3846263], [131.149679, 44.3846972], [131.1494849, 44.3847779], [131.1492924, 44.3848802], [131.1491334, 44.3849867], [131.1489797, 44.3851031], [131.148828, 44.3852411], [131.1487021, 44.3853848], [131.1485901, 44.3855485], [131.1485051, 44.3857033], [131.1484279, 44.3858934], [131.1483747, 44.3860969], [131.1482836, 44.3864734]]}}, {"type": "Feature", "properties": {"name": null, "name:en": null, "railway": "rail", "ele": null, "operator:type": null, "layer": null, "addr:full": null, "addr:city": null, "source": null, "name:zh": null, "osm_id": 1092822013, "osm_type": "ways_line"}, "geometry": {"type": "LineString", "coordinates": [[131.1517647, 44.3845163], [131.151146, 44.3846401], [131.1508894, 44.38471], [131.1506749, 44.3847856], [131.1504919, 44.3848689], [131.1503209, 44.3849584], [131.1501502, 44.3850678], [131.1500163, 44.3851777], [131.1498499, 44.3853344], [131.1494919, 44.3857417], [131.1492613, 44.3860345], [131.1491036, 44.3862602], [131.1489804, 44.3864596], [131.1488711, 44.3866637], [131.1486784, 44.3870919], [131.1485973, 44.387324], [131.1474721, 44.391452], [131.1474457, 44.3915663], [131.1474218, 44.3917904], [131.1474226, 44.3918984], [131.147431, 44.3920133], [131.1474552, 44.3921696], [131.1475391, 44.392477]]}}, {"type": "Feature", "properties": {"name": null, "name:en": null, "railway": "rail", "ele": null, "operator:type": null, "layer": null, "addr:full": null, "addr:city": null, "source": null, "name:zh": null, "osm_id": 1092822014, "osm_type": "ways_line"}, "geometry": {"type": "LineString", "coordinates": [[131.1509997, 44.3845548], [131.1506818, 44.3845918], [131.1504487, 44.3846243], [131.1502722, 44.384658], [131.1500606, 44.3847151], [131.149866, 44.3847852], [131.1496644, 44.3848774], [131.1494839, 44.3849734], [131.14933, 44.3850748], [131.1491758, 44.3851886], [131.1489972, 44.3853561], [131.1488647, 44.3855193], [131.1487507, 44.3856879], [131.1486825, 44.3858428], [131.1486168, 44.3860331], [131.1484803, 44.3865007]]}}, {"type": "Feature", "properties": {"name": null, "name:en": null, "railway": "rail", "ele": null, "operator:type": null, "layer": null, "addr:full": null, "addr:city": null, "source": null, "name:zh": null, "osm_id": 1092822018, "osm_type": "ways_line"}, "geometry": {"type": "LineString", "coordinates": [[131.1519006, 44.384832], [131.1515347, 44.3849716], [131.1513925, 44.3850301], [131.1512393, 44.3850993], [131.1511169, 44.3851648], [131.1510063, 44.3852317], [131.150885, 44.3853135], [131.150782, 44.3853946], [131.1506762, 44.3854884], [131.1504206, 44.3857547], [131.1498477, 44.3863961], [131.1496435, 44.3866726], [131.1494862, 44.3869255], [131.1494145, 44.3870485], [131.1493503, 44.3871728], [131.149293, 44.3872961], [131.1491738, 44.3875761], [131.1491128, 44.3877403], [131.1490425, 44.3879646], [131.1481943, 44.3910509]]}}, {"type": "Feature", "properties": {"name": null, "name:en": null, "railway": "rail", "ele": null, "operator:type": null, "layer": null, "addr:full": null, "addr:city": null, "source": null, "name:zh": null, "osm_id": 1092822021, "osm_type": "ways_line"}, "geometry": {"type": "LineString", "coordinates": [[131.1481395, 44.3914875], [131.1491292, 44.3879273], [131.1492046, 44.3876924], [131.1492716, 44.387514], [131.1493537, 44.3873298], [131.1494492, 44.3871364], [131.1495511, 44.3869565], [131.1497277, 44.3866734], [131.1498675, 44.3864809], [131.1500485, 44.3862585], [131.1505023, 44.3857617], [131.1506626, 44.3855986], [131.150807, 44.3854657], [131.1509458, 44.3853588], [131.1511577, 44.3852134], [131.1513397, 44.3851113], [131.1519006, 44.384832]]}}, {"type": "Feature", "properties": {"name": null, "name:en": null, "railway": "rail", "ele": null, "operator:type": null, "layer": null, "addr:full": null, "addr:city": null, "source": null, "name:zh": null, "osm_id": 1092822024, "osm_type": "ways_line"}, "geometry": {"type": "LineString", "coordinates": [[131.1479295, 44.3932718], [131.1479195, 44.3929491], [131.1479218, 44.3928266], [131.1479324, 44.3927144], [131.1479574, 44.392601], [131.1492122, 44.3880527], [131.1492729, 44.3878528], [131.1494221, 44.3874577], [131.1495174, 44.3872406], [131.1496456, 44.3869966], [131.1497803, 44.3867804], [131.1499386, 44.3865576], [131.1501511, 44.3862928], [131.1505962, 44.3858102], [131.1507419, 44.3856704], [131.1508814, 44.3855542], [131.1510254, 44.3854532], [131.1511999, 44.3853386], [131.1517091, 44.3850308]]}}, {"type": "Feature", "properties": {"name": null, "name:en": null, "railway": "rail", "ele": null, "operator:type": null, "layer": null, "addr:full": null, "addr:city": null, "source": null, "name:zh": null, "osm_id": 1092822027, "osm_type": "ways_line"}, "geometry": {"type": "LineString", "coordinates": [[131.1476713, 44.3924594], [131.1476379, 44.3921784], [131.1476212, 44.3919925], [131.1476176, 44.3918446], [131.1476259, 44.3917002], [131.1476498, 44.3915061], [131.1476851, 44.391357], [131.1486871, 44.3877364], [131.1487499, 44.3875216], [131.1488245, 44.3872988], [131.1489112, 44.3870805], [131.1491265, 44.386647], [131.1492661, 44.386419], [131.1494103, 44.3862037], [131.149695, 44.3858481], [131.1499371, 44.3855682], [131.1501227, 44.3853784], [131.150296, 44.3852181], [131.1505422, 44.3850454], [131.1507796, 44.3849118], [131.1510146, 44.3848019], [131.1511514, 44.3847499], [131.151276, 44.3847084], [131.1514083, 44.3846708], [131.1519207, 44.384562]]}}, {"type": "Feature", "properties": {"name": null, "name:en": null, "railway": "rail", "ele": null, "operator:type": null, "layer": null, "addr:full": null, "addr:city": null, "source": null, "name:zh": null, "osm_id": 1092822029, "osm_type": "ways_line"}, "geometry": {"type": "LineString", "coordinates": [[131.147673, 44.3866331], [131.1477986, 44.38615], [131.1478573, 44.385953], [131.147934, 44.3857627], [131.148026, 44.385584], [131.1481227, 44.3854124], [131.1503562, 44.3820541], [131.1504509, 44.3818974], [131.1505322, 44.3817307], [131.1505967, 44.3815659], [131.1506235, 44.3814635], [131.1506695, 44.381162], [131.1506931, 44.380701], [131.1507749, 44.3790985], [131.1508476, 44.3776767]]}}, {"type": "Feature", "properties": {"name": null, "name:en": null, "railway": "rail", "ele": null, "operator:type": null, "layer": null, "addr:full": null, "addr:city": null, "source": null, "name:zh": null, "osm_id": 1092822032, "osm_type": "ways_line"}, "geometry": {"type": "LineString", "coordinates": [[131.1519208, 44.3852691], [131.1513171, 44.3855796], [131.151174, 44.385669], [131.15103, 44.3857703], [131.1508645, 44.3858974], [131.1507397, 44.3860072], [131.150618, 44.3861307], [131.1503535, 44.3864222], [131.1502137, 44.3865902], [131.1500967, 44.3867464], [131.1499869, 44.3869083], [131.1498831, 44.3870749], [131.1497822, 44.3872629], [131.1496688, 44.3874957], [131.1495717, 44.3877561], [131.149486, 44.3880245], [131.1482373, 44.39258], [131.1481525, 44.3930275], [131.1480391, 44.3939816]]}}, {"type": "Feature", "properties": {"name": null, "name:en": null, "railway": "rail", "ele": null, "operator:type": null, "layer": null, "addr:full": null, "addr:city": null, "source": null, "name:zh": null, "osm_id": 1092822033, "osm_type": "ways_line"}, "geometry": {"type": "LineString", "coordinates": [[131.1519458, 44.384598], [131.1513513, 44.3847836], [131.151203, 44.3848375], [131.151066, 44.3848965], [131.1509387, 44.3849622], [131.1507982, 44.3850411], [131.1506562, 44.3851357], [131.15052, 44.385235], [131.1503933, 44.3853389], [131.1502773, 44.3854548], [131.1500032, 44.3857513], [131.149655, 44.3861421], [131.149564, 44.3862602], [131.1494795, 44.3863802], [131.1493228, 44.3866204], [131.1492244, 44.3867882], [131.1491209, 44.386987], [131.1490269, 44.3871788], [131.1489261, 44.3874224], [131.1488351, 44.3876798], [131.1478526, 44.3912393], [131.1478028, 44.3914663], [131.1477694, 44.391788]]}}, {"type": "Feature", "properties": {"name": null, "name:en": null, "railway": "rail", "ele": null, "operator:type": null, "layer": null, "addr:full": null, "addr:city": null, "source": null, "name:zh": null, "osm_id": 1092822034, "osm_type": "ways_line"}, "geometry": {"type": "LineString", "coordinates": [[131.1479295, 44.3932718], [131.1479711, 44.3929134], [131.1480157, 44.3926397], [131.1480636, 44.3924412], [131.1493418, 44.3878658], [131.1494096, 44.3876663], [131.1495469, 44.3873321], [131.149647, 44.3871378], [131.1497314, 44.3869894], [131.1499255, 44.3866819], [131.150189, 44.3863462], [131.1505311, 44.3859736], [131.150721, 44.3857892], [131.1508963, 44.3856398], [131.1517091, 44.3850308]]}}, {"type": "Feature", "properties": {"name": null, "name:en": null, "railway": "rail", "ele": null, "operator:type": null, "layer": null, "addr:full": null, "addr:city": null, "source": null, "name:zh": null, "osm_id": 1092822037, "osm_type": "ways_line"}, "geometry": {"type": "LineString", "coordinates": [[131.1475073, 44.3926071], [131.1474319, 44.3923377], [131.1473842, 44.3921366], [131.14736, 44.3919415], [131.147355, 44.3917697], [131.1473589, 44.3916686], [131.1473846, 44.3915255], [131.1485301, 44.3873743], [131.1486231, 44.387091], [131.1486984, 44.3869045], [131.1488667, 44.3865532], [131.148955, 44.3863931], [131.1490661, 44.3862088], [131.1491645, 44.386069], [131.1492925, 44.3858987], [131.149667, 44.3854249], [131.1499116, 44.3851686], [131.1500696, 44.3850373], [131.1502624, 44.3849024], [131.1504769, 44.3847837], [131.1506429, 44.384712], [131.1508075, 44.3846541], [131.1509675, 44.3846078], [131.1511343, 44.3845673], [131.1514232, 44.3845053]]}}, {"type": "Feature", "properties": {"name": null, "name:en": null, "railway": "rail", "ele": null, "operator:type": null, "layer": null, "addr:full": null, "addr:city": null, "source": null, "name:zh": null, "osm_id": 1092822038, "osm_type": "ways_line"}, "geometry": {"type": "LineString", "coordinates": [[131.1518496, 44.3852493], [131.1514336, 44.3854593], [131.151171, 44.3856009], [131.1509932, 44.38572], [131.1508268, 44.3858561], [131.1506681, 44.3860055], [131.1505083, 44.3861691], [131.1503337, 44.386362], [131.1501837, 44.3865407], [131.1500506, 44.3867095], [131.1498965, 44.3869412], [131.149781, 44.3871393], [131.1496662, 44.3873627], [131.149576, 44.3875745], [131.1494936, 44.3878038], [131.1494225, 44.3880305], [131.1482, 44.3924838], [131.1481461, 44.3927098], [131.1481008, 44.3929364], [131.1480258, 44.3935432]]}}, {"type": "Feature", "properties": {"name": null, "name:en": null, "railway": "rail", "ele": null, "operator:type": null, "layer": null, "addr:full": null, "addr:city": null, "source": null, "name:zh": null, "osm_id": 1092822044, "osm_type": "ways_line"}, "geometry": {"type": "LineString", "coordinates": [[131.1476408, 44.3899881], [131.1476937, 44.3896834], [131.1477067, 44.3895293], [131.1477072, 44.3893833], [131.147697, 44.3891236], [131.1477209, 44.3889301], [131.1477717, 44.3887205], [131.1479382, 44.3881152]]}}, {"type": "Feature", "properties": {"name": null, "name:en": null, "railway": "rail", "ele": null, "operator:type": null, "layer": null, "addr:full": null, "addr:city": null, "source": null, "name:zh": null, "osm_id": 1092822045, "osm_type": "ways_line"}, "geometry": {"type": "LineString", "coordinates": [[131.1474631, 44.3960555], [131.1475758, 44.3956717], [131.1476631, 44.395344], [131.1477207, 44.3950571], [131.1477792, 44.3946015], [131.1477979, 44.3943535], [131.1477886, 44.3940332], [131.1477676, 44.3938286], [131.1477069, 44.3935689], [131.1475451, 44.3929976], [131.1474704, 44.3927336], [131.1474253, 44.3925871], [131.1473712, 44.3924476], [131.1472932, 44.3922723], [131.1472554, 44.392163], [131.1472249, 44.3920316], [131.1472079, 44.3918821], [131.1472027, 44.3916679], [131.1472181, 44.3915539], [131.1472527, 44.3914221], [131.1475468, 44.3903354], [131.1476408, 44.3899881]]}}, {"type": "Feature", "properties": {"name": null, "name:en": null, "railway": "rail", "ele": null, "operator:type": null, "layer": null, "addr:full": null, "addr:city": null, "source": null, "name:zh": null, "osm_id": 1092822046, "osm_type": "ways_line"}, "geometry": {"type": "LineString", "coordinates": [[131.1477206, 44.3861844], [131.1477559, 44.3860494], [131.1478023, 44.3858925], [131.1478547, 44.3857594], [131.1479108, 44.3856368], [131.1479925, 44.3854882], [131.1498688, 44.3826649]]}}, {"type": "Feature", "properties": {"name": null, "name:en": null, "railway": "rail", "ele": null, "operator:type": null, "layer": null, "addr:full": null, "addr:city": null, "source": null, "name:zh": null, "osm_id": 1092822049, "osm_type": "ways_line"}, "geometry": {"type": "LineString", "coordinates": [[131.1475199, 44.3874495], [131.1478366, 44.3862243], [131.1478883, 44.3860551], [131.1479377, 44.3859265], [131.1479906, 44.3858017], [131.148057, 44.3856687], [131.148135, 44.3855247], [131.148237, 44.3853628], [131.1504164, 44.3820499], [131.1505204, 44.381874], [131.1505874, 44.3817501], [131.1506291, 44.3816506], [131.1506677, 44.3815415], [131.1506975, 44.3814176], [131.1507369, 44.3810908], [131.1508482, 44.3790984], [131.1509277, 44.3776746]]}}, {"type": "Feature", "properties": {"name": null, "name:en": null, "railway": "rail", "ele": null, "operator:type": null, "layer": null, "addr:full": null, "addr:city": null, "source": null, "name:zh": null, "osm_id": 1092822051, "osm_type": "ways_line"}, "geometry": {"type": "LineString", "coordinates": [[131.1475923, 44.3899859], [131.1476215, 44.3897661], [131.1476365, 44.3895102], [131.1476283, 44.3893026], [131.1476047, 44.3891141], [131.1475964, 44.3889953], [131.1475973, 44.3888728], [131.1476091, 44.3887655], [131.1476289, 44.38865], [131.1476769, 44.3884334], [131.1477604, 44.3880881]]}}, {"type": "Feature", "properties": {"name": null, "name:en": null, "railway": "rail", "ele": null, "operator:type": null, "layer": null, "addr:full": null, "addr:city": null, "source": null, "name:zh": null, "osm_id": 1092822064, "osm_type": "ways_line"}, "geometry": {"type": "LineString", "coordinates": [[131.1475923, 44.3899859], [131.147575, 44.3894823], [131.1475588, 44.389261], [131.1474857, 44.3888316], [131.1474641, 44.3886343], [131.1474516, 44.38846], [131.1474471, 44.3883056], [131.1474535, 44.388086], [131.147476, 44.3878536], [131.1475199, 44.3874495], [131.1475627, 44.387052], [131.1476111, 44.3866029], [131.1477206, 44.3861844]]}}, {"type": "Feature", "properties": {"name": null, "name:en": null, "railway": "rail", "ele": null, "operator:type": null, "layer": null, "addr:full": null, "addr:city": null, "source": null, "name:zh": null, "osm_id": 1092822066, "osm_type": "ways_line"}, "geometry": {"type": "LineString", "coordinates": [[131.1512311, 44.3862265], [131.151051, 44.3864084], [131.1509172, 44.386561], [131.1507788, 44.386738], [131.1505521, 44.3870591], [131.1503495, 44.3873832], [131.1502523, 44.3875544], [131.1501692, 44.387716], [131.1500114, 44.3880563], [131.1499376, 44.3882551], [131.1498754, 44.3884535], [131.1488077, 44.3923351]]}}, {"type": "Feature", "properties": {"name": null, "name:en": null, "railway": "rail", "ele": null, "operator:type": null, "layer": null, "addr:full": null, "addr:city": null, "source": null, "name:zh": null, "osm_id": 1092822071, "osm_type": "ways_line"}, "geometry": {"type": "LineString", "coordinates": [[131.1522215, 44.3853164], [131.1518511, 44.3855575], [131.1516536, 44.3856903], [131.1514978, 44.3858088], [131.1513201, 44.3859606], [131.1511836, 44.3860843], [131.1508877, 44.3863784], [131.1506524, 44.3866533], [131.1505212, 44.3868177], [131.1504198, 44.3869571], [131.1503253, 44.3870998], [131.1502202, 44.3872709], [131.1500984, 44.3874882], [131.1500054, 44.3876868], [131.1499084, 44.3879225], [131.1498234, 44.3881516], [131.1497581, 44.3883641], [131.1488969, 44.391476], [131.1488629, 44.3916214], [131.148825, 44.3918216], [131.1487464, 44.3923267]]}}, {"type": "Feature", "properties": {"name": null, "name:en": null, "railway": "rail", "ele": null, "operator:type": null, "layer": null, "addr:full": null, "addr:city": null, "source": "bing", "name:zh": null, "osm_id": 145784230, "osm_type": "ways_line"}, "geometry": {"type": "LineString", "coordinates": [[131.2199987, 44.3735891], [131.2201733, 44.3732015], [131.2202652, 44.372781], [131.2201825, 44.3722487], [131.2199527, 44.3717297], [131.2196769, 44.3714077], [131.2193828, 44.3711251], [131.2190702, 44.3709017], [131.2186106, 44.370652], [131.2180959, 44.3704746], [131.2174892, 44.3703761], [131.2169376, 44.3703629], [131.2162115, 44.3704878], [131.2155128, 44.3706652], [131.2149337, 44.3709017], [131.2144833, 44.3712171], [131.2141892, 44.3715522], [131.2139318, 44.3719333], [131.2136652, 44.3725641], [131.2133251, 44.3731818], [131.2129666, 44.3736746], [131.2126173, 44.3739834], [131.2121485, 44.3743316], [131.2116521, 44.3746141], [131.211119, 44.3748572], [131.2101214, 44.3752698], [131.2092713, 44.3756128], [131.208729, 44.3759216], [131.208297, 44.3763159], [131.2078833, 44.3767429], [131.20758, 44.3772948], [131.2072123, 44.3781489], [131.2067297, 44.3796829], [131.2065459, 44.3800441], [131.2062519, 44.3803791], [131.2058659, 44.3806878], [131.2054524, 44.3809308], [131.2048918, 44.3811475], [131.204322, 44.3812723], [131.203789, 44.3812986], [131.2032652, 44.3812592], [131.2028425, 44.3811804], [131.2024382, 44.3810622]]}}, {"type": "Feature", "properties": {"name": null, "name:en": null, "railway": "rail", "ele": null, "operator:type": null, "layer": null, "addr:full": null, "addr:city": null, "source": null, "name:zh": null, "osm_id": 1249120044, "osm_type": "ways_line"}, "geometry": {"type": "LineString", "coordinates": [[131.15346, 44.3842017], [131.1524175, 44.3848401]]}}, {"type": "Feature", "properties": {"name": null, "name:en": null, "railway": "rail", "ele": null, "operator:type": null, "layer": null, "addr:full": null, "addr:city": null, "source": null, "name:zh": null, "osm_id": 1249120045, "osm_type": "ways_line"}, "geometry": {"type": "LineString", "coordinates": [[131.1528576, 44.3848111], [131.153025, 44.3846975], [131.1532547, 44.3845454]]}}, {"type": "Feature", "properties": {"name": null, "name:en": null, "railway": "rail", "ele": null, "operator:type": null, "layer": null, "addr:full": null, "addr:city": null, "source": null, "name:zh": null, "osm_id": 1249120046, "osm_type": "ways_line"}, "geometry": {"type": "LineString", "coordinates": [[131.1473848, 44.3968282], [131.1474261, 44.3964714]]}}, {"type": "Feature", "properties": {"name": null, "name:en": null, "railway": "rail", "ele": null, "operator:type": null, "layer": null, "addr:full": null, "addr:city": null, "source": null, "name:zh": null, "osm_id": 1249120047, "osm_type": "ways_line"}, "geometry": {"type": "LineString", "coordinates": [[131.1485546, 44.3932469], [131.148524, 44.3935491], [131.1484984, 44.3936949], [131.1484494, 44.3938865], [131.1484031, 44.3940509]]}}, {"type": "Feature", "properties": {"name": null, "name:en": null, "railway": "rail", "ele": null, "operator:type": null, "layer": null, "addr:full": null, "addr:city": null, "source": null, "name:zh": null, "osm_id": 1249120048, "osm_type": "ways_line"}, "geometry": {"type": "LineString", "coordinates": [[131.1486017, 44.3928508], [131.1487051, 44.3925921], [131.1488077, 44.3923351]]}}, {"type": "Feature", "properties": {"name": null, "name:en": null, "railway": "rail", "ele": null, "operator:type": null, "layer": null, "addr:full": null, "addr:city": null, "source": null, "name:zh": null, "osm_id": 1249120049, "osm_type": "ways_line"}, "geometry": {"type": "LineString", "coordinates": [[131.1487464, 44.3923267], [131.1487051, 44.3925921], [131.1486634, 44.3928598]]}}, {"type": "Feature", "properties": {"name": null, "name:en": null, "railway": "rail", "ele": null, "operator:type": null, "layer": null, "addr:full": null, "addr:city": null, "source": null, "name:zh": null, "osm_id": 1249120051, "osm_type": "ways_line"}, "geometry": {"type": "LineString", "coordinates": [[131.1488077, 44.3923351], [131.1486634, 44.3928598]]}}, {"type": "Feature", "properties": {"name": null, "name:en": null, "railway": "rail", "ele": null, "operator:type": null, "layer": null, "addr:full": null, "addr:city": null, "source": null, "name:zh": null, "osm_id": 1249120054, "osm_type": "ways_line"}, "geometry": {"type": "LineString", "coordinates": [[131.1480258, 44.3935432], [131.1480391, 44.3939816], [131.1479896, 44.3944092], [131.1479444, 44.3947992]]}}, {"type": "Feature", "properties": {"name": null, "name:en": null, "railway": "rail", "ele": null, "operator:type": null, "layer": null, "addr:full": null, "addr:city": null, "source": null, "name:zh": null, "osm_id": 1249120057, "osm_type": "ways_line"}, "geometry": {"type": "LineString", "coordinates": [[131.1478769, 44.3913937], [131.1477694, 44.391788], [131.1477504, 44.3919677], [131.1477402, 44.3921138], [131.1477131, 44.3928016]]}}, {"type": "Feature", "properties": {"name": null, "name:en": null, "railway": "rail", "ele": null, "operator:type": null, "layer": null, "addr:full": null, "addr:city": null, "source": null, "name:zh": null, "osm_id": 1249120058, "osm_type": "ways_line"}, "geometry": {"type": "LineString", "coordinates": [[131.1477628, 44.3952389], [131.1478198, 44.3947808], [131.1478539, 44.3944966], [131.1478713, 44.394313], [131.1478688, 44.3941297], [131.1478483, 44.393921], [131.1478308, 44.393779], [131.1477819, 44.3933768], [131.1477131, 44.3928016], [131.1476713, 44.3924594]]}}, {"type": "Feature", "properties": {"name": null, "name:en": null, "railway": "rail", "ele": null, "operator:type": null, "layer": null, "addr:full": null, "addr:city": null, "source": null, "name:zh": null, "osm_id": 1249120059, "osm_type": "ways_line"}, "geometry": {"type": "LineString", "coordinates": [[131.1475391, 44.392477], [131.1476639, 44.3929422], [131.1477819, 44.3933768]]}}, {"type": "Feature", "properties": {"name": null, "name:en": null, "railway": "rail", "ele": null, "operator:type": null, "layer": null, "addr:full": null, "addr:city": null, "source": null, "name:zh": null, "osm_id": 1249120060, "osm_type": "ways_line"}, "geometry": {"type": "LineString", "coordinates": [[131.1478308, 44.393779], [131.1477211, 44.393385], [131.1475073, 44.3926071]]}}, {"type": "Feature", "properties": {"name": null, "name:en": null, "railway": "rail", "ele": null, "operator:type": null, "layer": null, "addr:full": null, "addr:city": null, "source": null, "name:zh": null, "osm_id": 1249120061, "osm_type": "ways_line"}, "geometry": {"type": "LineString", "coordinates": [[131.1476408, 44.3899881], [131.1477571, 44.3895578], [131.1477809, 44.3894267], [131.1477967, 44.3892786], [131.1478188, 44.3889771], [131.1478391, 44.3888626], [131.1478912, 44.3886528], [131.1480343, 44.3881255]]}}, {"type": "Feature", "properties": {"name": null, "name:en": null, "railway": "rail", "ele": null, "operator:type": null, "layer": null, "addr:full": null, "addr:city": null, "source": null, "name:zh": null, "osm_id": 1249120062, "osm_type": "ways_line"}, "geometry": {"type": "LineString", "coordinates": [[131.1475468, 44.3903354], [131.1475923, 44.3899859]]}}, {"type": "Feature", "properties": {"name": null, "name:en": null, "railway": "rail", "ele": null, "operator:type": null, "layer": null, "addr:full": null, "addr:city": null, "source": null, "name:zh": null, "osm_id": 1249120063, "osm_type": "ways_line"}, "geometry": {"type": "LineString", "coordinates": [[131.1477211, 44.393385], [131.1475451, 44.3929976]]}}, {"type": "Feature", "properties": {"name": null, "name:en": null, "railway": "rail", "ele": null, "operator:type": null, "layer": null, "addr:full": null, "addr:city": null, "source": null, "name:zh": null, "osm_id": 1249120069, "osm_type": "ways_line"}, "geometry": {"type": "LineString", "coordinates": [[131.1528205, 44.3843047], [131.1523374, 44.3844012], [131.1517647, 44.3845163], [131.1513482, 44.3846301]]}}, {"type": "Feature", "properties": {"name": null, "name:en": null, "railway": "rail", "ele": null, "operator:type": null, "layer": null, "addr:full": null, "addr:city": null, "source": null, "name:zh": null, "osm_id": 1249120072, "osm_type": "ways_line"}, "geometry": {"type": "LineString", "coordinates": [[131.1520594, 44.3848133], [131.151711, 44.38498], [131.1514543, 44.3851118], [131.1511961, 44.3852574], [131.1510106, 44.3853797], [131.1508329, 44.385512], [131.1506791, 44.3856457], [131.1505374, 44.3857859], [131.1500564, 44.3863131], [131.1499107, 44.3865012], [131.1497654, 44.3866986], [131.1496304, 44.386906], [131.1495108, 44.3871205], [131.1494049, 44.3873264], [131.1493186, 44.3875333], [131.149234, 44.3877626], [131.1491676, 44.3879716], [131.1478931, 44.3926028], [131.1478677, 44.3927255], [131.1478565, 44.3928477], [131.1478576, 44.3929915], [131.1478804, 44.3934225]]}}, {"type": "Feature", "properties": {"name": null, "name:en": null, "railway": "rail", "ele": null, "operator:type": null, "layer": null, "addr:full": null, "addr:city": null, "source": null, "name:zh": null, "osm_id": 1249120073, "osm_type": "ways_line"}, "geometry": {"type": "LineString", "coordinates": [[131.1523957, 44.3846438], [131.1519006, 44.384832]]}}, {"type": "Feature", "properties": {"name": null, "name:en": null, "railway": "rail", "ele": null, "operator:type": null, "layer": null, "addr:full": null, "addr:city": null, "source": null, "name:zh": null, "osm_id": 1249120074, "osm_type": "ways_line"}, "geometry": {"type": "LineString", "coordinates": [[131.1524028, 44.3849696], [131.1518496, 44.3852493]]}}, {"type": "Feature", "properties": {"name": null, "name:en": null, "railway": "rail", "ele": null, "operator:type": null, "layer": null, "addr:full": null, "addr:city": null, "source": null, "name:zh": null, "osm_id": 1249120075, "osm_type": "ways_line"}, "geometry": {"type": "LineString", "coordinates": [[131.1532312, 44.3844527], [131.1530496, 44.3845655], [131.152924, 44.3846452], [131.1526011, 44.3848473], [131.1524028, 44.3849696], [131.1519208, 44.3852691]]}}, {"type": "Feature", "properties": {"name": null, "name:en": null, "railway": "rail", "ele": null, "operator:type": null, "layer": null, "addr:full": null, "addr:city": null, "source": null, "name:zh": null, "osm_id": 1249120076, "osm_type": "ways_line"}, "geometry": {"type": "LineString", "coordinates": [[131.1524637, 44.3850349], [131.1520546, 44.3852937]]}}, {"type": "Feature", "properties": {"name": null, "name:en": null, "railway": "rail", "ele": null, "operator:type": null, "layer": null, "addr:full": null, "addr:city": null, "source": null, "name:zh": null, "osm_id": 1249120079, "osm_type": "ways_line"}, "geometry": {"type": "LineString", "coordinates": [[131.151848, 44.3856123], [131.1512311, 44.3862265]]}}, {"type": "Feature", "properties": {"name": null, "name:en": null, "railway": "rail", "ele": null, "operator:type": null, "layer": null, "addr:full": null, "addr:city": null, "source": null, "name:zh": null, "osm_id": 1249120080, "osm_type": "ways_line"}, "geometry": {"type": "LineString", "coordinates": [[131.1517091, 44.3850308], [131.1520594, 44.3848133], [131.1523957, 44.3846438], [131.1528261, 44.3844306], [131.1536608, 44.3840206], [131.1541177, 44.383795]]}}, {"type": "Feature", "properties": {"name": null, "name:en": null, "railway": "rail", "ele": null, "operator:type": null, "layer": null, "addr:full": null, "addr:city": null, "source": null, "name:zh": null, "osm_id": 1092822076, "osm_type": "ways_line"}, "geometry": {"type": "LineString", "coordinates": [[131.115617, 44.4038084], [131.1215657, 44.404026], [131.1215895, 44.4040261], [131.1217342, 44.404027], [131.1220086, 44.4040186], [131.1222515, 44.4040023], [131.1226209, 44.4039652], [131.1231246, 44.4039147]]}}, {"type": "Feature", "properties": {"name": "Grodekovo\u2013Vladivostok (Russian section)", "railway": "rail"}, "geometry": {"type": "LineString", "coordinates": [[131.202, 44.381], [131.27, 44.393], [131.38, 44.42], [131.42, 44.2], [131.42, 43.9], [131.43, 43.73], [131.42, 43.53], [131.5, 43.48], [131.78, 43.48], [131.97, 43.37], [131.99, 43.25], [131.9, 43.2], [131.88, 43.115]]}}]}